age,income,num_purchases,total_spent,avg_rating,discount_used,tenure_days,days_since_last_purchase,signup_month,signup_weekday,signup_is_weekend,review_length,review_word_count,has_review,age_na,income_na,avg_rating_na,total_spent_plus_purchases,gender_Male,gender_Female,gender_Missing,city_Yazd,city_Shiraz,city_Isfahan,city_Qom,city_Ahvaz,city_Rasht,city_Tehran,city_Rare,city_Mashhad,city_Tabriz,city_Kerman,membership_type_Silver,membership_type_Gold,membership_type_Bronze,referral_source_Friend Referral,referral_source_Instagram,referral_source_Direct,referral_source_Email Campaign,referral_source_Telegram,referral_source_Google Ads,spend_per_purchase
1.8189729134637131,0.5314637868365127,-1.103356786216421,-0.33117828758056517,0.07267132528150075,-0.7660136157433054,-0.07446091177005744,-0.6834590234394623,1.0742129638380655,-0.4982460200014673,-0.6271552100354432,0.44410051940577494,0.24245617888536294,0.31965825609369647,-0.21654569785255828,-0.1764916480346692,-0.282603993023614,-1.0291651589337465,1.0447503376280172,-0.9511897312113419,-0.1420960445125053,4.3118252207961625,-0.30560444605526793,-0.34099716973523675,-0.24173208127588555,-0.2581988897471611,-0.20301416340319547,-0.5869734364739604,-0.32946173471593376,-0.3156839517433792,-0.26726124191242434,-0.20577968041807276,1.508791076307582,-0.49837186151879204,-0.8182696483380675,2.430324015464581,-0.5210788604500733,-0.37976217386784894,-0.42008402520840293,-0.4097355387061661,-0.46885190548373656,0.7946920572448152
0.7274317315611725,0.014875406116053029,0.8907866366284438,-1.3519768104705145,-0.8786623874945072,-0.7660136157433054,-0.3759342156337231,-0.5630976104615405,-0.6687353943893308,1.513599108080167,1.5945016225624369,0.539222451273143,0.706117397470918,0.31965825609369647,-0.21654569785255828,5.665990493802656,-0.282603993023614,0.415044491780008,-0.9571664769885428,1.0513149660756937,-0.1420960445125053,-0.23192034667290004,3.272203702884454,-0.34099716973523675,-0.24173208127588555,-0.2581988897471611,-0.20301416340319547,-0.5869734364739604,-0.32946173471593376,-0.3156839517433792,-0.26726124191242434,-0.20577968041807276,1.508791076307582,-0.49837186151879204,-0.8182696483380675,-0.4114677687570971,1.919095315316124,-0.37976217386784894,-0.42008402520840293,-0.4097355387061661,-0.46885190548373656,-1.0182440753843458
0.4755376126605861,0.1956570710989145,-0.4386423119347994,0.9012657410283345,-0.40299553110650327,-0.7660136157433054,-0.9210400150616301,-1.0037427833976613,-1.2497181804651296,-0.4982460200014673,-0.6271552100354432,0.44410051940577494,0.24245617888536294,0.31965825609369647,-0.21654569785255828,-0.1764916480346692,-0.282603993023614,-0.1438950592736322,1.0447503376280172,-0.9511897312113419,-0.1420960445125053,-0.23192034667290004,3.272203702884454,-0.34099716973523675,-0.24173208127588555,-0.2581988897471611,-0.20301416340319547,-0.5869734364739604,-0.32946173471593376,-0.3156839517433792,-0.26726124191242434,-0.20577968041807276,-0.6627822868937354,2.0065338298845607,-0.8182696483380675,-0.4114677687570971,-0.5210788604500733,2.633226974174589,-0.42008402520840293,-0.4097355387061661,-0.46885190548373656,0.3939350082749471
0.8113964378613678,1.182927891851304,-0.1062850747939886,-2.1066542898947724,0.5483381816695062,1.3054598240132387,0.7230411420553371,1.4402059072387865,0.20273878472436738,-0.4982460200014673,-0.6271552100354432,0.44410051940577494,0.24245617888536294,0.31965825609369647,-0.21654569785255828,-0.1764916480346692,-0.282603993023614,-0.6319279403600273,-0.9571664769885428,1.0513149660756937,-0.1420960445125053,-0.23192034667290004,3.272203702884454,-0.34099716973523675,-0.24173208127588555,-0.2581988897471611,-0.20301416340319547,-0.5869734364739604,-0.32946173471593376,-0.3156839517433792,-0.26726124191242434,-0.20577968041807276,1.508791076307582,-0.49837186151879204,-0.8182696483380675,-0.4114677687570971,-0.5210788604500733,-0.37976217386784894,2.3804761428476167,-0.4097355387061661,-0.46885190548373656,-0.8380245566255248
0.4755376126605861,-0.4539906152018868,-1.4357140233572319,-0.5991508754991536,0.3897825628735039,-0.7660136157433054,-0.38645072623361837,-0.3080946168642483,-0.6687353943893308,1.0106378260597584,1.5945016225624369,0.2538566556710388,0.706117397470918,0.31965825609369647,-0.21654569785255828,-0.1764916480346692,-0.282603993023614,-1.3823708847878935,-0.9571664769885428,1.0513149660756937,-0.1420960445125053,-0.23192034667290004,-0.30560444605526793,2.932575659723036,-0.24173208127588555,-0.2581988897471611,-0.20301416340319547,-0.5869734364739604,-0.32946173471593376,-0.3156839517433792,-0.26726124191242434,-0.20577968041807276,-0.6627822868937354,-0.49837186151879204,1.2220910332321786,2.430324015464581,-0.5210788604500733,-0.37976217386784894,-0.42008402520840293,-0.4097355387061661,-0.46885190548373656,1.3580479294972285
0.39157290636039066,1.4963447136239811,2.5525728223324977,1.5327929140256864,0.07267132528150075,-0.7660136157433054,1.5994170253799465,2.274575702289126,-0.9592267874272302,1.513599108080167,1.5945016225624369,-0.031509139931065404,-0.22120503970019206,0.31965825609369647,-0.21654569785255828,-0.1764916480346692,3.53852041969004,2.577800176177644,1.0447503376280172,-0.9511897312113419,-0.1420960445125053,-0.23192034667290004,-0.30560444605526793,-0.34099716973523675,4.1368112776835515,-0.2581988897471611,-0.20301416340319547,-0.5869734364739604,-0.32946173471593376,-0.3156839517433792,-0.26726124191242434,-0.20577968041807276,-0.6627822868937354,2.0065338298845607,-0.8182696483380675,-0.4114677687570971,-0.5210788604500733,-0.37976217386784894,-0.42008402520840293,2.4405986435975984,-0.46885190548373656,-0.920008289509623
-0.6999682755421501,-0.28577596257889987,-0.1062850747939886,1.0395828150129542,0.3897825628735039,1.3054598240132387,-1.5502778992886996,-1.1934650106340465,-1.2497181804651296,0.5076765440393498,-0.6271552100354432,0.15873472380367074,0.24245617888536294,0.31965825609369647,-0.21654569785255828,-0.1764916480346692,-0.282603993023614,0.17601555083202103,-0.9571664769885428,1.0513149660756937,-0.1420960445125053,-0.23192034667290004,-0.30560444605526793,-0.34099716973523675,-0.24173208127588555,3.8729833462074166,-0.20301416340319547,-0.5869734364739604,-0.32946173471593376,-0.3156839517433792,-0.26726124191242434,-0.20577968041807276,-0.6627822868937354,-0.49837186151879204,1.2220910332321786,-0.4114677687570971,-0.5210788604500733,-0.37976217386784894,2.3804761428476167,-0.4097355387061661,-0.46885190548373656,0.1227581288780411
-0.7839329818423455,-0.839501514304177,-0.1062850747939886,0.1968740250206966,-0.40299553110650327,1.3054598240132387,0.7265466455886356,0.6568367109079051,0.20273878472436738,-1.5041685840422845,-0.6271552100354432,-0.031509139931065404,-0.22120503970019206,0.31965825609369647,-0.21654569785255828,-0.1764916480346692,-0.282603993023614,-0.04038933511332472,1.0447503376280172,-0.9511897312113419,-0.1420960445125053,-0.23192034667290004,-0.30560444605526793,2.932575659723036,-0.24173208127588555,-0.2581988897471611,-0.20301416340319547,-0.5869734364739604,-0.32946173471593376,-0.3156839517433792,-0.26726124191242434,-0.20577968041807276,-0.6627822868937354,-0.49837186151879204,1.2220910332321786,-0.4114677687570971,-0.5210788604500733,-0.37976217386784894,-0.42008402520840293,2.4405986435975984,-0.46885190548373656,-0.13458420971533955
-0.3641094503413683,0.46225965246295664,1.2231438737692546,0.3650742342724724,0.07267132528150075,-0.7660136157433054,0.9666736376195785,2.121573906130751,-0.9592267874272302,0.004715262018941286,-0.6271552100354432,0.539222451273143,0.706117397470918,0.31965825609369647,-0.21654569785255828,-0.1764916480346692,3.53852041969004,1.1403688687020086,-0.9571664769885428,-0.9511897312113419,7.037493572961446,-0.23192034667290004,-0.30560444605526793,-0.34099716973523675,-0.24173208127588555,-0.2581988897471611,4.925764701519638,-0.5869734364739604,-0.32946173471593376,-0.3156839517433792,-0.26726124191242434,-0.20577968041807276,-0.6627822868937354,-0.49837186151879204,1.2220910332321786,-0.4114677687570971,1.919095315316124,-0.37976217386784894,-0.42008402520840293,-0.4097355387061661,-0.46885190548373656,-0.7599429699695155
0.055714081159608894,1.7899473330309645,-0.4386423119347994,0.9864573939412217,-0.40299553110650327,-0.7660136157433054,1.515284940580784,0.10195019684019745,-0.6687353943893308,1.0106378260597584,1.5945016225624369,0.44410051940577494,0.24245617888536294,0.31965825609369647,-0.21654569785255828,-0.1764916480346692,-0.282603993023614,-0.12201811892241261,-0.9571664769885428,1.0513149660756937,-0.1420960445125053,-0.23192034667290004,-0.30560444605526793,-0.34099716973523675,-0.24173208127588555,-0.2581988897471611,-0.20301416340319547,1.7036546083024706,-0.32946173471593376,-0.3156839517433792,-0.26726124191242434,-0.20577968041807276,1.508791076307582,-0.49837186151879204,-0.8182696483380675,-0.4114677687570971,-0.5210788604500733,-0.37976217386784894,-0.42008402520840293,-0.4097355387061661,2.1328696509578076,0.4236669115300469
-0.2801447440411729,1.682515014233306,-0.1062850747939886,0.6988026420306924,0.5483381816695062,-0.7660136157433054,-1.1629197588592224,-0.19997334757899646,0.20273878472436738,-1.5041685840422845,-0.6271552100354432,0.539222451273143,0.706117397470918,0.31965825609369647,-0.21654569785255828,-0.1764916480346692,-0.282603993023614,0.08850430692137057,-0.9571664769885428,1.0513149660756937,-0.1420960445125053,-0.23192034667290004,-0.30560444605526793,-0.34099716973523675,4.1368112776835515,-0.2581988897471611,-0.20301416340319547,-0.5869734364739604,-0.32946173471593376,-0.3156839517433792,-0.26726124191242434,-0.20577968041807276,-0.6627822868937354,-0.49837186151879204,1.2220910332321786,2.430324015464581,-0.5210788604500733,-0.37976217386784894,-0.42008402520840293,-0.4097355387061661,-0.46885190548373656,0.018692326191542746
-1.1197918070431274,0.014875406116053029,0.22607216234682218,0.5260744313344884,0.23122694407750302,-0.7660136157433054,-1.5222338710223122,-0.8793013225221827,-1.540209573503029,-0.4982460200014673,-0.6271552100354432,0.15873472380367074,0.24245617888536294,0.31965825609369647,-0.21654569785255828,5.665990493802656,-0.282603993023614,0.32853949605768784,-0.9571664769885428,1.0513149660756937,-0.1420960445125053,-0.23192034667290004,-0.30560444605526793,2.932575659723036,-0.24173208127588555,-0.2581988897471611,-0.20301416340319547,-0.5869734364739604,-0.32946173471593376,-0.3156839517433792,-0.26726124191242434,-0.20577968041807276,1.508791076307582,-0.49837186151879204,-0.8182696483380675,-0.4114677687570971,-0.5210788604500733,-0.37976217386784894,2.3804761428476167,-0.4097355387061661,-0.46885190548373656,-0.26509171852204233
0.9793258504617588,-0.5603619128160737,-0.1062850747939886,-1.3575377059636289,1.182560656853511,1.3054598240132387,-1.7062728065204802,-1.0119028791927747,-0.37824400135143144,-0.4982460200014673,-0.6271552100354432,-0.031509139931065404,-0.22120503970019206,0.31965825609369647,-0.21654569785255828,-0.1764916480346692,-0.282603993023614,-0.43955722958712146,1.0447503376280172,-0.9511897312113419,-0.1420960445125053,-0.23192034667290004,-0.30560444605526793,-0.34099716973523675,-0.24173208127588555,-0.2581988897471611,-0.20301416340319547,-0.5869734364739604,3.0352538538723257,-0.3156839517433792,-0.26726124191242434,-0.20577968041807276,1.508791076307582,-0.49837186151879204,-0.8182696483380675,2.430324015464581,-0.5210788604500733,-0.37976217386784894,-0.42008402520840293,-0.4097355387061661,-0.46885190548373656,-0.6092629537120247
-0.112215331440782,-1.3803500671033668,2.5525728223324977,1.1175491715064647,1.499671894445514,1.3054598240132387,0.6967498655555988,1.389205308519328,0.4932301777622668,0.004715262018941286,-0.6271552100354432,-0.031509139931065404,-0.22120503970019206,0.31965825609369647,-0.21654569785255828,-0.1764916480346692,-0.282603993023614,2.4711669289556513,-0.9571664769885428,1.0513149660756937,-0.1420960445125053,-0.23192034667290004,-0.30560444605526793,-0.34099716973523675,-0.24173208127588555,-0.2581988897471611,-0.20301416340319547,-0.5869734364739604,-0.32946173471593376,3.1677251709421848,-0.26726124191242434,-0.20577968041807276,-0.6627822868937354,-0.49837186151879204,1.2220910332321786,-0.4114677687570971,1.919095315316124,-0.37976217386784894,-0.42008402520840293,-0.4097355387061661,-0.46885190548373656,-0.9834108533936107
-1.7075447511444954,0.46957705275493966,-0.1062850747939886,1.5327929140256864,-0.40299553110650327,1.3054598240132387,0.9316186022865941,1.5116067454460285,-0.9592267874272302,-0.4982460200014673,-0.6271552100354432,0.539222451273143,0.706117397470918,0.31965825609369647,-0.21654569785255828,-0.1764916480346692,-0.282603993023614,0.3026703057028273,-0.9571664769885428,1.0513149660756937,-0.1420960445125053,-0.23192034667290004,-0.30560444605526793,-0.34099716973523675,-0.24173208127588555,3.8729833462074166,-0.20301416340319547,-0.5869734364739604,-0.32946173471593376,-0.3156839517433792,-0.26726124191242434,-0.20577968041807276,-0.6627822868937354,2.0065338298845607,-0.8182696483380675,2.430324015464581,-0.5210788604500733,-0.37976217386784894,-0.42008402520840293,-0.4097355387061661,-0.46885190548373656,0.2733722458839589
-0.112215331440782,-0.15532479725720086,-0.7709995490756102,-1.2123022416076707,1.499671894445514,-0.7660136157433054,-1.4626403109562387,-1.001702759448883,1.6551957499138643,0.004715262018941286,-0.6271552100354432,0.44410051940577494,0.24245617888536294,0.31965825609369647,-0.21654569785255828,-0.1764916480346692,-0.282603993023614,-0.9710437006855339,1.0447503376280172,-0.9511897312113419,-0.1420960445125053,-0.23192034667290004,-0.30560444605526793,-0.34099716973523675,-0.24173208127588555,-0.2581988897471611,-0.20301416340319547,1.7036546083024706,-0.32946173471593376,-0.3156839517433792,-0.26726124191242434,-0.20577968041807276,1.508791076307582,-0.49837186151879204,-0.8182696483380675,-0.4114677687570971,-0.5210788604500733,-0.37976217386784894,2.3804761428476167,-0.4097355387061661,-0.46885190548373656,-0.04875259081556063
-1.2037565133433228,-0.7845907942291137,-0.7709995490756102,0.3078167655472102,-0.2444399123105017,-0.7660136157433054,1.1156575377847622,-0.43865614958606186,1.6551957499138643,-0.4982460200014673,-0.6271552100354432,0.2538566556710388,0.706117397470918,0.31965825609369647,-0.21654569785255828,-0.1764916480346692,-0.282603993023614,-0.5806820665441287,-0.9571664769885428,1.0513149660756937,-0.1420960445125053,-0.23192034667290004,-0.30560444605526793,-0.34099716973523675,-0.24173208127588555,-0.2581988897471611,-0.20301416340319547,-0.5869734364739604,-0.32946173471593376,3.1677251709421848,-0.26726124191242434,-0.20577968041807276,-0.6627822868937354,-0.49837186151879204,1.2220910332321786,-0.4114677687570971,-0.5210788604500733,-0.37976217386784894,2.3804761428476167,-0.4097355387061661,-0.46885190548373656,0.5701895394310045
0.7274317315611725,-0.186749609241528,0.22607216234682218,1.0949439451144047,0.23122694407750302,-0.7660136157433054,1.3452680192158097,0.8608391057857389,0.4932301777622668,0.5076765440393498,-0.6271552100354432,0.44410051940577494,0.24245617888536294,0.31965825609369647,-0.21654569785255828,-0.1764916480346692,-0.282603993023614,0.4746233434190739,1.0447503376280172,-0.9511897312113419,-0.1420960445125053,-0.23192034667290004,-0.30560444605526793,-0.34099716973523675,-0.24173208127588555,-0.2581988897471611,-0.20301416340319547,-0.5869734364739604,-0.32946173471593376,-0.3156839517433792,3.741657386773941,-0.20577968041807276,-0.6627822868937354,-0.49837186151879204,1.2220910332321786,-0.4114677687570971,-0.5210788604500733,-0.37976217386784894,-0.42008402520840293,-0.4097355387061661,2.1328696509578076,-0.11067516427682801
-1.4556506322439091,-0.35321987116786496,-1.7680712604980426,-0.39905857862825544,-2.7813298130465247,-0.7660136157433054,0.3321774980925613,-0.49169677225429864,-0.9592267874272302,-1.001207302021876,-0.6271552100354432,0.44410051940577494,0.24245617888536294,0.31965825609369647,-0.21654569785255828,-0.1764916480346692,-0.282603993023614,-1.6153790652849775,1.0447503376280172,-0.9511897312113419,-0.1420960445125053,-0.23192034667290004,-0.30560444605526793,-0.34099716973523675,-0.24173208127588555,-0.2581988897471611,-0.20301416340319547,-0.5869734364739604,-0.32946173471593376,-0.3156839517433792,-0.26726124191242434,4.859566299103718,-0.6627822868937354,2.0065338298845607,-0.8182696483380675,-0.4114677687570971,-0.5210788604500733,-0.37976217386784894,-0.42008402520840293,2.4405986435975984,-0.46885190548373656,2.6781354311976773
-0.5320388629417592,-0.9187399392734643,0.5584293994876329,-1.4026544577235696,1.02400503805751,1.3054598240132387,0.27784219332643556,0.5568755374177666,-0.6687353943893308,0.5076765440393498,-0.6271552100354432,0.2538566556710388,0.24245617888536294,0.31965825609369647,-0.21654569785255828,-0.1764916480346692,-0.282603993023614,0.11763940240866952,-0.9571664769885428,1.0513149660756937,-0.1420960445125053,-0.23192034667290004,-0.30560444605526793,-0.34099716973523675,-0.24173208127588555,-0.2581988897471611,-0.20301416340319547,1.7036546083024706,-0.32946173471593376,-0.3156839517433792,-0.26726124191242434,-0.20577968041807276,1.508791076307582,-0.49837186151879204,-0.8182696483380675,-0.4114677687570971,-0.5210788604500733,2.633226974174589,-0.42008402520840293,-0.4097355387061661,-0.46885190548373656,-0.9211101564806591
-0.867897688142541,-0.30436129727972383,-2.100428497638853,-1.8024316694523177,0.07267132528150075,1.3054598240132387,-1.3942829920569193,-0.8201406280076109,1.364704356875965,1.513599108080167,1.5945016225624369,0.539222451273143,0.706117397470918,0.31965825609369647,-0.21654569785255828,-0.1764916480346692,3.53852041969004,-2.2601519603101083,-0.9571664769885428,-0.9511897312113419,7.037493572961446,-0.23192034667290004,-0.30560444605526793,-0.34099716973523675,-0.24173208127588555,-0.2581988897471611,-0.20301416340319547,1.7036546083024706,-0.32946173471593376,-0.3156839517433792,-0.26726124191242434,-0.20577968041807276,1.508791076307582,-0.49837186151879204,-0.8182696483380675,2.430324015464581,-0.5210788604500733,-0.37976217386784894,-0.42008402520840293,-0.4097355387061661,-0.46885190548373656,3.3596763839118413
1.0632905567619542,0.016159502688117767,-1.103356786216421,-0.7756552802498282,0.07267132528150075,1.3054598240132387,-0.575747917031734,0.12235043632798082,0.4932301777622668,-1.001207302021876,-0.6271552100354432,0.44410051940577494,0.24245617888536294,0.31965825609369647,-0.21654569785255828,-0.1764916480346692,-0.282603993023614,-1.143305410045647,-0.9571664769885428,-0.9511897312113419,7.037493572961446,-0.23192034667290004,-0.30560444605526793,2.932575659723036,-0.24173208127588555,-0.2581988897471611,-0.20301416340319547,-0.5869734364739604,-0.32946173471593376,-0.3156839517433792,-0.26726124191242434,-0.20577968041807276,-0.6627822868937354,2.0065338298845607,-0.8182696483380675,-0.4114677687570971,-0.5210788604500733,2.633226974174589,-0.42008402520840293,-0.4097355387061661,-0.46885190548373656,0.5775204789196157
-0.2801447440411729,-1.7316348780729658,1.2231438737692546,1.0773475717581031,0.07267132528150075,-0.7660136157433054,1.266394189716595,1.6992889487336353,0.7837215708001662,-1.5041685840422845,-0.6271552100354432,0.539222451273143,0.706117397470918,0.31965825609369647,-0.21654569785255828,-0.1764916480346692,-0.282603993023614,1.3232783532012804,1.0447503376280172,-0.9511897312113419,-0.1420960445125053,-0.23192034667290004,-0.30560444605526793,-0.34099716973523675,-0.24173208127588555,-0.2581988897471611,-0.20301416340319547,1.7036546083024706,-0.32946173471593376,-0.3156839517433792,-0.26726124191242434,-0.20577968041807276,-0.6627822868937354,2.0065338298845607,-0.8182696483380675,-0.4114677687570971,-0.5210788604500733,-0.37976217386784894,-0.42008402520840293,-0.4097355387061661,2.1328696509578076,-0.6149359097504897
2.154831738664495,0.4423927052531135,0.5584293994876329,-0.953034482356137,1.182560656853511,-0.7660136157433054,-1.0104303551607403,-0.9303019212416411,-0.6687353943893308,0.5076765440393498,-0.6271552100354432,0.44410051940577494,0.24245617888536294,0.31965825609369647,-0.21654569785255828,-0.1764916480346692,-0.282603993023614,0.23310035480840935,-0.9571664769885428,1.0513149660756937,-0.1420960445125053,-0.23192034667290004,-0.30560444605526793,-0.34099716973523675,-0.24173208127588555,-0.2581988897471611,-0.20301416340319547,-0.5869734364739604,-0.32946173471593376,-0.3156839517433792,-0.26726124191242434,-0.20577968041807276,-0.6627822868937354,-0.49837186151879204,1.2220910332321786,-0.4114677687570971,-0.5210788604500733,-0.37976217386784894,-0.42008402520840293,2.4405986435975984,-0.46885190548373656,-0.8112679359523398
-0.5320388629417592,-0.9133701277650984,1.8878583480508762,1.1806923961208662,1.499671894445514,-0.7660136157433054,-0.4986268392991684,0.12031041237920248,-0.08775260831353203,1.513599108080167,1.5945016225624369,0.539222451273143,0.706117397470918,0.31965825609369647,-0.21654569785255828,-0.1764916480346692,-0.282603993023614,1.9185994367628307,1.0447503376280172,-0.9511897312113419,-0.1420960445125053,-0.23192034667290004,-0.30560444605526793,-0.34099716973523675,-0.24173208127588555,-0.2581988897471611,4.925764701519638,-0.5869734364739604,-0.32946173471593376,-0.3156839517433792,-0.26726124191242434,-0.20577968041807276,-0.6627822868937354,-0.49837186151879204,1.2220910332321786,-0.4114677687570971,1.919095315316124,-0.37976217386784894,-0.42008402520840293,-0.4097355387061661,-0.46885190548373656,-0.8109669301235278
0.643467025260977,-0.19283455565960905,1.2231438737692546,0.9275957137287186,-0.8786623874945072,1.3054598240132387,0.7493324185550754,0.07338986155730072,0.20273878472436738,-1.001207302021876,-0.6271552100354432,0.539222451273143,0.706117397470918,0.31965825609369647,-0.21654569785255828,-0.1764916480346692,-0.282603993023614,1.28482256142385,1.0447503376280172,-0.9511897312113419,-0.1420960445125053,-0.23192034667290004,-0.30560444605526793,-0.34099716973523675,-0.24173208127588555,-0.2581988897471611,-0.20301416340319547,-0.5869734364739604,-0.32946173471593376,-0.3156839517433792,3.741657386773941,-0.20577968041807276,1.508791076307582,-0.49837186151879204,-0.8182696483380675,-0.4114677687570971,-0.5210788604500733,2.633226974174589,-0.42008402520840293,-0.4097355387061661,-0.46885190548373656,-0.6454229089856901
-0.3641094503413683,0.5031632518997627,0.5584293994876329,-0.5840240254883287,0.23122694407750302,-0.7660136157433054,-0.13054896830283244,0.8281987226052855,1.364704356875965,1.513599108080167,1.5945016225624369,0.2538566556710388,0.24245617888536294,0.31965825609369647,-0.21654569785255828,-0.1764916480346692,-0.282603993023614,0.3278610441229846,1.0447503376280172,-0.9511897312113419,-0.1420960445125053,-0.23192034667290004,-0.30560444605526793,2.932575659723036,-0.24173208127588555,-0.2581988897471611,-0.20301416340319547,-0.5869734364739604,-0.32946173471593376,-0.3156839517433792,-0.26726124191242434,-0.20577968041807276,-0.6627822868937354,-0.49837186151879204,1.2220910332321786,-0.4114677687570971,-0.5210788604500733,2.633226974174589,-0.42008402520840293,-0.4097355387061661,-0.46885190548373656,-0.7211186316483976
0.13967878745980433,0.11094482729206123,1.5555011109100654,1.3083271932202247,0.8654494192615079,-0.7660136157433054,-1.7430805936201137,-0.8813413464709611,-0.37824400135143144,-0.4982460200014673,-0.6271552100354432,0.539222451273143,0.706117397470918,0.31965825609369647,-0.21654569785255828,-0.1764916480346692,-0.282603993023614,1.6669844051682416,1.0447503376280172,-0.9511897312113419,-0.1420960445125053,-0.23192034667290004,-0.30560444605526793,-0.34099716973523675,-0.24173208127588555,-0.2581988897471611,-0.20301416340319547,-0.5869734364739604,-0.32946173471593376,3.1677251709421848,-0.26726124191242434,-0.20577968041807276,1.508791076307582,-0.49837186151879204,-0.8182696483380675,-0.4114677687570971,1.919095315316124,-0.37976217386784894,-0.42008402520840293,-0.4097355387061661,-0.46885190548373656,-0.6867950935106756
-0.6999682755421501,1.4449347986244534,0.5584293994876329,-0.5397211228968641,1.499671894445514,1.3054598240132387,-0.5722424134984356,0.11011029263531079,0.20273878472436738,1.513599108080167,1.5945016225624369,-0.031509139931065404,-0.22120503970019206,0.31965825609369647,-0.21654569785255828,-0.1764916480346692,-0.282603993023614,0.3392378859172205,1.0447503376280172,-0.9511897312113419,-0.1420960445125053,-0.23192034667290004,-0.30560444605526793,-0.34099716973523675,-0.24173208127588555,-0.2581988897471611,-0.20301416340319547,-0.5869734364739604,-0.32946173471593376,3.1677251709421848,-0.26726124191242434,-0.20577968041807276,-0.6627822868937354,-0.49837186151879204,1.2220910332321786,2.430324015464581,-0.5210788604500733,-0.37976217386784894,-0.42008402520840293,-0.4097355387061661,-0.46885190548373656,-0.7102954265794515
1.4831140882629315,0.0809936644056209,-0.7709995490756102,0.5123111149366428,1.182560656853511,-0.7660136157433054,-0.31809340733429886,-0.34889509583981504,-0.9592267874272302,-1.001207302021876,-0.6271552100354432,0.15873472380367074,0.24245617888536294,0.31965825609369647,-0.21654569785255828,-0.1764916480346692,-0.282603993023614,-0.5281685804127038,1.0447503376280172,-0.9511897312113419,-0.1420960445125053,-0.23192034667290004,-0.30560444605526793,-0.34099716973523675,-0.24173208127588555,-0.2581988897471611,-0.20301416340319547,-0.5869734364739604,-0.32946173471593376,-0.3156839517433792,3.741657386773941,-0.20577968041807276,1.508791076307582,-0.49837186151879204,-0.8182696483380675,-0.4114677687570971,1.919095315316124,-0.37976217386784894,-0.42008402520840293,-0.4097355387061661,-0.46885190548373656,0.6534528679195912
-1.0358271007429318,-0.3697016401173034,-0.4386423119347994,0.77364100782156,-1.6714404814745143,1.3054598240132387,-1.4766623250894324,-0.705899286876024,1.6551957499138643,0.5076765440393498,-0.6271552100354432,0.15873472380367074,0.24245617888536294,0.31965825609369647,-0.21654569785255828,-0.1764916480346692,-0.282603993023614,-0.1766686771133974,1.0447503376280172,-0.9511897312113419,-0.1420960445125053,-0.23192034667290004,-0.30560444605526793,-0.34099716973523675,-0.24173208127588555,-0.2581988897471611,-0.20301416340319547,1.7036546083024706,-0.32946173471593376,-0.3156839517433792,-0.26726124191242434,-0.20577968041807276,-0.6627822868937354,2.0065338298845607,-0.8182696483380675,-0.4114677687570971,1.919095315316124,-0.37976217386784894,-0.42008402520840293,-0.4097355387061661,-0.46885190548373656,0.3493939518343376
0.39157290636039066,-0.04325985225919147,1.2231438737692546,1.115702611959733,-0.2444399123105017,-0.7660136157433054,-0.5810061723316817,-0.5569775386152054,0.4932301777622668,0.5076765440393498,-0.6271552100354432,0.539222451273143,0.706117397470918,0.31965825609369647,-0.21654569785255828,-0.1764916480346692,-0.282603993023614,1.3331278032115728,-0.9571664769885428,1.0513149660756937,-0.1420960445125053,-0.23192034667290004,-0.30560444605526793,-0.34099716973523675,-0.24173208127588555,-0.2581988897471611,-0.20301416340319547,-0.5869734364739604,3.0352538538723257,-0.3156839517433792,-0.26726124191242434,-0.20577968041807276,-0.6627822868937354,-0.49837186151879204,1.2220910332321786,-0.4114677687570971,1.919095315316124,-0.37976217386784894,-0.42008402520840293,-0.4097355387061661,-0.46885190548373656,-0.6071274585120168
0.5595023189607815,0.5746261035797334,0.5584293994876329,0.5206894938172966,1.499671894445514,-0.7660136157433054,0.6389090572561746,1.4728462904192399,0.7837215708001662,-1.001207302021876,-0.6271552100354432,0.2538566556710388,0.24245617888536294,0.31965825609369647,-0.21654569785255828,-0.1764916480346692,-0.282603993023614,0.6115478953658816,-0.9571664769885428,1.0513149660756937,-0.1420960445125053,-0.23192034667290004,-0.30560444605526793,-0.34099716973523675,-0.24173208127588555,-0.2581988897471611,-0.20301416340319547,1.7036546083024706,-0.32946173471593376,-0.3156839517433792,-0.26726124191242434,-0.20577968041807276,1.508791076307582,-0.49837186151879204,-0.8182696483380675,-0.4114677687570971,1.919095315316124,-0.37976217386784894,-0.42008402520840293,-0.4097355387061661,-0.46885190548373656,-0.4512369701207468
1.3151846756625405,0.6912037713829592,0.22607216234682218,0.691713758907978,-0.2444399123105017,-0.7660136157433054,0.9333713540532433,0.35491316648871124,-0.9592267874272302,-1.001207302021876,-0.6271552100354432,-0.031509139931065404,-0.22120503970019206,0.31965825609369647,-0.21654569785255828,-0.1764916480346692,-0.282603993023614,0.37107513852076685,1.0447503376280172,-0.9511897312113419,-0.1420960445125053,-0.23192034667290004,-0.30560444605526793,-0.34099716973523675,-0.24173208127588555,-0.2581988897471611,4.925764701519638,-0.5869734364739604,-0.32946173471593376,-0.3156839517433792,-0.26726124191242434,-0.20577968041807276,-0.6627822868937354,2.0065338298845607,-0.8182696483380675,-0.4114677687570971,-0.5210788604500733,-0.37976217386784894,-0.42008402520840293,-0.4097355387061661,2.1328696509578076,-0.22012981848728677
1.8189729134637131,-0.39597935854922284,-1.103356786216421,-1.100966105490141,1.499671894445514,-0.7660136157433054,0.9403823611198402,-0.28361432947890824,-0.9592267874272302,0.5076765440393498,-0.6271552100354432,-0.031509139931065404,-0.22120503970019206,0.31965825609369647,-0.21654569785255828,-0.1764916480346692,-0.282603993023614,-1.226844175594257,-0.9571664769885428,1.0513149660756937,-0.1420960445125053,-0.23192034667290004,-0.30560444605526793,-0.34099716973523675,-0.24173208127588555,-0.2581988897471611,-0.20301416340319547,1.7036546083024706,-0.32946173471593376,-0.3156839517433792,-0.26726124191242434,-0.20577968041807276,-0.6627822868937354,-0.49837186151879204,1.2220910332321786,-0.4114677687570971,-0.5210788604500733,-0.37976217386784894,-0.42008402520840293,-0.4097355387061661,2.1328696509578076,0.41857352209415527
0.643467025260977,1.7899473330309645,0.22607216234682218,0.3532708648106926,-1.9885517190665176,1.3054598240132387,-1.4924370909892755,-0.8589010830343993,-1.540209573503029,1.513599108080167,1.5945016225624369,0.539222451273143,0.706117397470918,0.31965825609369647,-0.21654569785255828,-0.1764916480346692,-0.282603993023614,0.28416410025236544,1.0447503376280172,-0.9511897312113419,-0.1420960445125053,-0.23192034667290004,-0.30560444605526793,-0.34099716973523675,-0.24173208127588555,-0.2581988897471611,4.925764701519638,-0.5869734364739604,-0.32946173471593376,-0.3156839517433792,-0.26726124191242434,-0.20577968041807276,-0.6627822868937354,2.0065338298845607,-0.8182696483380675,2.430324015464581,-0.5210788604500733,-0.37976217386784894,-0.42008402520840293,-0.4097355387061661,-0.46885190548373656,-0.3119983124904642
-0.9518623944427365,1.4889609896307354,-0.7709995490756102,0.12229538172171216,0.07267132528150075,1.3054598240132387,-0.4180002580333043,-0.012291144291389434,-0.37824400135143144,-0.4982460200014673,-0.6271552100354432,0.2538566556710388,0.706117397470918,0.31965825609369647,-0.21654569785255828,-0.1764916480346692,-0.282603993023614,-0.6283233566124905,1.0447503376280172,-0.9511897312113419,-0.1420960445125053,-0.23192034667290004,-0.30560444605526793,-0.34099716973523675,-0.24173208127588555,-0.2581988897471611,-0.20301416340319547,1.7036546083024706,-0.32946173471593376,-0.3156839517433792,-0.26726124191242434,-0.20577968041807276,-0.6627822868937354,2.0065338298845607,-0.8182696483380675,-0.4114677687570971,-0.5210788604500733,2.633226974174589,-0.42008402520840293,-0.4097355387061661,-0.46885190548373656,0.4946513743460488
-1.0358271007429318,0.17189406578388297,-0.1062850747939886,-0.08282555321035237,0.5483381816695062,-0.7660136157433054,-0.39871998860016294,-0.38561552691782514,-0.6687353943893308,1.0106378260597584,1.5945016225624369,0.539222451273143,0.706117397470918,0.31965825609369647,-0.21654569785255828,-0.1764916480346692,-0.282603993023614,-0.11221528026171644,1.0447503376280172,-0.9511897312113419,-0.1420960445125053,-0.23192034667290004,-0.30560444605526793,-0.34099716973523675,-0.24173208127588555,-0.2581988897471611,-0.20301416340319547,1.7036546083024706,-0.32946173471593376,-0.3156839517433792,-0.26726124191242434,-0.20577968041807276,-0.6627822868937354,-0.49837186151879204,1.2220910332321786,2.430324015464581,-0.5210788604500733,-0.37976217386784894,-0.42008402520840293,-0.4097355387061661,-0.46885190548373656,-0.21999751549825614
-0.867897688142541,-1.3618688692268304,0.22607216234682218,-0.9397081745713609,0.3897825628735039,-0.7660136157433054,-1.3083981554911075,-0.7997403885198275,0.7837215708001662,1.513599108080167,1.5945016225624369,0.15873472380367074,0.24245617888536294,0.31965825609369647,-0.21654569785255828,-0.1764916480346692,-0.282603993023614,-0.04786872635404354,1.0447503376280172,-0.9511897312113419,-0.1420960445125053,-0.23192034667290004,3.272203702884454,-0.34099716973523675,-0.24173208127588555,-0.2581988897471611,-0.20301416340319547,-0.5869734364739604,-0.32946173471593376,-0.3156839517433792,-0.26726124191242434,-0.20577968041807276,-0.6627822868937354,-0.49837186151879204,1.2220910332321786,-0.4114677687570971,1.919095315316124,-0.37976217386784894,-0.42008402520840293,-0.4097355387061661,-0.46885190548373656,-0.6629704829729679
0.055714081159608894,0.039801234573545945,2.5525728223324977,1.436574504870708,-1.829996100270516,-0.7660136157433054,-0.07971916707000509,-0.09389210224252292,1.0742129638380655,1.0106378260597584,1.5945016225624369,0.539222451273143,0.706117397470918,0.31965825609369647,-0.21654569785255828,-0.1764916480346692,-0.282603993023614,2.553091600562553,1.0447503376280172,-0.9511897312113419,-0.1420960445125053,-0.23192034667290004,-0.30560444605526793,-0.34099716973523675,-0.24173208127588555,-0.2581988897471611,-0.20301416340319547,1.7036546083024706,-0.32946173471593376,-0.3156839517433792,-0.26726124191242434,-0.20577968041807276,1.508791076307582,-0.49837186151879204,-0.8182696483380675,-0.4114677687570971,-0.5210788604500733,-0.37976217386784894,2.3804761428476167,-0.4097355387061661,-0.46885190548373656,-0.9346996459554864
0.30760820006019524,0.5507129107075053,0.22607216234682218,-0.47113981179804093,1.499671894445514,-0.7660136157433054,-1.3294311766908982,-1.0057828073464397,1.0742129638380655,0.5076765440393498,-0.6271552100354432,0.15873472380367074,0.24245617888536294,0.31965825609369647,-0.21654569785255828,-0.1764916480346692,-0.282603993023614,0.07245811051743267,1.0447503376280172,-0.9511897312113419,-0.1420960445125053,-0.23192034667290004,-0.30560444605526793,-0.34099716973523675,-0.24173208127588555,-0.2581988897471611,-0.20301416340319547,-0.5869734364739604,-0.32946173471593376,-0.3156839517433792,3.741657386773941,-0.20577968041807276,1.508791076307582,-0.49837186151879204,-0.8182696483380675,-0.4114677687570971,1.919095315316124,-0.37976217386784894,-0.42008402520840293,-0.4097355387061661,-0.46885190548373656,-0.5357801339472157
-1.0358271007429318,0.5379152608821411,-0.1062850747939886,0.28404656700979714,-0.2444399123105017,-0.7660136157433054,1.3768175510154956,1.140322386768371,0.20273878472436738,-1.5041685840422845,-0.6271552100354432,0.539222451273143,0.706117397470918,0.31965825609369647,-0.21654569785255828,-0.1764916480346692,-0.282603993023614,-0.01800370886764324,-0.9571664769885428,-0.9511897312113419,7.037493572961446,-0.23192034667290004,-0.30560444605526793,-0.34099716973523675,-0.24173208127588555,-0.2581988897471611,-0.20301416340319547,-0.5869734364739604,3.0352538538723257,-0.3156839517433792,-0.26726124191242434,-0.20577968041807276,1.508791076307582,-0.49837186151879204,-0.8182696483380675,-0.4114677687570971,1.919095315316124,-0.37976217386784894,-0.42008402520840293,-0.4097355387061661,-0.46885190548373656,-0.10796388003204418
0.30760820006019524,0.3028160575955335,-0.1062850747939886,0.6695264293981795,1.02400503805751,1.3054598240132387,1.1577235801843433,-0.3998956945592735,1.364704356875965,1.513599108080167,1.5945016225624369,0.15873472380367074,0.24245617888536294,0.31965825609369647,-0.21654569785255828,-0.1764916480346692,-0.282603993023614,0.0809862704052105,-0.9571664769885428,1.0513149660756937,-0.1420960445125053,-0.23192034667290004,-0.30560444605526793,-0.34099716973523675,-0.24173208127588555,-0.2581988897471611,-0.20301416340319547,-0.5869734364739604,3.0352538538723257,-0.3156839517433792,-0.26726124191242434,-0.20577968041807276,1.508791076307582,-0.49837186151879204,-0.8182696483380675,-0.4114677687570971,-0.5210788604500733,2.633226974174589,-0.42008402520840293,-0.4097355387061661,-0.46885190548373656,0.009752097830951942
-0.112215331440782,-1.1994521902771753,-0.7709995490756102,0.14969124104683093,-1.3543292438825112,1.3054598240132387,-1.359227956723935,-0.9731424241659862,1.0742129638380655,-1.5041685840422845,-0.6271552100354432,0.44410051940577494,0.24245617888536294,0.31965825609369647,-0.21654569785255828,-0.1764916480346692,-0.282603993023614,-0.6212881887312088,1.0447503376280172,-0.9511897312113419,-0.1420960445125053,-0.23192034667290004,-0.30560444605526793,-0.34099716973523675,-0.24173208127588555,-0.2581988897471611,-0.20301416340319547,-0.5869734364739604,-0.32946173471593376,3.1677251709421848,-0.26726124191242434,-0.20577968041807276,1.508791076307582,-0.49837186151879204,-0.8182696483380675,-0.4114677687570971,1.919095315316124,-0.37976217386784894,-0.42008402520840293,-0.4097355387061661,-0.46885190548373656,0.5058060612164935
0.9793258504617588,0.6160747001656757,-0.1062850747939886,-0.9089349915319919,-0.7201067686985057,1.3054598240132387,1.5415762170805223,-0.6671388318492356,-0.6687353943893308,0.5076765440393498,-0.6271552100354432,0.2538566556710388,0.706117397470918,0.31965825609369647,-0.21654569785255828,-0.1764916480346692,-0.282603993023614,-0.3243575064986239,1.0447503376280172,-0.9511897312113419,-0.1420960445125053,-0.23192034667290004,-0.30560444605526793,-0.34099716973523675,-0.24173208127588555,-0.2581988897471611,-0.20301416340319547,-0.5869734364739604,3.0352538538723257,-0.3156839517433792,-0.26726124191242434,-0.20577968041807276,-0.6627822868937354,-0.49837186151879204,1.2220910332321786,-0.4114677687570971,1.919095315316124,-0.37976217386784894,-0.42008402520840293,-0.4097355387061661,-0.46885190548373656,-0.4722708242811253
-0.5320388629417592,-1.1534757041532553,2.220215585191687,0.6824236831737006,-1.9885517190665176,1.3054598240132387,0.10256701666151366,0.3936736215154996,0.20273878472436738,1.513599108080167,1.5945016225624369,0.539222451273143,0.706117397470918,0.31965825609369647,-0.21654569785255828,-0.1764916480346692,-0.282603993023614,2.0750368800386156,-0.9571664769885428,1.0513149660756937,-0.1420960445125053,4.3118252207961625,-0.30560444605526793,-0.34099716973523675,-0.24173208127588555,-0.2581988897471611,-0.20301416340319547,-0.5869734364739604,-0.32946173471593376,-0.3156839517433792,-0.26726124191242434,-0.20577968041807276,-0.6627822868937354,2.0065338298845607,-0.8182696483380675,-0.4114677687570971,-0.5210788604500733,-0.37976217386784894,2.3804761428476167,-0.4097355387061661,-0.46885190548373656,-0.9789464655555808
1.399149381962736,-0.22204876937639287,0.22607216234682218,0.3736887973689268,0.23122694407750302,-0.7660136157433054,-0.025383862303879314,0.9138797284539756,0.7837215708001662,-0.4982460200014673,-0.6271552100354432,0.44410051940577494,0.24245617888536294,0.31965825609369647,-0.21654569785255828,-0.1764916480346692,-0.282603993023614,0.28940735915624494,-0.9571664769885428,1.0513149660756937,-0.1420960445125053,-0.23192034667290004,-0.30560444605526793,-0.34099716973523675,-0.24173208127588555,-0.2581988897471611,-0.20301416340319547,1.7036546083024706,-0.32946173471593376,-0.3156839517433792,-0.26726124191242434,-0.20577968041807276,1.508791076307582,-0.49837186151879204,-0.8182696483380675,-0.4114677687570971,-0.5210788604500733,-0.37976217386784894,-0.42008402520840293,-0.4097355387061661,2.1328696509578076,-0.30645597507550226
-0.9518623944427365,1.724782366658167,-0.4386423119347994,1.33366632562696,-1.9885517190665176,-0.7660136157433054,1.2330919061502599,2.5254986479888615,1.0742129638380655,1.0106378260597584,1.5945016225624369,0.539222451273143,0.706117397470918,0.31965825609369647,-0.21654569785255828,-0.1764916480346692,-0.282603993023614,-0.03285599061312127,-0.9571664769885428,1.0513149660756937,-0.1420960445125053,4.3118252207961625,-0.30560444605526793,-0.34099716973523675,-0.24173208127588555,-0.2581988897471611,-0.20301416340319547,-0.5869734364739604,-0.32946173471593376,-0.3156839517433792,-0.26726124191242434,-0.20577968041807276,1.508791076307582,-0.49837186151879204,-0.8182696483380675,-0.4114677687570971,-0.5210788604500733,-0.37976217386784894,-0.42008402520840293,-0.4097355387061661,2.1328696509578076,0.5448428954817008
-0.02825062514058655,-0.7223664177064472,0.22607216234682218,0.38962253404299485,0.5483381816695062,1.3054598240132387,1.43465835931492,-0.7038592629272457,-0.08775260831353203,-0.4982460200014673,-0.6271552100354432,0.15873472380367074,0.24245617888536294,0.31965825609369647,-0.21654569785255828,-0.1764916480346692,-0.282603993023614,0.29349909109091044,-0.9571664769885428,1.0513149660756937,-0.1420960445125053,-0.23192034667290004,-0.30560444605526793,-0.34099716973523675,-0.24173208127588555,-0.2581988897471611,-0.20301416340319547,-0.5869734364739604,-0.32946173471593376,-0.3156839517433792,3.741657386773941,-0.20577968041807276,-0.6627822868937354,2.0065338298845607,-0.8182696483380675,-0.4114677687570971,-0.5210788604500733,-0.37976217386784894,-0.42008402520840293,2.4405986435975984,-0.46885190548373656,-0.30213084839203547
-1.2877212196435182,-0.07065853480520516,0.5584293994876329,-0.17372375597502138,0.5483381816695062,1.3054598240132387,-1.2733431201581231,-0.33869497609592336,0.7837215708001662,-1.5041685840422845,-0.6271552100354432,-3.075410959686844,-3.003172351213522,-3.1283409107596607,-0.21654569785255828,-0.1764916480346692,-0.282603993023614,0.43322482349947344,-0.9571664769885428,1.0513149660756937,-0.1420960445125053,-0.23192034667290004,-0.30560444605526793,-0.34099716973523675,-0.24173208127588555,-0.2581988897471611,-0.20301416340319547,-0.5869734364739604,-0.32946173471593376,-0.3156839517433792,-0.26726124191242434,-0.20577968041807276,-0.6627822868937354,-0.49837186151879204,1.2220910332321786,2.430324015464581,-0.5210788604500733,-0.37976217386784894,-0.42008402520840293,-0.4097355387061661,-0.46885190548373656,-0.620882220555053
-1.6235800448443,0.9864589442817658,-0.4386423119347994,0.3932836388650722,-1.0372180062905088,-0.7660136157433054,-0.9613533056945621,-1.111864052682913,-0.9592267874272302,0.5076765440393498,-0.6271552100354432,-0.031509139931065404,-0.22120503970019206,0.31965825609369647,-0.21654569785255828,-0.1764916480346692,-0.282603993023614,-0.274343216675583,1.0447503376280172,-0.9511897312113419,-0.1420960445125053,-0.23192034667290004,-0.30560444605526793,-0.34099716973523675,-0.24173208127588555,-0.2581988897471611,-0.20301416340319547,-0.5869734364739604,-0.32946173471593376,-0.3156839517433792,3.741657386773941,-0.20577968041807276,-0.6627822868937354,-0.49837186151879204,-0.8182696483380675,-0.4114677687570971,-0.5210788604500733,-0.37976217386784894,-0.42008402520840293,-0.4097355387061661,2.1328696509578076,0.2166491568983554
2.5326729170153746,-0.53649058501886,0.5584293994876329,0.8849908154485717,-0.40299553110650327,1.3054598240132387,-1.6624540123542497,-0.9119417057026361,-0.6687353943893308,1.0106378260597584,1.5945016225624369,-3.075410959686844,-3.003172351213522,-3.1283409107596607,-0.21654569785255828,-0.1764916480346692,-0.282603993023614,0.7050992940146121,-0.9571664769885428,-0.9511897312113419,-0.1420960445125053,4.3118252207961625,-0.30560444605526793,-0.34099716973523675,-0.24173208127588555,-0.2581988897471611,-0.20301416340319547,-0.5869734364739604,-0.32946173471593376,-0.3156839517433792,-0.26726124191242434,-0.20577968041807276,-0.6627822868937354,2.0065338298845607,-0.8182696483380675,-0.4114677687570971,-0.5210788604500733,-0.37976217386784894,-0.42008402520840293,-0.4097355387061661,2.1328696509578076,-0.36223810818922436
2.5326729170153746,1.6286294380836754,-0.4386423119347994,0.27271131310305197,0.3897825628735039,-0.7660136157433054,-0.295307634367859,-0.8548210351368426,-1.2497181804651296,-0.4982460200014673,-0.6271552100354432,0.44410051940577494,0.24245617888536294,0.31965825609369647,-0.21654569785255828,-0.1764916480346692,-0.282603993023614,-0.3053057991412708,1.0447503376280172,-0.9511897312113419,-0.1420960445125053,-0.23192034667290004,3.272203702884454,-0.34099716973523675,-0.24173208127588555,-0.2581988897471611,-0.20301416340319547,-0.5869734364739604,-0.32946173471593376,-0.3156839517433792,-0.26726124191242434,-0.20577968041807276,-0.6627822868937354,2.0065338298845607,-0.8182696483380675,-0.4114677687570971,-0.5210788604500733,-0.37976217386784894,2.3804761428476167,-0.4097355387061661,-0.46885190548373656,0.1745693920126518
0.055714081159608894,0.38185308064449125,-2.432785734779664,-1.5548450036866475,1.3411162756495132,1.3054598240132387,-1.3855192332236732,-1.0404632144756714,1.364704356875965,-1.001207302021876,-0.6271552100354432,0.44410051940577494,0.24245617888536294,0.31965825609369647,-0.21654569785255828,-0.1764916480346692,-0.282603993023614,-2.480963740810209,-0.9571664769885428,1.0513149660756937,-0.1420960445125053,-0.23192034667290004,-0.30560444605526793,-0.34099716973523675,-0.24173208127588555,3.8729833462074166,-0.20301416340319547,-0.5869734364739604,-0.32946173471593376,-0.3156839517433792,-0.26726124191242434,-0.20577968041807276,1.508791076307582,-0.49837186151879204,-0.8182696483380675,-0.4114677687570971,1.919095315316124,-0.37976217386784894,-0.42008402520840293,-0.4097355387061661,-0.46885190548373656,9.437596150593887
0.8953611441615633,0.4925303521470696,0.22607216234682218,0.8501523185248115,0.07267132528150075,-0.7660136157433054,-0.3408791803007387,-1.1159441005804698,-0.9592267874272302,-1.5041685840422845,-0.6271552100354432,0.2538566556710388,0.24245617888536294,0.31965825609369647,-0.21654569785255828,-0.1764916480346692,-0.282603993023614,0.41176164711116725,-0.9571664769885428,1.0513149660756937,-0.1420960445125053,-0.23192034667290004,-0.30560444605526793,-0.34099716973523675,-0.24173208127588555,-0.2581988897471611,-0.20301416340319547,-0.5869734364739604,-0.32946173471593376,-0.3156839517433792,3.741657386773941,-0.20577968041807276,1.508791076307582,-0.49837186151879204,-0.8182696483380675,-0.4114677687570971,1.919095315316124,-0.37976217386784894,-0.42008402520840293,-0.4097355387061661,-0.46885190548373656,-0.1771225279874981
-0.44807415664156375,1.5549883415124315,-0.1062850747939886,-0.7753486754647327,-0.2444399123105017,1.3054598240132387,0.5477659653904152,0.6507166390615701,1.0742129638380655,0.5076765440393498,-0.6271552100354432,0.44410051940577494,0.24245617888536294,0.31965825609369647,-0.21654569785255828,-0.1764916480346692,-0.282603993023614,-0.2900529735025224,-0.9571664769885428,1.0513149660756937,-0.1420960445125053,-0.23192034667290004,-0.30560444605526793,-0.34099716973523675,-0.24173208127588555,-0.2581988897471611,-0.20301416340319547,-0.5869734364739604,-0.32946173471593376,3.1677251709421848,-0.26726124191242434,-0.20577968041807276,-0.6627822868937354,-0.49837186151879204,1.2220910332321786,-0.4114677687570971,-0.5210788604500733,-0.37976217386784894,2.3804761428476167,-0.4097355387061661,-0.46885190548373656,-0.43147688052608413
1.0632905567619542,0.13676332647200481,0.5584293994876329,0.8660211151420515,1.499671894445514,-0.7660136157433054,-1.1716835176924685,-0.6712188797467923,0.20273878472436738,1.0106378260597584,1.5945016225624369,-3.075410959686844,-3.003172351213522,-3.1283409107596607,-0.21654569785255828,-0.1764916480346692,-0.282603993023614,0.7002279364590702,1.0447503376280172,-0.9511897312113419,-0.1420960445125053,-0.23192034667290004,-0.30560444605526793,-0.34099716973523675,-0.24173208127588555,-0.2581988897471611,-0.20301416340319547,-0.5869734364739604,-0.32946173471593376,-0.3156839517433792,-0.26726124191242434,4.859566299103718,-0.6627822868937354,-0.49837186151879204,1.2220910332321786,-0.4114677687570971,-0.5210788604500733,-0.37976217386784894,2.3804761428476167,-0.4097355387061661,-0.46885190548373656,-0.36687240852857694
-0.6160035692419547,0.04228478297621936,-1.4357140233572319,-3.6406407019019653,-0.2444399123105017,-0.7660136157433054,-0.11302145063634025,-1.026183046834223,1.364704356875965,0.004715262018941286,-0.6271552100354432,0.539222451273143,0.706117397470918,0.31965825609369647,-0.21654569785255828,-0.1764916480346692,-0.282603993023614,-2.1634156143589203,1.0447503376280172,-0.9511897312113419,-0.1420960445125053,-0.23192034667290004,-0.30560444605526793,-0.34099716973523675,-0.24173208127588555,-0.2581988897471611,-0.20301416340319547,1.7036546083024706,-0.32946173471593376,-0.3156839517433792,-0.26726124191242434,-0.20577968041807276,-0.6627822868937354,-0.49837186151879204,-0.8182696483380675,2.430324015464581,-0.5210788604500733,-0.37976217386784894,-0.42008402520840293,-0.4097355387061661,-0.46885190548373656,-0.4995430058997215
0.643467025260977,0.43719609223584044,0.5584293994876329,0.15737688070537095,-1.3543292438825112,-0.7660136157433054,-1.159414255325924,-1.099623908990243,0.20273878472436738,1.0106378260597584,1.5945016225624369,-3.075410959686844,-3.003172351213522,-3.1283409107596607,-0.21654569785255828,-0.1764916480346692,-0.282603993023614,0.518250393860392,1.0447503376280172,-0.9511897312113419,-0.1420960445125053,-0.23192034667290004,-0.30560444605526793,-0.34099716973523675,-0.24173208127588555,-0.2581988897471611,-0.20301416340319547,1.7036546083024706,-0.32946173471593376,-0.3156839517433792,-0.26726124191242434,-0.20577968041807276,-0.6627822868937354,-0.49837186151879204,1.2220910332321786,2.430324015464581,-0.5210788604500733,-0.37976217386784894,-0.42008402520840293,-0.4097355387061661,-0.46885190548373656,-0.5399942904278522
0.30760820006019524,0.22413683274612975,-1.103356786216421,0.5565800451978822,1.3411162756495132,-0.7660136157433054,-1.495942594522574,-0.9629423044220945,-1.540209573503029,-1.001207302021876,-0.6271552100354432,0.44410051940577494,0.24245617888536294,0.31965825609369647,-0.21654569785255828,-0.1764916480346692,-0.282603993023614,-0.801191696412114,1.0447503376280172,-0.9511897312113419,-0.1420960445125053,-0.23192034667290004,-0.30560444605526793,-0.34099716973523675,-0.24173208127588555,-0.2581988897471611,-0.20301416340319547,1.7036546083024706,-0.32946173471593376,-0.3156839517433792,-0.26726124191242434,-0.20577968041807276,-0.6627822868937354,-0.49837186151879204,1.2220910332321786,2.430324015464581,-0.5210788604500733,-0.37976217386784894,-0.42008402520840293,-0.4097355387061661,-0.46885190548373656,1.2284510177323456
-0.6999682755421501,1.5089669198158897,-1.4357140233572319,-3.1208965167597933,0.07267132528150075,-0.7660136157433054,-0.07621366353670665,-0.4121358382519435,1.0742129638380655,0.004715262018941286,-0.6271552100354432,0.44410051940577494,0.24245617888536294,0.31965825609369647,-0.21654569785255828,-0.1764916480346692,3.53852041969004,-2.0299469921703683,1.0447503376280172,-0.9511897312113419,-0.1420960445125053,-0.23192034667290004,-0.30560444605526793,-0.34099716973523675,-0.24173208127588555,3.8729833462074166,-0.20301416340319547,-0.5869734364739604,-0.32946173471593376,-0.3156839517433792,-0.26726124191242434,-0.20577968041807276,1.508791076307582,-0.49837186151879204,-0.8182696483380675,-0.4114677687570971,-0.5210788604500733,2.633226974174589,-0.42008402520840293,-0.4097355387061661,-0.46885190548373656,-0.1821090698515964
2.23879644496469,-0.12240961434140865,-0.4386423119347994,0.7133054351259951,-2.4642185754545216,-0.7660136157433054,0.8720250422205207,-0.10613224593519294,-0.6687353943893308,-1.001207302021876,-0.6271552100354432,-0.031509139931065404,-0.22120503970019206,0.31965825609369647,-0.21654569785255828,-0.1764916480346692,-0.282603993023614,-0.19216265662647522,-0.9571664769885428,1.0513149660756937,-0.1420960445125053,-0.23192034667290004,-0.30560444605526793,-0.34099716973523675,-0.24173208127588555,-0.2581988897471611,-0.20301416340319547,1.7036546083024706,-0.32946173471593376,-0.3156839517433792,-0.26726124191242434,-0.20577968041807276,-0.6627822868937354,-0.49837186151879204,1.2220910332321786,-0.4114677687570971,-0.5210788604500733,-0.37976217386784894,-0.42008402520840293,2.4405986435975984,-0.46885190548373656,0.32833682535670095
-0.867897688142541,0.31449394911642636,0.22607216234682218,0.46399829036928525,-0.08588429351450011,-0.7660136157433054,0.01492942832905272,0.19171125058644428,0.4932301777622668,-1.5041685840422845,-0.6271552100354432,0.2538566556710388,0.706117397470918,0.31965825609369647,-0.21654569785255828,-0.1764916480346692,-0.282603993023614,0.31259854425436656,-0.9571664769885428,1.0513149660756937,-0.1420960445125053,-0.23192034667290004,-0.30560444605526793,-0.34099716973523675,4.1368112776835515,-0.2581988897471611,-0.20301416340319547,-0.5869734364739604,-0.32946173471593376,-0.3156839517433792,-0.26726124191242434,-0.20577968041807276,1.508791076307582,-0.49837186151879204,-0.8182696483380675,2.430324015464581,-0.5210788604500733,-0.37976217386784894,-0.42008402520840293,-0.4097355387061661,-0.46885190548373656,-0.2819419514076022
0.30760820006019524,-0.7661693968584553,-0.1062850747939886,0.583305403518642,1.499671894445514,1.3054598240132387,-1.336442183757495,-1.093503837143908,1.0742129638380655,-1.001207302021876,-0.6271552100354432,-0.031509139931065404,-0.22120503970019206,0.31965825609369647,-0.21654569785255828,-0.1764916480346692,-0.282603993023614,0.05884499041248225,-0.9571664769885428,1.0513149660756937,-0.1420960445125053,-0.23192034667290004,-0.30560444605526793,-0.34099716973523675,-0.24173208127588555,-0.2581988897471611,-0.20301416340319547,1.7036546083024706,-0.32946173471593376,-0.3156839517433792,-0.26726124191242434,-0.20577968041807276,-0.6627822868937354,2.0065338298845607,-0.8182696483380675,-0.4114677687570971,1.919095315316124,-0.37976217386784894,-0.42008402520840293,-0.4097355387061661,-0.46885190548373656,-0.016577662460221035
-1.7915094574446908,0.7637317024723953,1.5555011109100654,1.5327929140256864,0.23122694407750302,-0.7660136157433054,1.459196884048009,1.703368996631192,-0.37824400135143144,-0.4982460200014673,-0.6271552100354432,0.44410051940577494,0.24245617888536294,0.31965825609369647,-0.21654569785255828,-0.1764916480346692,-0.282603993023614,1.7246264747495879,1.0447503376280172,-0.9511897312113419,-0.1420960445125053,-0.23192034667290004,-0.30560444605526793,2.932575659723036,-0.24173208127588555,-0.2581988897471611,-0.20301416340319547,-0.5869734364739604,-0.32946173471593376,-0.3156839517433792,-0.26726124191242434,-0.20577968041807276,-0.6627822868937354,2.0065338298845607,-0.8182696483380675,-0.4114677687570971,-0.5210788604500733,-0.37976217386784894,2.3804761428476167,-0.4097355387061661,-0.46885190548373656,-0.6446127813418734
1.3151846756625405,0.8209421782916528,1.8878583480508762,1.3405383872097396,0.23122694407750302,-0.7660136157433054,-0.9368147809614731,-0.6385784965663389,-1.2497181804651296,0.5076765440393498,-0.6271552100354432,-0.031509139931065404,-0.22120503970019206,0.31965825609369647,-0.21654569785255828,-0.1764916480346692,-0.282603993023614,1.959647369193589,1.0447503376280172,-0.9511897312113419,-0.1420960445125053,-0.23192034667290004,-0.30560444605526793,-0.34099716973523675,-0.24173208127588555,-0.2581988897471611,-0.20301416340319547,1.7036546083024706,-0.32946173471593376,-0.3156839517433792,-0.26726124191242434,-0.20577968041807276,-0.6627822868937354,2.0065338298845607,-0.8182696483380675,-0.4114677687570971,-0.5210788604500733,-0.37976217386784894,-0.42008402520840293,-0.4097355387061661,-0.46885190548373656,-0.7830737893035603
-0.867897688142541,-2.014428930416836,-0.7709995490756102,-0.22097087900816592,-0.08588429351450011,-0.7660136157433054,0.922854843453348,0.5568755374177666,-0.9592267874272302,-1.5041685840422845,-0.6271552100354432,0.539222451273143,0.706117397470918,0.31965825609369647,-0.21654569785255828,-0.1764916480346692,-0.282603993023614,-0.716473019799007,1.0447503376280172,-0.9511897312113419,-0.1420960445125053,-0.23192034667290004,-0.30560444605526793,-0.34099716973523675,-0.24173208127588555,-0.2581988897471611,-0.20301416340319547,-0.5869734364739604,-0.32946173471593376,-0.3156839517433792,3.741657386773941,-0.20577968041807276,-0.6627822868937354,-0.49837186151879204,-0.8182696483380675,-0.4114677687570971,-0.5210788604500733,-0.37976217386784894,-0.42008402520840293,-0.4097355387061661,-0.46885190548373656,0.35488471814485006
1.1472552630621498,-0.24431570571623315,1.8878583480508762,1.13180107010545,-1.0372180062905088,1.3054598240132387,-0.004350841104088687,-1.1424644119145881,0.7837215708001662,0.5076765440393498,-0.6271552100354432,-0.031509139931065404,-0.22120503970019206,0.31965825609369647,-0.21654569785255828,-0.1764916480346692,-0.282603993023614,1.9060443027049792,-0.9571664769885428,1.0513149660756937,-0.1420960445125053,-0.23192034667290004,-0.30560444605526793,-0.34099716973523675,4.1368112776835515,-0.2581988897471611,-0.20301416340319547,-0.5869734364739604,-0.32946173471593376,-0.3156839517433792,-0.26726124191242434,-0.20577968041807276,1.508791076307582,-0.49837186151879204,-0.8182696483380675,-0.4114677687570971,1.919095315316124,-0.37976217386784894,-0.42008402520840293,-0.4097355387061661,-0.46885190548373656,-0.8194984712158829
1.2312199693623451,0.15253750655174994,0.5584293994876329,0.27253281105135174,0.07267132528150075,1.3054598240132387,-0.5529621440652942,0.33247290305214955,0.20273878472436738,-0.4982460200014673,-0.6271552100354432,0.44410051940577494,0.24245617888536294,0.31965825609369647,-0.21654569785255828,-0.1764916480346692,3.53852041969004,0.5478220635384563,-0.9571664769885428,1.0513149660756937,-0.1420960445125053,-0.23192034667290004,3.272203702884454,-0.34099716973523675,-0.24173208127588555,-0.2581988897471611,-0.20301416340319547,-0.5869734364739604,-0.32946173471593376,-0.3156839517433792,-0.26726124191242434,-0.20577968041807276,-0.6627822868937354,-0.49837186151879204,1.2220910332321786,-0.4114677687570971,1.919095315316124,-0.37976217386784894,-0.42008402520840293,-0.4097355387061661,-0.46885190548373656,-0.5118616811373727
-0.6160035692419547,-0.5109471998505473,0.5584293994876329,1.2403418797797392,0.23122694407750302,-0.7660136157433054,0.6336508019562269,0.16111089135476922,0.7837215708001662,0.5076765440393498,-0.6271552100354432,0.539222451273143,0.706117397470918,0.31965825609369647,-0.21654569785255828,-0.1764916480346692,-0.282603993023614,0.7963522955975781,1.0447503376280172,-0.9511897312113419,-0.1420960445125053,-0.23192034667290004,-0.30560444605526793,-0.34099716973523675,-0.24173208127588555,-0.2581988897471611,-0.20301416340319547,1.7036546083024706,-0.32946173471593376,-0.3156839517433792,-0.26726124191242434,-0.20577968041807276,-0.6627822868937354,-0.49837186151879204,1.2220910332321786,-0.4114677687570971,-0.5210788604500733,-0.37976217386784894,-0.42008402520840293,-0.4097355387061661,2.1328696509578076,-0.2754257953213645
0.5595023189607815,-0.8841580520278051,-0.1062850747939886,1.5327929140256864,-1.9885517190665176,-0.7660136157433054,0.04823171189538788,0.8098385070662804,0.4932301777622668,-0.4982460200014673,-0.6271552100354432,0.15873472380367074,0.24245617888536294,0.31965825609369647,-0.21654569785255828,-0.1764916480346692,-0.282603993023614,0.3026703057028273,-0.9571664769885428,1.0513149660756937,-0.1420960445125053,-0.23192034667290004,-0.30560444605526793,-0.34099716973523675,-0.24173208127588555,-0.2581988897471611,-0.20301416340319547,1.7036546083024706,-0.32946173471593376,-0.3156839517433792,-0.26726124191242434,-0.20577968041807276,-0.6627822868937354,-0.49837186151879204,1.2220910332321786,-0.4114677687570971,1.919095315316124,-0.37976217386784894,-0.42008402520840293,-0.4097355387061661,-0.46885190548373656,0.2733722458839589
0.7274317315611725,-2.4724827915205654,-0.1062850747939886,0.9221975429630417,0.07267132528150075,-0.7660136157433054,1.3522790262824067,2.4724580253206248,0.20273878472436738,-1.5041685840422845,-0.6271552100354432,0.44410051940577494,0.24245617888536294,0.31965825609369647,-0.21654569785255828,-0.1764916480346692,3.53852041969004,0.14587139342996272,-0.9571664769885428,1.0513149660756937,-0.1420960445125053,-0.23192034667290004,-0.30560444605526793,-0.34099716973523675,-0.24173208127588555,-0.2581988897471611,-0.20301416340319547,-0.5869734364739604,-0.32946173471593376,-0.3156839517433792,3.741657386773941,-0.20577968041807276,1.508791076307582,-0.49837186151879204,-0.8182696483380675,-0.4114677687570971,-0.5210788604500733,-0.37976217386784894,2.3804761428476167,-0.4097355387061661,-0.46885190548373656,0.0869115816668482
0.30760820006019524,-1.0339373016408275,0.22607216234682218,0.8896189934070141,1.182560656853511,-0.7660136157433054,1.660763337212669,0.4997548668519732,-1.2497181804651296,1.513599108080167,1.5945016225624369,0.2538566556710388,0.706117397470918,0.31965825609369647,-0.21654569785255828,-0.1764916480346692,-0.282603993023614,0.4218965613044837,-0.9571664769885428,1.0513149660756937,-0.1420960445125053,4.3118252207961625,-0.30560444605526793,-0.34099716973523675,-0.24173208127588555,-0.2581988897471611,-0.20301416340319547,-0.5869734364739604,-0.32946173471593376,-0.3156839517433792,-0.26726124191242434,-0.20577968041807276,-0.6627822868937354,-0.49837186151879204,1.2220910332321786,-0.4114677687570971,-0.5210788604500733,-0.37976217386784894,2.3804761428476167,-0.4097355387061661,-0.46885190548373656,-0.166409512444915
0.5595023189607815,-0.3923875603784174,0.5584293994876329,0.6918971379303415,0.3897825628735039,1.3054598240132387,-0.6090502005980691,-0.21017346732288814,0.4932301777622668,1.513599108080167,1.5945016225624369,0.2538566556710388,0.24245617888536294,0.31965825609369647,-0.21654569785255828,-0.1764916480346692,-0.282603993023614,0.655513463468708,-0.9571664769885428,1.0513149660756937,-0.1420960445125053,-0.23192034667290004,-0.30560444605526793,-0.34099716973523675,-0.24173208127588555,-0.2581988897471611,-0.20301416340319547,1.7036546083024706,-0.32946173471593376,-0.3156839517433792,-0.26726124191242434,-0.20577968041807276,1.508791076307582,-0.49837186151879204,-0.8182696483380675,-0.4114677687570971,1.919095315316124,-0.37976217386784894,-0.42008402520840293,-0.4097355387061661,-0.46885190548373656,-0.4094109196090211
0.30760820006019524,-0.282104960692885,-0.4386423119347994,0.04353750376129116,-0.40299553110650327,1.3054598240132387,-0.5091433498990637,-1.0792236695024597,-0.08775260831353203,1.0106378260597584,1.5945016225624369,-0.031509139931065404,-0.22120503970019206,0.31965825609369647,-0.21654569785255828,-0.1764916480346692,-0.282603993023614,-0.3641568905992346,1.0447503376280172,-0.9511897312113419,-0.1420960445125053,-0.23192034667290004,-0.30560444605526793,2.932575659723036,-0.24173208127588555,-0.2581988897471611,-0.20301416340319547,-0.5869734364739604,-0.32946173471593376,-0.3156839517433792,-0.26726124191242434,-0.20577968041807276,-0.6627822868937354,-0.49837186151879204,1.2220910332321786,-0.4114677687570971,-0.5210788604500733,-0.37976217386784894,-0.42008402520840293,2.4405986435975984,-0.46885190548373656,0.09458768846571695
0.8113964378613678,-1.8145108849456428,-1.7680712604980426,-0.637525170527302,1.499671894445514,-0.7660136157433054,-0.2865438755346129,-0.7181394305686941,-1.2497181804651296,0.5076765440393498,-0.6271552100354432,0.539222451273143,0.706117397470918,0.31965825609369647,-0.21654569785255828,-0.1764916480346692,-0.282603993023614,-1.676616513184581,1.0447503376280172,-0.9511897312113419,-0.1420960445125053,-0.23192034667290004,-0.30560444605526793,2.932575659723036,-0.24173208127588555,-0.2581988897471611,-0.20301416340319547,-0.5869734364739604,-0.32946173471593376,-0.3156839517433792,-0.26726124191242434,-0.20577968041807276,1.508791076307582,-0.49837186151879204,-0.8182696483380675,-0.4114677687570971,-0.5210788604500733,-0.37976217386784894,-0.42008402520840293,2.4405986435975984,-0.46885190548373656,2.483944029487777
-0.6999682755421501,0.17080648435036339,0.8907866366284438,1.5327929140256864,1.182560656853511,1.3054598240132387,1.1086465307181652,0.8587990818369605,1.6551957499138643,1.513599108080167,1.5945016225624369,0.2538566556710388,0.24245617888536294,0.31965825609369647,-0.21654569785255828,-0.1764916480346692,-0.282603993023614,1.1558440071308835,1.0447503376280172,-0.9511897312113419,-0.1420960445125053,-0.23192034667290004,-0.30560444605526793,-0.34099716973523675,-0.24173208127588555,-0.2581988897471611,-0.20301416340319547,-0.5869734364739604,3.0352538538723257,-0.3156839517433792,-0.26726124191242434,-0.20577968041807276,1.508791076307582,-0.49837186151879204,-0.8182696483380675,-0.4114677687570971,-0.5210788604500733,-0.37976217386784894,-0.42008402520840293,2.4405986435975984,-0.46885190548373656,-0.3775625916034494
-1.5396153385441045,0.2653455991403737,-0.7709995490756102,0.056667324316508824,-0.2444399123105017,1.3054598240132387,1.091119013051673,-1.0343431426293364,1.6551957499138643,-0.4982460200014673,-0.6271552100354432,0.2538566556710388,0.24245617888536294,0.31965825609369647,-0.21654569785255828,-0.1764916480346692,-0.282603993023614,-0.6451764290453984,-0.9571664769885428,1.0513149660756937,-0.1420960445125053,-0.23192034667290004,-0.30560444605526793,-0.34099716973523675,-0.24173208127588555,-0.2581988897471611,-0.20301416340319547,1.7036546083024706,-0.32946173471593376,-0.3156839517433792,-0.26726124191242434,-0.20577968041807276,-0.6627822868937354,-0.49837186151879204,1.2220910332321786,-0.4114677687570971,-0.5210788604500733,-0.37976217386784894,-0.42008402520840293,-0.4097355387061661,2.1328696509578076,0.46792980224338404
0.9793258504617588,-1.9137894786251255,0.22607216234682218,0.2100791096534588,0.5483381816695062,-0.7660136157433054,-1.4065522544234637,-0.9486621367806461,1.364704356875965,1.513599108080167,1.5945016225624369,0.44410051940577494,0.24245617888536294,0.31965825609369647,-0.21654569785255828,-0.1764916480346692,-0.282603993023614,0.2473929216303886,1.0447503376280172,-0.9511897312113419,-0.1420960445125053,-0.23192034667290004,-0.30560444605526793,2.932575659723036,-0.24173208127588555,-0.2581988897471611,-0.20301416340319547,-0.5869734364739604,-0.32946173471593376,-0.3156839517433792,-0.26726124191242434,-0.20577968041807276,-0.6627822868937354,-0.49837186151879204,1.2220910332321786,-0.4114677687570971,-0.5210788604500733,-0.37976217386784894,-0.42008402520840293,2.4405986435975984,-0.46885190548373656,-0.3508669403428944
-0.7839329818423455,0.788135995142657,-1.103356786216421,-1.257799883546614,1.02400503805751,1.3054598240132387,-0.24097232960173323,0.13459058002065083,-1.540209573503029,1.513599108080167,1.5945016225624369,0.2538566556710388,0.24245617888536294,0.31965825609369647,-0.21654569785255828,-0.1764916480346692,-0.282603993023614,-1.2671185814812544,1.0447503376280172,-0.9511897312113419,-0.1420960445125053,-0.23192034667290004,-0.30560444605526793,-0.34099716973523675,-0.24173208127588555,-0.2581988897471611,-0.20301416340319547,-0.5869734364739604,3.0352538538723257,-0.3156839517433792,-0.26726124191242434,-0.20577968041807276,-0.6627822868937354,2.0065338298845607,-0.8182696483380675,-0.4114677687570971,-0.5210788604500733,-0.37976217386784894,-0.42008402520840293,-0.4097355387061661,2.1328696509578076,0.341944495897129
0.5595023189607815,0.16881088695797458,-0.4386423119347994,-1.0865601305741566,0.3897825628735039,-0.7660136157433054,-0.575747917031734,0.42223395679839637,0.4932301777622668,-1.001207302021876,-0.6271552100354432,0.2538566556710388,0.24245617888536294,0.31965825609369647,-0.21654569785255828,-0.1764916480346692,-0.282603993023614,-0.654362300308696,-0.9571664769885428,1.0513149660756937,-0.1420960445125053,-0.23192034667290004,3.272203702884454,-0.34099716973523675,-0.24173208127588555,-0.2581988897471611,-0.20301416340319547,-0.5869734364739604,-0.32946173471593376,-0.3156839517433792,-0.26726124191242434,-0.20577968041807276,-0.6627822868937354,-0.49837186151879204,1.2220910332321786,-0.4114677687570971,1.919095315316124,-0.37976217386784894,-0.42008402520840293,-0.4097355387061661,-0.46885190548373656,-0.29981660331667487
0.8953611441615633,0.09286328629850676,-0.7709995490756102,-1.1105715238158145,0.3897825628735039,-0.7660136157433054,0.305886221592823,1.5666873920630435,-0.9592267874272302,-0.4982460200014673,-0.6271552100354432,0.2538566556710388,0.706117397470918,0.31965825609369647,-0.21654569785255828,-0.1764916480346692,-0.282603993023614,-0.9449195820785747,1.0447503376280172,-0.9511897312113419,-0.1420960445125053,-0.23192034667290004,-0.30560444605526793,-0.34099716973523675,-0.24173208127588555,-0.2581988897471611,4.925764701519638,-0.5869734364739604,-0.32946173471593376,-0.3156839517433792,-0.26726124191242434,-0.20577968041807276,-0.6627822868937354,2.0065338298845607,-0.8182696483380675,-0.4114677687570971,-0.5210788604500733,-0.37976217386784894,2.3804761428476167,-0.4097355387061661,-0.46885190548373656,-0.0073312107227923775
-0.02825062514058655,-1.132313769052969,0.22607216234682218,0.18183166782048474,1.02400503805751,1.3054598240132387,1.2173171402504168,0.17947110689377424,1.0742129638380655,-1.5041685840422845,-0.6271552100354432,0.44410051940577494,0.24245617888536294,0.31965825609369647,-0.21654569785255828,-0.1764916480346692,-0.282603993023614,0.24013907012117544,-0.9571664769885428,1.0513149660756937,-0.1420960445125053,-0.23192034667290004,-0.30560444605526793,-0.34099716973523675,-0.24173208127588555,-0.2581988897471611,-0.20301416340319547,-0.5869734364739604,-0.32946173471593376,-0.3156839517433792,-0.26726124191242434,-0.20577968041807276,1.508791076307582,-0.49837186151879204,-0.8182696483380675,-0.4114677687570971,1.919095315316124,-0.37976217386784894,-0.42008402520840293,-0.4097355387061661,-0.46885190548373656,-0.3585345557246837
-0.44807415664156375,-0.4113557435980466,-0.4386423119347994,0.6123383076784251,1.182560656853511,-0.7660136157433054,0.4320843487915668,-0.07553188670351789,-1.540209573503029,-1.5041685840422845,-0.6271552100354432,0.44410051940577494,0.24245617888536294,0.31965825609369647,-0.21654569785255828,-0.1764916480346692,-0.282603993023614,-0.21809068770791382,1.0447503376280172,-0.9511897312113419,-0.1420960445125053,4.3118252207961625,-0.30560444605526793,-0.34099716973523675,-0.24173208127588555,-0.2581988897471611,-0.20301416340319547,-0.5869734364739604,-0.32946173471593376,-0.3156839517433792,-0.26726124191242434,-0.20577968041807276,-0.6627822868937354,-0.49837186151879204,1.2220910332321786,-0.4114677687570971,-0.5210788604500733,-0.37976217386784894,2.3804761428476167,-0.4097355387061661,-0.46885190548373656,0.29309927845423484
-0.2801447440411729,0.9138948992231241,0.22607216234682218,-0.332410620582381,-0.7201067686985057,-0.7660136157433054,1.338257012149213,-1.2281454177632782,0.4932301777622668,-1.001207302021876,-0.6271552100354432,0.15873472380367074,0.24245617888536294,0.31965825609369647,-0.21654569785255828,-0.1764916480346692,-0.282603993023614,0.10808331718294137,-0.9571664769885428,1.0513149660756937,-0.1420960445125053,-0.23192034667290004,-0.30560444605526793,-0.34099716973523675,4.1368112776835515,-0.2581988897471611,-0.20301416340319547,-0.5869734364739604,-0.32946173471593376,-0.3156839517433792,-0.26726124191242434,-0.20577968041807276,-0.6627822868937354,-0.49837186151879204,1.2220910332321786,2.430324015464581,-0.5210788604500733,-0.37976217386784894,-0.42008402520840293,-0.4097355387061661,-0.46885190548373656,-0.49812284495240505
0.39157290636039066,1.0663175086809813,-1.4357140233572319,-0.8894791167547547,-0.8786623874945072,-0.7660136157433054,-0.4618190521995348,-0.9099016817538578,-0.37824400135143144,1.513599108080167,1.5945016225624369,0.539222451273143,0.706117397470918,0.31965825609369647,-0.21654569785255828,-0.1764916480346692,-0.282603993023614,-1.4569262361521629,1.0447503376280172,-0.9511897312113419,-0.1420960445125053,-0.23192034667290004,-0.30560444605526793,-0.34099716973523675,-0.24173208127588555,-0.2581988897471611,-0.20301416340319547,1.7036546083024706,-0.32946173471593376,-0.3156839517433792,-0.26726124191242434,-0.20577968041807276,1.508791076307582,-0.49837186151879204,-0.8182696483380675,-0.4114677687570971,-0.5210788604500733,-0.37976217386784894,-0.42008402520840293,2.4405986435975984,-0.46885190548373656,1.180729858410997
-1.2877212196435182,-2.122278533707802,-1.103356786216421,-0.8522206934691005,-0.5615511499025041,-0.7660136157433054,-1.713283813587077,-1.087383765297573,-0.37824400135143144,1.513599108080167,1.5945016225624369,0.44410051940577494,0.24245617888536294,0.31965825609369647,-0.21654569785255828,-0.1764916480346692,-0.282603993023614,-1.1629671600022686,1.0447503376280172,-0.9511897312113419,-0.1420960445125053,-0.23192034667290004,-0.30560444605526793,-0.34099716973523675,-0.24173208127588555,-0.2581988897471611,-0.20301416340319547,-0.5869734364739604,3.0352538538723257,-0.3156839517433792,-0.26726124191242434,-0.20577968041807276,-0.6627822868937354,-0.49837186151879204,1.2220910332321786,-0.4114677687570971,-0.5210788604500733,-0.37976217386784894,-0.42008402520840293,-0.4097355387061661,2.1328696509578076,0.540110597400004
-0.44807415664156375,-0.4505375297657769,-1.4357140233572319,-0.5799049288289233,1.499671894445514,-0.7660136157433054,0.25856192389329413,-0.675298927644349,-0.6687353943893308,-1.001207302021876,-0.6271552100354432,-0.031509139931065404,-0.22120503970019206,0.31965825609369647,-0.21654569785255828,-0.1764916480346692,-0.282603993023614,-1.3774285880615005,1.0447503376280172,-0.9511897312113419,-0.1420960445125053,-0.23192034667290004,-0.30560444605526793,-0.34099716973523675,-0.24173208127588555,-0.2581988897471611,-0.20301416340319547,1.7036546083024706,-0.32946173471593376,-0.3156839517433792,-0.26726124191242434,-0.20577968041807276,-0.6627822868937354,2.0065338298845607,-0.8182696483380675,-0.4114677687570971,-0.5210788604500733,-0.37976217386784894,-0.42008402520840293,2.4405986435975984,-0.46885190548373656,1.369802397905244
1.0632905567619542,-0.9979710648802431,-0.4386423119347994,-0.8607973595820321,1.182560656853511,-0.7660136157433054,-0.479346569866027,0.03666943047929066,-0.08775260831353203,-0.4982460200014673,-0.6271552100354432,-3.075410959686844,-3.003172351213522,-3.1283409107596607,-0.21654569785255828,-0.1764916480346692,-0.282603993023614,-0.5963871524433163,1.0447503376280172,-0.9511897312113419,-0.1420960445125053,-0.23192034667290004,-0.30560444605526793,-0.34099716973523675,-0.24173208127588555,-0.2581988897471611,-0.20301416340319547,1.7036546083024706,-0.32946173471593376,-0.3156839517433792,-0.26726124191242434,-0.20577968041807276,-0.6627822868937354,-0.49837186151879204,1.2220910332321786,2.430324015464581,-0.5210788604500733,-0.37976217386784894,-0.42008402520840293,-0.4097355387061661,-0.46885190548373656,-0.22102535280995206
1.399149381962736,1.0522751024939645,0.8907866366284438,0.40783454535873787,-0.2444399123105017,1.3054598240132387,-0.8298969231958707,-1.0649435018610114,1.6551957499138643,1.513599108080167,1.5945016225624369,-3.075410959686844,-3.003172351213522,-3.1283409107596607,-0.21654569785255828,-0.1764916480346692,-0.282603993023614,0.8669583441880893,1.0447503376280172,-0.9511897312113419,-0.1420960445125053,-0.23192034667290004,-0.30560444605526793,-0.34099716973523675,-0.24173208127588555,-0.2581988897471611,-0.20301416340319547,1.7036546083024706,-0.32946173471593376,-0.3156839517433792,-0.26726124191242434,-0.20577968041807276,-0.6627822868937354,-0.49837186151879204,1.2220910332321786,-0.4114677687570971,-0.5210788604500733,-0.37976217386784894,-0.42008402520840293,-0.4097355387061661,2.1328696509578076,-0.6274057561059984
-0.44807415664156375,-0.17645189702647562,-1.4357140233572319,0.14308949389256664,0.706893800465507,-0.7660136157433054,-0.12879621653618323,-0.7487397898003691,1.364704356875965,1.0106378260597584,1.5945016225624369,0.539222451273143,0.706117397470918,0.31965825609369647,-0.21654569785255828,-0.1764916480346692,-0.282603993023614,-1.1917659636220392,1.0447503376280172,-0.9511897312113419,-0.1420960445125053,-0.23192034667290004,-0.30560444605526793,-0.34099716973523675,-0.24173208127588555,-0.2581988897471611,-0.20301416340319547,-0.5869734364739604,3.0352538538723257,-0.3156839517433792,-0.26726124191242434,-0.20577968041807276,-0.6627822868937354,-0.49837186151879204,1.2220910332321786,2.430324015464581,-0.5210788604500733,-0.37976217386784894,-0.42008402520840293,-0.4097355387061661,-0.46885190548373656,1.8113714849793894
-0.9518623944427365,-1.2466264897936103,0.8907866366284438,0.6492594543213589,1.499671894445514,-0.7660136157433054,1.0315254529855997,0.8485989620930688,-1.540209573503029,-1.001207302021876,-0.6271552100354432,0.44410051940577494,0.24245617888536294,0.31965825609369647,-0.21654569785255828,-0.1764916480346692,-0.282603993023614,0.928955478321342,1.0447503376280172,-0.9511897312113419,-0.1420960445125053,4.3118252207961625,-0.30560444605526793,-0.34099716973523675,-0.24173208127588555,-0.2581988897471611,-0.20301416340319547,-0.5869734364739604,-0.32946173471593376,-0.3156839517433792,-0.26726124191242434,-0.20577968041807276,-0.6627822868937354,-0.49837186151879204,-0.8182696483380675,-0.4114677687570971,-0.5210788604500733,-0.37976217386784894,2.3804761428476167,-0.4097355387061661,-0.46885190548373656,-0.5737874490423894
0.13967878745980433,0.40378716559623046,-0.4386423119347994,-0.09856136840620201,0.23122694407750302,1.3054598240132387,-1.6922507923872865,-0.9955826876025479,-0.6687353943893308,-1.001207302021876,-0.6271552100354432,0.15873472380367074,0.24245617888536294,0.31965825609369647,-0.21654569785255828,-0.1764916480346692,-0.282603993023614,-0.4006474204116161,1.0447503376280172,-0.9511897312113419,-0.1420960445125053,-0.23192034667290004,-0.30560444605526793,-0.34099716973523675,-0.24173208127588555,-0.2581988897471611,-0.20301416340319547,-0.5869734364739604,-0.32946173471593376,3.1677251709421848,-0.26726124191242434,-0.20577968041807276,-0.6627822868937354,-0.49837186151879204,1.2220910332321786,-0.4114677687570971,-0.5210788604500733,2.633226974174589,-0.42008402520840293,-0.4097355387061661,-0.46885190548373656,0.04499515474339523
0.22364349375999978,0.6229385771687684,0.22607216234682218,-1.2752348614559956,-1.829996100270516,1.3054598240132387,0.281347696859734,0.24475187325468103,-0.9592267874272302,-0.4982460200014673,-0.6271552100354432,0.2538566556710388,0.706117397470918,0.31965825609369647,-0.21654569785255828,-0.1764916480346692,-0.282603993023614,-0.13403089206202984,1.0447503376280172,-0.9511897312113419,-0.1420960445125053,-0.23192034667290004,-0.30560444605526793,-0.34099716973523675,4.1368112776835515,-0.2581988897471611,-0.20301416340319547,-0.5869734364739604,-0.32946173471593376,-0.3156839517433792,-0.26726124191242434,-0.20577968041807276,-0.6627822868937354,-0.49837186151879204,-0.8182696483380675,-0.4114677687570971,-0.5210788604500733,-0.37976217386784894,-0.42008402520840293,2.4405986435975984,-0.46885190548373656,-0.7540473882930917
-0.02825062514058655,-0.5995419627813786,-0.4386423119347994,-1.439309911533402,0.23122694407750302,-0.7660136157433054,0.9351241058198926,1.2872041110804113,-0.9592267874272302,-1.5041685840422845,-0.6271552100354432,0.15873472380367074,0.24245617888536294,0.31965825609369647,-0.21654569785255828,-0.1764916480346692,-0.282603993023614,-0.744947300752838,1.0447503376280172,-0.9511897312113419,-0.1420960445125053,-0.23192034667290004,3.272203702884454,-0.34099716973523675,-0.24173208127588555,-0.2581988897471611,-0.20301416340319547,-0.5869734364739604,-0.32946173471593376,-0.3156839517433792,-0.26726124191242434,-0.20577968041807276,-0.6627822868937354,-0.49837186151879204,1.2220910332321786,-0.4114677687570971,1.919095315316124,-0.37976217386784894,-0.42008402520840293,-0.4097355387061661,-0.46885190548373656,-0.42292634473068835
-0.44807415664156375,-0.648474702969981,-0.4386423119347994,-0.1897767303314755,1.499671894445514,-0.7660136157433054,-1.255815602491631,-0.7283395503125858,0.4932301777622668,0.5076765440393498,-0.6271552100354432,0.539222451273143,0.706117397470918,0.31965825609369647,-0.21654569785255828,-0.1764916480346692,-0.282603993023614,-0.4240712297136211,1.0447503376280172,-0.9511897312113419,-0.1420960445125053,-0.23192034667290004,-0.30560444605526793,-0.34099716973523675,-0.24173208127588555,-0.2581988897471611,-0.20301416340319547,1.7036546083024706,-0.32946173471593376,-0.3156839517433792,-0.26726124191242434,-0.20577968041807276,-0.6627822868937354,-0.49837186151879204,1.2220910332321786,-0.4114677687570971,-0.5210788604500733,-0.37976217386784894,-0.42008402520840293,-0.4097355387061661,2.1328696509578076,0.013160975884178555
-0.112215331440782,0.9850716504169599,0.8907866366284438,1.4058031084927989,1.499671894445514,-0.7660136157433054,0.3672325334255457,-0.20405339547655313,-1.2497181804651296,-0.4982460200014673,-0.6271552100354432,0.15873472380367074,0.24245617888536294,0.31965825609369647,-0.21654569785255828,-0.1764916480346692,-0.282603993023614,1.1232334366598922,-0.9571664769885428,1.0513149660756937,-0.1420960445125053,-0.23192034667290004,-0.30560444605526793,-0.34099716973523675,-0.24173208127588555,-0.2581988897471611,4.925764701519638,-0.5869734364739604,-0.32946173471593376,-0.3156839517433792,-0.26726124191242434,-0.20577968041807276,-0.6627822868937354,-0.49837186151879204,1.2220910332321786,2.430324015464581,-0.5210788604500733,-0.37976217386784894,-0.42008402520840293,-0.4097355387061661,-0.46885190548373656,-0.40576588850544615
0.055714081159608894,0.9727417307285599,-0.7709995490756102,0.18083016099812307,-0.5615511499025041,1.3054598240132387,-0.8596937032289075,-0.7507798137491475,-1.540209573503029,-0.4982460200014673,-0.6271552100354432,0.44410051940577494,0.24245617888536294,0.31965825609369647,-0.21654569785255828,-0.1764916480346692,-0.282603993023614,-0.6132918150128546,-0.9571664769885428,1.0513149660756937,-0.1420960445125053,-0.23192034667290004,-0.30560444605526793,-0.34099716973523675,-0.24173208127588555,-0.2581988897471611,-0.20301416340319547,-0.5869734364739604,3.0352538538723257,-0.3156839517433792,-0.26726124191242434,-0.20577968041807276,-0.6627822868937354,-0.49837186151879204,1.2220910332321786,-0.4114677687570971,-0.5210788604500733,-0.37976217386784894,-0.42008402520840293,2.4405986435975984,-0.46885190548373656,0.5184847984452996
-0.7839329818423455,1.5703725066005612,0.8907866366284438,-0.6493631888210545,1.182560656853511,-0.7660136157433054,0.21123762619376524,-0.038811455625507814,-0.37824400135143144,-1.5041685840422845,-0.6271552100354432,0.15873472380367074,0.24245617888536294,0.31965825609369647,-0.21654569785255828,-0.1764916480346692,-0.282603993023614,0.5954733925608997,1.0447503376280172,-0.9511897312113419,-0.1420960445125053,-0.23192034667290004,3.272203702884454,-0.34099716973523675,-0.24173208127588555,-0.2581988897471611,-0.20301416340319547,-0.5869734364739604,-0.32946173471593376,-0.3156839517433792,-0.26726124191242434,-0.20577968041807276,-0.6627822868937354,-0.49837186151879204,1.2220910332321786,-0.4114677687570971,-0.5210788604500733,-0.37976217386784894,-0.42008402520840293,-0.4097355387061661,2.1328696509578076,-0.862199891399553
-0.44807415664156375,0.1386561167201221,0.22607216234682218,-2.135850564221761,0.23122694407750302,1.3054598240132387,0.27784219332643556,1.3871652845705498,-0.6687353943893308,0.5076765440393498,-0.6271552100354432,0.15873472380367074,0.24245617888536294,0.31965825609369647,-0.21654569785255828,-0.1764916480346692,-0.282603993023614,-0.3550342151690663,-0.9571664769885428,1.0513149660756937,-0.1420960445125053,-0.23192034667290004,-0.30560444605526793,-0.34099716973523675,-0.24173208127588555,-0.2581988897471611,-0.20301416340319547,1.7036546083024706,-0.32946173471593376,-0.3156839517433792,-0.26726124191242434,-0.20577968041807276,-0.6627822868937354,2.0065338298845607,-0.8182696483380675,-0.4114677687570971,1.919095315316124,-0.37976217386784894,-0.42008402520840293,-0.4097355387061661,-0.46885190548373656,-0.987656868378232
-0.02825062514058655,-1.556819390772486,-1.7680712604980426,-1.9134023153477862,0.706893800465507,-0.7660136157433054,-0.9157817597616824,-0.31829473660814,-1.2497181804651296,1.513599108080167,1.5945016225624369,0.539222451273143,0.706117397470918,0.31965825609369647,4.617962905367348,-0.1764916480346692,-0.282603993023614,-2.00425762869696,-0.9571664769885428,1.0513149660756937,-0.1420960445125053,-0.23192034667290004,-0.30560444605526793,-0.34099716973523675,-0.24173208127588555,-0.2581988897471611,-0.20301416340319547,1.7036546083024706,-0.32946173471593376,-0.3156839517433792,-0.26726124191242434,-0.20577968041807276,1.508791076307582,-0.49837186151879204,-0.8182696483380675,-0.4114677687570971,-0.5210788604500733,-0.37976217386784894,-0.42008402520840293,-0.4097355387061661,2.1328696509578076,1.4449541685214031
2.154831738664495,0.28817571312215245,-1.7680712604980426,-2.5497129504158944,-1.1957736250865103,-0.7660136157433054,-0.8351551784958184,0.13663060396942917,1.6551957499138643,-0.4982460200014673,-0.6271552100354432,0.539222451273143,0.706117397470918,0.31965825609369647,-0.21654569785255828,-0.1764916480346692,-0.282603993023614,-2.1676601374200377,1.0447503376280172,-0.9511897312113419,-0.1420960445125053,-0.23192034667290004,-0.30560444605526793,-0.34099716973523675,-0.24173208127588555,-0.2581988897471611,-0.20301416340319547,-0.5869734364739604,-0.32946173471593376,3.1677251709421848,-0.26726124191242434,-0.20577968041807276,1.508791076307582,-0.49837186151879204,-0.8182696483380675,-0.4114677687570971,1.919095315316124,-0.37976217386784894,-0.42008402520840293,-0.4097355387061661,-0.46885190548373656,0.9267849224112237
0.9793258504617588,-0.6987665328729886,-0.1062850747939886,1.0857310824721507,-1.829996100270516,-0.7660136157433054,-1.1418867376594317,-0.518217083588417,-0.08775260831353203,-0.4982460200014673,-0.6271552100354432,-3.075410959686844,-3.003172351213522,-3.1283409107596607,-0.21654569785255828,-0.1764916480346692,-0.282603993023614,0.18786627634323166,-0.9571664769885428,1.0513149660756937,-0.1420960445125053,-0.23192034667290004,-0.30560444605526793,-0.34099716973523675,-0.24173208127588555,-0.2581988897471611,-0.20301416340319547,-0.5869734364739604,3.0352538538723257,-0.3156839517433792,-0.26726124191242434,-0.20577968041807276,-0.6627822868937354,-0.49837186151879204,1.2220910332321786,2.430324015464581,-0.5210788604500733,-0.37976217386784894,-0.42008402520840293,-0.4097355387061661,-0.46885190548373656,0.13685066382132977
0.22364349375999978,-1.5101173630418214,1.8878583480508762,1.5327929140256864,1.02400503805751,-0.7660136157433054,-1.6449264946877575,-1.2240653698657216,-0.6687353943893308,-0.4982460200014673,-0.6271552100354432,0.2538566556710388,0.706117397470918,0.31965825609369647,-0.21654569785255828,-0.1764916480346692,-0.282603993023614,2.00901770855894,1.0447503376280172,-0.9511897312113419,-0.1420960445125053,-0.23192034667290004,-0.30560444605526793,-0.34099716973523675,-0.24173208127588555,-0.2581988897471611,-0.20301416340319547,1.7036546083024706,-0.32946173471593376,-0.3156839517433792,-0.26726124191242434,-0.20577968041807276,-0.6627822868937354,-0.49837186151879204,1.2220910332321786,-0.4114677687570971,-0.5210788604500733,-0.37976217386784894,-0.42008402520840293,-0.4097355387061661,2.1328696509578076,-0.7495253558819684
0.7274317315611725,0.03272149951037594,0.5584293994876329,1.163671840897132,0.706893800465507,1.3054598240132387,-1.0034193480941433,-0.5692176823078755,-0.6687353943893308,-1.5041685840422845,-0.6271552100354432,0.44410051940577494,0.24245617888536294,0.31965825609369647,-0.21654569785255828,-0.1764916480346692,-0.282603993023614,0.776663678109717,1.0447503376280172,-0.9511897312113419,-0.1420960445125053,-0.23192034667290004,-0.30560444605526793,-0.34099716973523675,-0.24173208127588555,-0.2581988897471611,-0.20301416340319547,-0.5869734364739604,-0.32946173471593376,-0.3156839517433792,-0.26726124191242434,-0.20577968041807276,-0.6627822868937354,-0.49837186151879204,1.2220910332321786,-0.4114677687570971,-0.5210788604500733,2.633226974174589,-0.42008402520840293,-0.4097355387061661,-0.46885190548373656,-0.2941562961448119
0.9793258504617588,0.1717128475668323,-0.1062850747939886,0.13243739923458958,-0.7201067686985057,-0.7660136157433054,0.3654797816588965,-0.7099793347735807,-1.2497181804651296,0.004715262018941286,-0.6271552100354432,0.44410051940577494,0.24245617888536294,0.31965825609369647,-0.21654569785255828,-0.1764916480346692,-0.282603993023614,-0.05693645176802762,-0.9571664769885428,-0.9511897312113419,7.037493572961446,-0.23192034667290004,-0.30560444605526793,-0.34099716973523675,-0.24173208127588555,-0.2581988897471611,-0.20301416340319547,-0.5869734364739604,-0.32946173471593376,-0.3156839517433792,3.741657386773941,-0.20577968041807276,-0.6627822868937354,2.0065338298845607,-0.8182696483380675,-0.4114677687570971,-0.5210788604500733,-0.37976217386784894,2.3804761428476167,-0.4097355387061661,-0.46885190548373656,-0.15426155516110812
1.0632905567619542,-1.002731266774558,0.8907866366284438,-0.5439419014850934,0.3897825628735039,-0.7660136157433054,-0.09549393296984807,-0.2754542336837949,1.364704356875965,-1.5041685840422845,-0.6271552100354432,0.44410051940577494,0.24245617888536294,0.31965825609369647,-0.21654569785255828,-0.1764916480346692,-0.282603993023614,0.6225452374651868,-0.9571664769885428,1.0513149660756937,-0.1420960445125053,-0.23192034667290004,-0.30560444605526793,-0.34099716973523675,-0.24173208127588555,3.8729833462074166,-0.20301416340319547,-0.5869734364739604,-0.32946173471593376,-0.3156839517433792,-0.26726124191242434,-0.20577968041807276,1.508791076307582,-0.49837186151879204,-0.8182696483380675,-0.4114677687570971,-0.5210788604500733,2.633226974174589,-0.42008402520840293,-0.4097355387061661,-0.46885190548373656,-0.8387867689520442
-0.44807415664156375,1.50836063437208,-1.103356786216421,-1.0241002577498373,0.3897825628735039,-0.7660136157433054,0.4163095828917238,-0.5773777781029888,-1.540209573503029,-0.4982460200014673,-0.6271552100354432,0.15873472380367074,0.24245617888536294,0.31965825609369647,-0.21654569785255828,-0.1764916480346692,-0.282603993023614,-1.2071052750263807,1.0447503376280172,-0.9511897312113419,-0.1420960445125053,-0.23192034667290004,-0.30560444605526793,-0.34099716973523675,-0.24173208127588555,-0.2581988897471611,-0.20301416340319547,1.7036546083024706,-0.32946173471593376,-0.3156839517433792,-0.26726124191242434,-0.20577968041807276,-0.6627822868937354,-0.49837186151879204,1.2220910332321786,-0.4114677687570971,-0.5210788604500733,-0.37976217386784894,2.3804761428476167,-0.4097355387061661,-0.46885190548373656,0.45613019600165616
0.13967878745980433,0.16490403963370737,-0.4386423119347994,0.13560676475426012,-0.08588429351450011,1.3054598240132387,0.17618259086078086,-0.3570551916349284,-0.37824400135143144,1.513599108080167,1.5945016225624369,0.15873472380367074,0.24245617888536294,0.31965825609369647,-0.21654569785255828,-0.1764916480346692,-0.282603993023614,-0.34051380278423893,-0.9571664769885428,1.0513149660756937,-0.1420960445125053,-0.23192034667290004,-0.30560444605526793,-0.34099716973523675,-0.24173208127588555,-0.2581988897471611,-0.20301416340319547,1.7036546083024706,-0.32946173471593376,-0.3156839517433792,-0.26726124191242434,-0.20577968041807276,-0.6627822868937354,2.0065338298845607,-0.8182696483380675,2.430324015464581,-0.5210788604500733,-0.37976217386784894,-0.42008402520840293,-0.4097355387061661,-0.46885190548373656,0.12671987826382566
0.4755376126605861,-0.7933703727633705,-1.103356786216421,-0.31938667812403193,-1.0372180062905088,-0.7660136157433054,-1.6431737429211082,-0.9139817296514144,-0.6687353943893308,-1.001207302021876,-0.6271552100354432,0.44410051940577494,0.24245617888536294,0.31965825609369647,-0.21654569785255828,-0.1764916480346692,-0.282603993023614,-1.0261371118433908,-0.9571664769885428,1.0513149660756937,-0.1420960445125053,-0.23192034667290004,-0.30560444605526793,-0.34099716973523675,-0.24173208127588555,-0.2581988897471611,-0.20301416340319547,1.7036546083024706,-0.32946173471593376,-0.3156839517433792,-0.26726124191242434,-0.20577968041807276,-0.6627822868937354,2.0065338298845607,-0.8182696483380675,-0.4114677687570971,1.919095315316124,-0.37976217386784894,-0.42008402520840293,-0.4097355387061661,-0.46885190548373656,0.8004534408010057
1.4831140882629315,0.4445762991829389,-0.1062850747939886,0.39002397547874956,0.706893800465507,1.3054598240132387,-1.5625471616552442,-0.7466997658515908,-1.2497181804651296,0.5076765440393498,-0.6271552100354432,-0.031509139931065404,-0.22120503970019206,0.31965825609369647,-0.21654569785255828,-0.1764916480346692,-0.282603993023614,0.009210946141138222,1.0447503376280172,-0.9511897312113419,-0.1420960445125053,-0.23192034667290004,-0.30560444605526793,-0.34099716973523675,-0.24173208127588555,-0.2581988897471611,-0.20301416340319547,1.7036546083024706,-0.32946173471593376,-0.3156839517433792,-0.26726124191242434,-0.20577968041807276,-0.6627822868937354,-0.49837186151879204,-0.8182696483380675,-0.4114677687570971,-0.5210788604500733,2.633226974174589,-0.42008402520840293,-0.4097355387061661,-0.46885190548373656,-0.07560101108212293
2.5326729170153746,-0.6919651055999825,0.8907866366284438,-0.1904092528141432,-1.1957736250865103,-0.7660136157433054,0.7580961773883215,0.13051053212309416,0.20273878472436738,0.004715262018941286,-0.6271552100354432,0.539222451273143,0.706117397470918,0.31965825609369647,-0.21654569785255828,-0.1764916480346692,-0.282603993023614,0.7133312758003225,-0.9571664769885428,1.0513149660756937,-0.1420960445125053,-0.23192034667290004,-0.30560444605526793,2.932575659723036,-0.24173208127588555,-0.2581988897471611,-0.20301416340319547,-0.5869734364739604,-0.32946173471593376,-0.3156839517433792,-0.26726124191242434,-0.20577968041807276,-0.6627822868937354,-0.49837186151879204,1.2220910332321786,-0.4114677687570971,1.919095315316124,-0.37976217386784894,-0.42008402520840293,-0.4097355387061661,-0.46885190548373656,-0.7602703383364076
-0.3641094503413683,0.7034389941886721,-1.103356786216421,1.0902475683583241,0.706893800465507,-0.7660136157433054,-1.096315191726552,-0.27749425763257324,-0.37824400135143144,0.5076765440393498,-0.6271552100354432,0.44410051940577494,0.24245617888536294,0.31965825609369647,-0.21654569785255828,-0.1764916480346692,-0.282603993023614,-0.6641476061477513,1.0447503376280172,-0.9511897312113419,-0.1420960445125053,-0.23192034667290004,-0.30560444605526793,-0.34099716973523675,-0.24173208127588555,-0.2581988897471611,-0.20301416340319547,1.7036546083024706,-0.32946173471593376,-0.3156839517433792,-0.26726124191242434,-0.20577968041807276,-0.6627822868937354,-0.49837186151879204,-0.8182696483380675,-0.4114677687570971,-0.5210788604500733,-0.37976217386784894,-0.42008402520840293,2.4405986435975984,-0.46885190548373656,1.4892011132764198
-0.19618003774097745,-1.486757461860418,-1.7680712604980426,-2.5731662987534527,1.02400503805751,1.3054598240132387,0.1902046049939746,-0.4651764609201803,-0.37824400135143144,1.0106378260597584,1.5945016225624369,0.2538566556710388,0.24245617888536294,0.31965825609369647,-0.21654569785255828,-0.1764916480346692,-0.282603993023614,-2.1736828812578852,-0.9571664769885428,1.0513149660756937,-0.1420960445125053,-0.23192034667290004,-0.30560444605526793,-0.34099716973523675,-0.24173208127588555,-0.2581988897471611,-0.20301416340319547,1.7036546083024706,-0.32946173471593376,-0.3156839517433792,-0.26726124191242434,-0.20577968041807276,-0.6627822868937354,-0.49837186151879204,1.2220910332321786,-0.4114677687570971,1.919095315316124,-0.37976217386784894,-0.42008402520840293,-0.4097355387061661,-0.46885190548373656,0.9076860685542057
-0.112215331440782,-0.29718598470030677,1.5555011109100654,0.509215882981837,-0.40299553110650327,-0.7660136157433054,0.08328674722837226,-0.2795342815813516,0.20273878472436738,0.004715262018941286,-0.6271552100354432,0.539222451273143,0.706117397470918,0.31965825609369647,-0.21654569785255828,-0.1764916480346692,-0.282603993023614,1.4617752107188011,1.0447503376280172,-0.9511897312113419,-0.1420960445125053,-0.23192034667290004,-0.30560444605526793,-0.34099716973523675,-0.24173208127588555,3.8729833462074166,-0.20301416340319547,-0.5869734364739604,-0.32946173471593376,-0.3156839517433792,-0.26726124191242434,-0.20577968041807276,1.508791076307582,-0.49837186151879204,-0.8182696483380675,-0.4114677687570971,1.919095315316124,-0.37976217386784894,-0.42008402520840293,-0.4097355387061661,-0.46885190548373656,-0.8369666325106565
1.5670787945631268,0.055038305801959155,-1.103356786216421,0.10019989575913,0.8654494192615079,1.3054598240132387,0.18845185322732538,-0.7487397898003691,-0.37824400135143144,1.513599108080167,1.5945016225624369,0.539222451273143,0.706117397470918,0.31965825609369647,-0.21654569785255828,-0.1764916480346692,-0.282603993023614,-0.9183886396027984,1.0447503376280172,-0.9511897312113419,-0.1420960445125053,-0.23192034667290004,-0.30560444605526793,2.932575659723036,-0.24173208127588555,-0.2581988897471611,-0.20301416340319547,-0.5869734364739604,-0.32946173471593376,-0.3156839517433792,-0.26726124191242434,-0.20577968041807276,1.508791076307582,-0.49837186151879204,-0.8182696483380675,-0.4114677687570971,1.919095315316124,-0.37976217386784894,-0.42008402520840293,-0.4097355387061661,-0.46885190548373656,1.0054635538038033
-0.6999682755421501,1.7899473330309645,0.22607216234682218,-0.17863151569632219,1.182560656853511,1.3054598240132387,1.562609238280313,2.4948982887571867,-0.9592267874272302,1.513599108080167,1.5945016225624369,0.44410051940577494,0.24245617888536294,0.31965825609369647,-0.21654569785255828,-0.1764916480346692,-0.282603993023614,0.14757329290035456,-0.9571664769885428,-0.9511897312113419,-0.1420960445125053,-0.23192034667290004,-0.30560444605526793,-0.34099716973523675,-0.24173208127588555,-0.2581988897471611,-0.20301416340319547,-0.5869734364739604,-0.32946173471593376,-0.3156839517433792,3.741657386773941,-0.20577968041807276,1.508791076307582,-0.49837186151879204,-0.8182696483380675,-0.4114677687570971,1.919095315316124,-0.37976217386784894,-0.42008402520840293,-0.4097355387061661,-0.46885190548373656,-0.4563803382505862
1.1472552630621498,0.7235934217485417,-0.4386423119347994,-0.9937233775539398,1.3411162756495132,1.3054598240132387,0.6143705325230856,1.6564484458092903,0.7837215708001662,-1.001207302021876,-0.6271552100354432,0.44410051940577494,0.24245617888536294,0.31965825609369647,-0.21654569785255828,-0.1764916480346692,-0.282603993023614,-0.6305221230286409,-0.9571664769885428,1.0513149660756937,-0.1420960445125053,-0.23192034667290004,-0.30560444605526793,-0.34099716973523675,-0.24173208127588555,-0.2581988897471611,-0.20301416340319547,-0.5869734364739604,-0.32946173471593376,3.1677251709421848,-0.26726124191242434,-0.20577968041807276,-0.6627822868937354,-0.49837186151879204,-0.8182696483380675,-0.4114677687570971,-0.5210788604500733,-0.37976217386784894,-0.42008402520840293,2.4405986435975984,-0.46885190548373656,-0.2674165586534129
-0.2801447440411729,0.4797719899768531,0.5584293994876329,0.6829578228763767,1.499671894445514,1.3054598240132387,1.18752036021738,0.2998325198716961,1.0742129638380655,0.004715262018941286,-0.6271552100354432,0.2538566556710388,0.24245617888536294,0.31965825609369647,-0.21654569785255828,-0.1764916480346692,-0.282603993023614,0.6532178763362888,1.0447503376280172,-0.9511897312113419,-0.1420960445125053,-0.23192034667290004,-0.30560444605526793,-0.34099716973523675,4.1368112776835515,-0.2581988897471611,-0.20301416340319547,-0.5869734364739604,-0.32946173471593376,-0.3156839517433792,-0.26726124191242434,-0.20577968041807276,-0.6627822868937354,-0.49837186151879204,1.2220910332321786,2.430324015464581,-0.5210788604500733,-0.37976217386784894,-0.42008402520840293,-0.4097355387061661,-0.46885190548373656,-0.4115947954804776
2.322761151264886,0.42612812906287684,-0.1062850747939886,0.28068473776942576,-0.40299553110650327,-0.7660136157433054,-0.5967809382315247,0.25495199299857274,0.4932301777622668,1.513599108080167,1.5945016225624369,0.2538566556710388,0.24245617888536294,0.31965825609369647,-0.21654569785255828,-0.1764916480346692,-0.282603993023614,-0.018867015720461257,-0.9571664769885428,1.0513149660756937,-0.1420960445125053,-0.23192034667290004,3.272203702884454,-0.34099716973523675,-0.24173208127588555,-0.2581988897471611,-0.20301416340319547,-0.5869734364739604,-0.32946173471593376,-0.3156839517433792,-0.26726124191242434,-0.20577968041807276,-0.6627822868937354,2.0065338298845607,-0.8182696483380675,-0.4114677687570971,-0.5210788604500733,-0.37976217386784894,2.3804761428476167,-0.4097355387061661,-0.46885190548373656,-0.10899049920220465
-0.5320388629417592,1.7126930079360398,0.22607216234682218,0.4075712038259674,-0.8786623874945072,-0.7660136157433054,-0.2567470955015762,-0.11633236567908463,-1.2497181804651296,-1.001207302021876,-0.6271552100354432,0.539222451273143,0.706117397470918,0.31965825609369647,-0.21654569785255828,-0.1764916480346692,-0.282603993023614,0.29810825131729246,1.0447503376280172,-0.9511897312113419,-0.1420960445125053,-0.23192034667290004,-0.30560444605526793,-0.34099716973523675,-0.24173208127588555,-0.2581988897471611,-0.20301416340319547,1.7036546083024706,-0.32946173471593376,-0.3156839517433792,-0.26726124191242434,-0.20577968041807276,-0.6627822868937354,-0.49837186151879204,1.2220910332321786,2.430324015464581,-0.5210788604500733,-0.37976217386784894,-0.42008402520840293,-0.4097355387061661,-0.46885190548373656,-0.29725877900874975
0.8953611441615633,-0.4381860414632961,-1.103356786216421,0.07121451712398225,-0.5615511499025041,1.3054598240132387,0.5845737524900488,1.3810452127242148,1.0742129638380655,0.5076765440393498,-0.6271552100354432,0.2538566556710388,0.24245617888536294,0.31965825609369647,-0.21654569785255828,-0.1764916480346692,-0.282603993023614,-0.9258319908910639,1.0447503376280172,-0.9511897312113419,-0.1420960445125053,-0.23192034667290004,-0.30560444605526793,2.932575659723036,-0.24173208127588555,-0.2581988897471611,-0.20301416340319547,-0.5869734364739604,-0.32946173471593376,-0.3156839517433792,-0.26726124191242434,-0.20577968041807276,-0.6627822868937354,-0.49837186151879204,1.2220910332321786,-0.4114677687570971,-0.5210788604500733,-0.37976217386784894,2.3804761428476167,-0.4097355387061661,-0.46885190548373656,0.9913012899962983
1.3151846756625405,1.713505348453806,-0.4386423119347994,0.723272282441124,0.23122694407750302,1.3054598240132387,1.2856744591497364,0.2488319211522377,0.7837215708001662,0.004715262018941286,-0.6271552100354432,0.15873472380367074,0.24245617888536294,0.31965825609369647,-0.21654569785255828,-0.1764916480346692,-0.282603993023614,-0.18960320253974977,1.0447503376280172,-0.9511897312113419,-0.1420960445125053,-0.23192034667290004,-0.30560444605526793,-0.34099716973523675,-0.24173208127588555,-0.2581988897471611,4.925764701519638,-0.5869734364739604,-0.32946173471593376,-0.3156839517433792,-0.26726124191242434,-0.20577968041807276,-0.6627822868937354,-0.49837186151879204,1.2220910332321786,-0.4114677687570971,-0.5210788604500733,2.633226974174589,-0.42008402520840293,-0.4097355387061661,-0.46885190548373656,0.33181525698702474
1.1472552630621498,1.3910523878410785,-1.4357140233572319,0.22539730321998086,1.499671894445514,1.3054598240132387,0.6774695961224574,-0.06329174301084786,0.4932301777622668,-1.5041685840422845,-0.6271552100354432,0.539222451273143,0.706117397470918,0.31965825609369647,-0.21654569785255828,-0.1764916480346692,-0.282603993023614,-1.1706295849566715,-0.9571664769885428,1.0513149660756937,-0.1420960445125053,-0.23192034667290004,-0.30560444605526793,-0.34099716973523675,-0.24173208127588555,-0.2581988897471611,-0.20301416340319547,1.7036546083024706,-0.32946173471593376,-0.3156839517433792,-0.26726124191242434,-0.20577968041807276,-0.6627822868937354,-0.49837186151879204,-0.8182696483380675,-0.4114677687570971,-0.5210788604500733,-0.37976217386784894,2.3804761428476167,-0.4097355387061661,-0.46885190548373656,1.8616410072351368
2.5326729170153746,0.37821859150230286,-1.103356786216421,-0.8097527185566785,0.8654494192615079,-0.7660136157433054,-0.7492703419300066,0.23251172956201102,1.364704356875965,-0.4982460200014673,-0.6271552100354432,0.44410051940577494,0.24245617888536294,0.31965825609369647,-0.21654569785255828,-0.1764916480346692,-0.282603993023614,-1.1520615216887808,-0.9571664769885428,1.0513149660756937,-0.1420960445125053,-0.23192034667290004,-0.30560444605526793,-0.34099716973523675,-0.24173208127588555,-0.2581988897471611,-0.20301416340319547,-0.5869734364739604,3.0352538538723257,-0.3156839517433792,-0.26726124191242434,-0.20577968041807276,-0.6627822868937354,2.0065338298845607,-0.8182696483380675,-0.4114677687570971,-0.5210788604500733,-0.37976217386784894,-0.42008402520840293,-0.4097355387061661,2.1328696509578076,0.5608604613797316
-0.02825062514058655,-0.4713555095566544,-0.7709995490756102,-0.5046595619486626,0.3897825628735039,-0.7660136157433054,1.3487735227491082,-0.6446985684126739,0.20273878472436738,-0.4982460200014673,-0.6271552100354432,0.2538566556710388,0.24245617888536294,0.31965825609369647,4.617962905367348,-0.1764916480346692,-0.282603993023614,-0.7893233541075972,-0.9571664769885428,-0.9511897312113419,-0.1420960445125053,-0.23192034667290004,-0.30560444605526793,-0.34099716973523675,-0.24173208127588555,-0.2581988897471611,-0.20301416340319547,-0.5869734364739604,3.0352538538723257,-0.3156839517433792,-0.26726124191242434,-0.20577968041807276,1.508791076307582,-0.49837186151879204,-0.8182696483380675,-0.4114677687570971,-0.5210788604500733,-0.37976217386784894,-0.42008402520840293,-0.4097355387061661,-0.46885190548373656,0.239376079071473
1.1472552630621498,0.6906595721204448,-2.432785734779664,-1.2343533324086555,-2.1471073378625185,1.3054598240132387,-0.9017597456284887,-1.0404632144756714,-1.2497181804651296,1.0106378260597584,1.5945016225624369,0.44410051940577494,0.24245617888536294,0.31965825609369647,-0.21654569785255828,-0.1764916480346692,-0.282603993023614,-2.398662518379642,-0.9571664769885428,1.0513149660756937,-0.1420960445125053,-0.23192034667290004,-0.30560444605526793,-0.34099716973523675,-0.24173208127588555,-0.2581988897471611,-0.20301416340319547,-0.5869734364739604,-0.32946173471593376,-0.3156839517433792,3.741657386773941,-0.20577968041807276,-0.6627822868937354,-0.49837186151879204,1.2220910332321786,-0.4114677687570971,-0.5210788604500733,-0.37976217386784894,2.3804761428476167,-0.4097355387061661,-0.46885190548373656,10.220557735101742
-2.505209460996352,0.4175649960275797,-1.103356786216421,0.2950337645220302,0.3897825628735039,-0.7660136157433054,1.0683332400852332,1.4442859551363432,-1.540209573503029,-1.001207302021876,-0.6271552100354432,-0.031509139931065404,-0.22120503970019206,0.31965825609369647,-0.21654569785255828,-0.1764916480346692,-0.282603993023614,-0.8683559335854404,-0.9571664769885428,1.0513149660756937,-0.1420960445125053,-0.23192034667290004,-0.30560444605526793,-0.34099716973523675,-0.24173208127588555,-0.2581988897471611,-0.20301416340319547,1.7036546083024706,-0.32946173471593376,-0.3156839517433792,-0.26726124191242434,-0.20577968041807276,-0.6627822868937354,-0.49837186151879204,1.2220910332321786,-0.4114677687570971,-0.5210788604500733,-0.37976217386784894,2.3804761428476167,-0.4097355387061661,-0.46885190548373656,1.1006594345542122
-0.2801447440411729,0.7576444566030565,-0.7709995490756102,0.14756164437749109,0.8654494192615079,1.3054598240132387,0.4408481076248129,1.2321234644633963,1.6551957499138643,-0.4982460200014673,-0.6271552100354432,-0.031509139931065404,-0.22120503970019206,0.31965825609369647,-0.21654569785255828,-0.1764916480346692,-0.282603993023614,-0.621835062253606,1.0447503376280172,-0.9511897312113419,-0.1420960445125053,-0.23192034667290004,-0.30560444605526793,-0.34099716973523675,-0.24173208127588555,-0.2581988897471611,-0.20301416340319547,1.7036546083024706,-0.32946173471593376,-0.3156839517433792,-0.26726124191242434,-0.20577968041807276,-0.6627822868937354,2.0065338298845607,-0.8182696483380675,-0.4114677687570971,-0.5210788604500733,-0.37976217386784894,2.3804761428476167,-0.4097355387061661,-0.46885190548373656,0.5049389599613398
2.154831738664495,1.7899473330309645,-0.1062850747939886,1.2783949147291542,-1.1957736250865103,1.3054598240132387,1.5573509829803653,-0.04697155142062116,-0.6687353943893308,-0.4982460200014673,-0.6271552100354432,0.15873472380367074,0.24245617888536294,0.31965825609369647,-0.21654569785255828,-0.1764916480346692,-0.282603993023614,0.23734172401923506,-0.9571664769885428,1.0513149660756937,-0.1420960445125053,-0.23192034667290004,-0.30560444605526793,-0.34099716973523675,-0.24173208127588555,-0.2581988897471611,-0.20301416340319547,1.7036546083024706,-0.32946173471593376,-0.3156839517433792,-0.26726124191242434,-0.20577968041807276,-0.6627822868937354,-0.49837186151879204,1.2220910332321786,-0.4114677687570971,1.919095315316124,-0.37976217386784894,-0.42008402520840293,-0.4097355387061661,-0.46885190548373656,0.19568541402707473
0.4755376126605861,-0.6840986000267113,1.8878583480508762,0.03331927990820199,-0.7201067686985057,1.3054598240132387,-0.7229790654302684,0.3467530706935979,1.0742129638380655,-1.001207302021876,-0.6271552100354432,0.2538566556710388,0.24245617888536294,0.31965825609369647,-0.21654569785255828,-0.1764916480346692,-0.282603993023614,1.6239577392992994,-0.9571664769885428,1.0513149660756937,-0.1420960445125053,-0.23192034667290004,-0.30560444605526793,-0.34099716973523675,-0.24173208127588555,-0.2581988897471611,-0.20301416340319547,-0.5869734364739604,-0.32946173471593376,-0.3156839517433792,3.741657386773941,-0.20577968041807276,-0.6627822868937354,2.0065338298845607,-0.8182696483380675,-0.4114677687570971,-0.5210788604500733,-0.37976217386784894,-0.42008402520840293,2.4405986435975984,-0.46885190548373656,-1.011183649263959
-0.6160035692419547,-0.2716572060284548,-0.4386423119347994,0.0277664379663843,0.07267132528150075,-0.7660136157433054,0.2550564203599957,0.17335103504743923,-0.6687353943893308,0.004715262018941286,-0.6271552100354432,0.15873472380367074,0.24245617888536294,0.31965825609369647,-0.21654569785255828,-0.1764916480346692,3.53852041969004,-0.3682068491793682,-0.9571664769885428,1.0513149660756937,-0.1420960445125053,-0.23192034667290004,-0.30560444605526793,-0.34099716973523675,-0.24173208127588555,-0.2581988897471611,-0.20301416340319547,1.7036546083024706,-0.32946173471593376,-0.3156839517433792,-0.26726124191242434,-0.20577968041807276,-0.6627822868937354,-0.49837186151879204,-0.8182696483380675,2.430324015464581,-0.5210788604500733,-0.37976217386784894,-0.42008402520840293,-0.4097355387061661,-0.46885190548373656,0.08908358346938046
-1.1197918070431274,0.3240156068883819,-0.4386423119347994,0.4995871299930433,-0.8786623874945072,-0.7660136157433054,0.9403823611198402,-0.05921169511329119,-0.9592267874272302,0.5076765440393498,-0.6271552100354432,-0.031509139931065404,-0.22120503970019206,0.31965825609369647,-0.21654569785255828,-0.1764916480346692,-0.282603993023614,-0.24704482469684025,1.0447503376280172,-0.9511897312113419,-0.1420960445125053,-0.23192034667290004,-0.30560444605526793,-0.34099716973523675,-0.24173208127588555,-0.2581988897471611,-0.20301416340319547,-0.5869734364739604,-0.32946173471593376,-0.3156839517433792,3.741657386773941,-0.20577968041807276,-0.6627822868937354,-0.49837186151879204,1.2220910332321786,-0.4114677687570971,-0.5210788604500733,-0.37976217386784894,-0.42008402520840293,-0.4097355387061661,2.1328696509578076,0.25374909575184906
0.8953611441615633,-1.0254050033330488,0.5584293994876329,1.5327929140256864,0.07267132528150075,1.3054598240132387,0.08854500252831991,-0.6324584247200039,0.20273878472436738,-1.5041685840422845,-0.6271552100354432,0.539222451273143,0.706117397470918,0.31965825609369647,-0.21654569785255828,-0.1764916480346692,3.53852041969004,0.8714527733215315,-0.9571664769885428,1.0513149660756937,-0.1420960445125053,-0.23192034667290004,3.272203702884454,-0.34099716973523675,-0.24173208127588555,-0.2581988897471611,-0.20301416340319547,-0.5869734364739604,-0.32946173471593376,-0.3156839517433792,-0.26726124191242434,-0.20577968041807276,-0.6627822868937354,-0.49837186151879204,1.2220910332321786,2.430324015464581,-0.5210788604500733,-0.37976217386784894,-0.42008402520840293,-0.4097355387061661,-0.46885190548373656,-0.20397996827347392
0.055714081159608894,0.4722655007718599,-1.103356786216421,-0.864778335252134,-0.7201067686985057,1.3054598240132387,0.898316318720259,1.0077208300977791,-0.6687353943893308,-1.5041685840422845,-0.6271552100354432,-3.075410959686844,-3.003172351213522,-3.1283409107596607,-0.21654569785255828,-0.1764916480346692,-0.282603993023614,-1.1661919217112622,-0.9571664769885428,1.0513149660756937,-0.1420960445125053,-0.23192034667290004,-0.30560444605526793,-0.34099716973523675,-0.24173208127588555,-0.2581988897471611,-0.20301416340319547,1.7036546083024706,-0.32946173471593376,-0.3156839517433792,-0.26726124191242434,-0.20577968041807276,-0.6627822868937354,-0.49837186151879204,1.2220910332321786,-0.4114677687570971,-0.5210788604500733,-0.37976217386784894,-0.42008402520840293,-0.4097355387061661,-0.46885190548373656,0.5339749302427769
1.5670787945631268,0.7246620494796232,-1.103356786216421,-0.7353085134940887,-1.0372180062905088,-0.7660136157433054,1.4907464158476949,-0.7242595024150291,-0.37824400135143144,1.0106378260597584,1.5945016225624369,0.539222451273143,0.706117397470918,0.31965825609369647,-0.21654569785255828,-0.1764916480346692,-0.282603993023614,-1.132944491111694,-0.9571664769885428,1.0513149660756937,-0.1420960445125053,-0.23192034667290004,3.272203702884454,-0.34099716973523675,-0.24173208127588555,-0.2581988897471611,-0.20301416340319547,-0.5869734364739604,-0.32946173471593376,-0.3156839517433792,-0.26726124191242434,-0.20577968041807276,-0.6627822868937354,-0.49837186151879204,1.2220910332321786,2.430324015464581,-0.5210788604500733,-0.37976217386784894,-0.42008402520840293,-0.4097355387061661,-0.46885190548373656,0.5972339200227026
-0.112215331440782,-0.7502689419278269,-0.4386423119347994,-0.01942941334436495,-1.1957736250865103,-0.7660136157433054,0.29536971099292775,-0.5692176823078755,-0.9592267874272302,-1.001207302021876,-0.6271552100354432,0.539222451273143,0.706117397470918,0.31965825609369647,-0.21654569785255828,-0.1764916480346692,-0.282603993023614,-0.3803265908283075,-0.9571664769885428,1.0513149660756937,-0.1420960445125053,-0.23192034667290004,-0.30560444605526793,-0.34099716973523675,-0.24173208127588555,-0.2581988897471611,-0.20301416340319547,-0.5869734364739604,-0.32946173471593376,3.1677251709421848,-0.26726124191242434,-0.20577968041807276,-0.6627822868937354,2.0065338298845607,-0.8182696483380675,2.430324015464581,-0.5210788604500733,-0.37976217386784894,-0.42008402520840293,-0.4097355387061661,-0.46885190548373656,0.07261222228276137
-1.1197918070431274,-0.09779451353883287,-0.7709995490756102,-0.918574548092065,1.182560656853511,1.3054598240132387,-1.0945624399599028,-0.5100569877933037,-0.37824400135143144,0.004715262018941286,-0.6271552100354432,0.2538566556710388,0.24245617888536294,0.31965825609369647,-0.21654569785255828,-0.1764916480346692,-0.282603993023614,-0.8956153809989457,1.0447503376280172,-0.9511897312113419,-0.1420960445125053,-0.23192034667290004,-0.30560444605526793,-0.34099716973523675,-0.24173208127588555,-0.2581988897471611,-0.20301416340319547,-0.5869734364739604,3.0352538538723257,-0.3156839517433792,-0.26726124191242434,-0.20577968041807276,-0.6627822868937354,-0.49837186151879204,1.2220910332321786,-0.4114677687570971,-0.5210788604500733,-0.37976217386784894,2.3804761428476167,-0.4097355387061661,-0.46885190548373656,0.07084360098341218
-0.19618003774097745,1.1694250002677142,-0.7709995490756102,0.019048023421391527,-0.40299553110650327,1.3054598240132387,1.4136253381151294,2.713180851276469,-0.08775260831353203,-1.5041685840422845,-0.6271552100354432,0.15873472380367074,0.24245617888536294,0.31965825609369647,-0.21654569785255828,-0.1764916480346692,-0.282603993023614,-0.6548369435864017,1.0447503376280172,-0.9511897312113419,-0.1420960445125053,-0.23192034667290004,-0.30560444605526793,-0.34099716973523675,4.1368112776835515,-0.2581988897471611,-0.20301416340319547,-0.5869734364739604,-0.32946173471593376,-0.3156839517433792,-0.26726124191242434,-0.20577968041807276,-0.6627822868937354,-0.49837186151879204,1.2220910332321786,-0.4114677687570971,1.919095315316124,-0.37976217386784894,-0.42008402520840293,-0.4097355387061661,-0.46885190548373656,0.45261246845253167
-0.6160035692419547,1.5997249434788081,2.220215585191687,-1.5121429627559424,1.499671894445514,-0.7660136157433054,1.3925923169153387,1.9767322057674892,0.20273878472436738,1.0106378260597584,1.5945016225624369,-0.031509139931065404,-0.22120503970019206,0.31965825609369647,-0.21654569785255828,-0.1764916480346692,-0.282603993023614,1.511479278229066,-0.9571664769885428,-0.9511897312113419,7.037493572961446,-0.23192034667290004,-0.30560444605526793,-0.34099716973523675,-0.24173208127588555,-0.2581988897471611,-0.20301416340319547,-0.5869734364739604,-0.32946173471593376,-0.3156839517433792,3.741657386773941,-0.20577968041807276,-0.6627822868937354,-0.49837186151879204,1.2220910332321786,2.430324015464581,-0.5210788604500733,-0.37976217386784894,-0.42008402520840293,-0.4097355387061661,-0.46885190548373656,-1.3363684169702987
-0.867897688142541,-0.9582181307739455,0.8907866366284438,1.5327929140256864,1.499671894445514,-0.7660136157433054,-0.5950281864648754,-0.6671388318492356,0.4932301777622668,1.0106378260597584,1.5945016225624369,0.44410051940577494,0.24245617888536294,0.31965825609369647,-0.21654569785255828,-0.1764916480346692,-0.282603993023614,1.1558440071308835,1.0447503376280172,-0.9511897312113419,-0.1420960445125053,-0.23192034667290004,-0.30560444605526793,-0.34099716973523675,-0.24173208127588555,-0.2581988897471611,-0.20301416340319547,-0.5869734364739604,-0.32946173471593376,-0.3156839517433792,-0.26726124191242434,4.859566299103718,-0.6627822868937354,-0.49837186151879204,1.2220910332321786,-0.4114677687570971,1.919095315316124,-0.37976217386784894,-0.42008402520840293,-0.4097355387061661,-0.46885190548373656,-0.3775625916034494
0.5595023189607815,-1.130731898417165,-0.4386423119347994,-1.1793651382557397,-0.08588429351450011,1.3054598240132387,0.4986889159242371,-0.18977322783510475,1.364704356875965,0.5076765440393498,-0.6271552100354432,0.2538566556710388,0.706117397470918,0.31965825609369647,-0.21654569785255828,-0.1764916480346692,-0.282603993023614,-0.6781943254886805,-0.9571664769885428,1.0513149660756937,-0.1420960445125053,-0.23192034667290004,-0.30560444605526793,-0.34099716973523675,-0.24173208127588555,-0.2581988897471611,-0.20301416340319547,1.7036546083024706,-0.32946173471593376,-0.3156839517433792,-0.26726124191242434,-0.20577968041807276,-0.6627822868937354,2.0065338298845607,-0.8182696483380675,-0.4114677687570971,-0.5210788604500733,-0.37976217386784894,-0.42008402520840293,-0.4097355387061661,2.1328696509578076,-0.3322055688506472
-0.5320388629417592,0.47268760851714986,0.8907866366284438,1.074755209907962,1.02400503805751,-0.7660136157433054,-1.7115310618204278,-0.7936203166734925,-0.37824400135143144,1.0106378260597584,1.5945016225624369,0.539222451273143,0.706117397470918,0.31965825609369647,-0.21654569785255828,-0.1764916480346692,-0.282603993023614,1.0382214092709807,-0.9571664769885428,-0.9511897312113419,7.037493572961446,-0.23192034667290004,-0.30560444605526793,-0.34099716973523675,-0.24173208127588555,-0.2581988897471611,-0.20301416340319547,1.7036546083024706,-0.32946173471593376,-0.3156839517433792,-0.26726124191242434,-0.20577968041807276,-0.6627822868937354,-0.49837186151879204,1.2220910332321786,2.430324015464581,-0.5210788604500733,-0.37976217386784894,-0.42008402520840293,-0.4097355387061661,-0.46885190548373656,-0.47928865778122315
0.13967878745980433,-1.5448551064597298,2.5525728223324977,1.5327929140256864,-0.08588429351450011,-0.7660136157433054,0.265572930959891,-0.7201794545174725,-0.6687353943893308,0.5076765440393498,-0.6271552100354432,0.2538566556710388,0.706117397470918,0.31965825609369647,-0.21654569785255828,-0.1764916480346692,-0.282603993023614,2.577800176177644,-0.9571664769885428,1.0513149660756937,-0.1420960445125053,-0.23192034667290004,-0.30560444605526793,2.932575659723036,-0.24173208127588555,-0.2581988897471611,-0.20301416340319547,-0.5869734364739604,-0.32946173471593376,-0.3156839517433792,-0.26726124191242434,-0.20577968041807276,1.508791076307582,-0.49837186151879204,-0.8182696483380675,-0.4114677687570971,1.919095315316124,-0.37976217386784894,-0.42008402520840293,-0.4097355387061661,-0.46885190548373656,-0.920008289509623
-1.3716859259437137,0.5001424437384119,-1.4357140233572319,-0.19793682970916823,-0.2444399123105017,-0.7660136157433054,0.5828210007233996,-0.03677143167672948,1.0742129638380655,1.0106378260597584,1.5945016225624369,0.2538566556710388,0.24245617888536294,0.31965825609369647,-0.21654569785255828,-0.1764916480346692,-0.282603993023614,-1.2793404182139656,-0.9571664769885428,1.0513149660756937,-0.1420960445125053,-0.23192034667290004,-0.30560444605526793,-0.34099716973523675,-0.24173208127588555,-0.2581988897471611,-0.20301416340319547,1.7036546083024706,-0.32946173471593376,-0.3156839517433792,-0.26726124191242434,-0.20577968041807276,-0.6627822868937354,-0.49837186151879204,1.2220910332321786,-0.4114677687570971,1.919095315316124,-0.37976217386784894,-0.42008402520840293,-0.4097355387061661,-0.46885190548373656,1.6030895430326826
1.0632905567619542,1.2964537826667877,0.22607216234682218,-0.6270853332107377,0.8654494192615079,-0.7660136157433054,-0.9578478021612638,-0.9303019212416411,-0.9592267874272302,-0.4982460200014673,-0.6271552100354432,0.44410051940577494,0.24245617888536294,0.31965825609369647,-0.21654569785255828,-0.1764916480346692,-0.282603993023614,0.03241180605760598,-0.9571664769885428,1.0513149660756937,-0.1420960445125053,4.3118252207961625,-0.30560444605526793,-0.34099716973523675,-0.24173208127588555,-0.2581988897471611,-0.20301416340319547,-0.5869734364739604,-0.32946173471593376,-0.3156839517433792,-0.26726124191242434,-0.20577968041807276,1.508791076307582,-0.49837186151879204,-0.8182696483380675,-0.4114677687570971,-0.5210788604500733,-0.37976217386784894,-0.42008402520840293,-0.4097355387061661,2.1328696509578076,-0.5781107027036881
1.0632905567619542,-0.01742597130913787,-2.432785734779664,-2.9770859399970906,0.07267132528150075,-0.7660136157433054,-1.6273989770212653,-0.9507021607294245,-0.9592267874272302,1.513599108080167,1.5945016225624369,0.44410051940577494,0.24245617888536294,0.31965825609369647,-0.21654569785255828,-0.1764916480346692,-0.282603993023614,-2.846190603593842,1.0447503376280172,-0.9511897312113419,-0.1420960445125053,-0.23192034667290004,-0.30560444605526793,-0.34099716973523675,-0.24173208127588555,-0.2581988897471611,-0.20301416340319547,-0.5869734364739604,-0.32946173471593376,3.1677251709421848,-0.26726124191242434,-0.20577968041807276,-0.6627822868937354,-0.49837186151879204,1.2220910332321786,-0.4114677687570971,-0.5210788604500733,2.633226974174589,-0.42008402520840293,-0.4097355387061661,-0.46885190548373656,5.963059627990568
-0.19618003774097745,-0.1422377110620677,-0.1062850747939886,0.04861147642109373,-0.8786623874945072,-0.7660136157433054,-0.8263914196625723,-0.10613224593519294,1.6551957499138643,0.5076765440393498,-0.6271552100354432,-0.031509139931065404,-0.22120503970019206,0.31965825609369647,-0.21654569785255828,-0.1764916480346692,-0.282603993023614,-0.07846267705622519,-0.9571664769885428,1.0513149660756937,-0.1420960445125053,-0.23192034667290004,-0.30560444605526793,-0.34099716973523675,4.1368112776835515,-0.2581988897471611,-0.20301416340319547,-0.5869734364739604,-0.32946173471593376,-0.3156839517433792,-0.26726124191242434,-0.20577968041807276,1.508791076307582,-0.49837186151879204,-0.8182696483380675,-0.4114677687570971,-0.5210788604500733,-0.37976217386784894,2.3804761428476167,-0.4097355387061661,-0.46885190548373656,-0.1798599104503314
-0.02825062514058655,1.7899473330309645,-0.4386423119347994,0.7947656901484752,-1.3543292438825112,1.3054598240132387,0.9561571270196833,0.5874758966494417,-0.9592267874272302,-0.4982460200014673,-0.6271552100354432,0.2538566556710388,0.24245617888536294,0.31965825609369647,-0.21654569785255828,-0.1764916480346692,-0.282603993023614,-0.1712439271595853,-0.9571664769885428,1.0513149660756937,-0.1420960445125053,-0.23192034667290004,-0.30560444605526793,-0.34099716973523675,-0.24173208127588555,3.8729833462074166,-0.20301416340319547,-0.5869734364739604,-0.32946173471593376,-0.3156839517433792,-0.26726124191242434,-0.20577968041807276,-0.6627822868937354,-0.49837186151879204,1.2220910332321786,-0.4114677687570971,-0.5210788604500733,2.633226974174589,-0.42008402520840293,-0.4097355387061661,-0.46885190548373656,0.35676647003023165
0.055714081159608894,-0.1971617595975515,1.5555011109100654,0.2944213542416341,-1.9885517190665176,-0.7660136157433054,-0.04641688350366994,-0.7222194784662508,1.0742129638380655,-1.5041685840422845,-0.6271552100354432,-0.031509139931065404,-0.22120503970019206,0.31965825609369647,-0.21654569785255828,-0.1764916480346692,-0.282603993023614,1.4066166719142688,-0.9571664769885428,1.0513149660756937,-0.1420960445125053,-0.23192034667290004,-0.30560444605526793,-0.34099716973523675,-0.24173208127588555,-0.2581988897471611,-0.20301416340319547,1.7036546083024706,-0.32946173471593376,-0.3156839517433792,-0.26726124191242434,-0.20577968041807276,-0.6627822868937354,-0.49837186151879204,1.2220910332321786,2.430324015464581,-0.5210788604500733,-0.37976217386784894,-0.42008402520840293,-0.4097355387061661,-0.46885190548373656,-0.8773315035072508
-0.02825062514058655,-0.08370610258928565,0.5584293994876329,-0.18109357561286135,0.3897825628735039,1.3054598240132387,-1.7097783100537787,-1.1016639329390214,-0.37824400135143144,0.5076765440393498,-0.6271552100354432,0.15873472380367074,0.24245617888536294,0.31965825609369647,-0.21654569785255828,-0.1764916480346692,-0.282603993023614,0.43133227770298377,-0.9571664769885428,1.0513149660756937,-0.1420960445125053,-0.23192034667290004,-0.30560444605526793,-0.34099716973523675,-0.24173208127588555,-0.2581988897471611,-0.20301416340319547,-0.5869734364739604,-0.32946173471593376,-0.3156839517433792,3.741657386773941,-0.20577968041807276,-0.6627822868937354,-0.49837186151879204,-0.8182696483380675,-0.4114677687570971,-0.5210788604500733,-0.37976217386784894,-0.42008402520840293,2.4405986435975984,-0.46885190548373656,-0.6226826684850011
-1.4556506322439091,0.663791455110153,1.2231438737692546,-0.028919510762475033,0.5483381816695062,-0.7660136157433054,-0.14807648596932463,0.9077596566076406,1.6551957499138643,-0.4982460200014673,-0.6271552100354432,0.539222451273143,0.706117397470918,0.31965825609369647,-0.21654569785255828,-0.1764916480346692,-0.282603993023614,1.0391925519600766,1.0447503376280172,-0.9511897312113419,-0.1420960445125053,-0.23192034667290004,-0.30560444605526793,-0.34099716973523675,-0.24173208127588555,3.8729833462074166,-0.20301416340319547,-0.5869734364739604,-0.32946173471593376,-0.3156839517433792,-0.26726124191242434,-0.20577968041807276,1.508791076307582,-0.49837186151879204,-0.8182696483380675,2.430324015464581,-0.5210788604500733,-0.37976217386784894,-0.42008402520840293,-0.4097355387061661,-0.46885190548373656,-0.840153574109046
-0.02825062514058655,0.9933795159042565,-0.1062850747939886,-1.865207993168536,-0.08588429351450011,-0.7660136157433054,-1.455629303889642,-0.9343819691391978,1.6551957499138643,1.513599108080167,1.5945016225624369,-3.075410959686844,-3.003172351213522,-3.1283409107596607,-0.21654569785255828,-0.1764916480346692,-0.282603993023614,-0.569925313918398,1.0447503376280172,-0.9511897312113419,-0.1420960445125053,-0.23192034667290004,-0.30560444605526793,2.932575659723036,-0.24173208127588555,-0.2581988897471611,-0.20301416340319547,-0.5869734364739604,-0.32946173471593376,-0.3156839517433792,-0.26726124191242434,-0.20577968041807276,-0.6627822868937354,-0.49837186151879204,1.2220910332321786,-0.4114677687570971,-0.5210788604500733,-0.37976217386784894,-0.42008402520840293,-0.4097355387061661,2.1328696509578076,-0.7642928531211483
-0.02825062514058655,-0.5613124761094925,1.5555011109100654,1.5327929140256864,1.3411162756495132,-0.7660136157433054,0.24804541329339883,-0.2591340420935682,-0.6687353943893308,-1.5041685840422845,-0.6271552100354432,-0.031509139931065404,-0.22120503970019206,0.31965825609369647,-0.21654569785255828,-0.1764916480346692,-0.282603993023614,1.7246264747495879,-0.9571664769885428,1.0513149660756937,-0.1420960445125053,-0.23192034667290004,-0.30560444605526793,-0.34099716973523675,-0.24173208127588555,-0.2581988897471611,-0.20301416340319547,-0.5869734364739604,-0.32946173471593376,-0.3156839517433792,-0.26726124191242434,4.859566299103718,-0.6627822868937354,-0.49837186151879204,-0.8182696483380675,-0.4114677687570971,-0.5210788604500733,-0.37976217386784894,2.3804761428476167,-0.4097355387061661,-0.46885190548373656,-0.6446127813418734
0.643467025260977,1.6977351493348978,0.5584293994876329,0.1907086063419258,-0.2444399123105017,-0.7660136157433054,-0.6335887253311583,-1.0547433821171197,0.7837215708001662,1.513599108080167,1.5945016225624369,-0.031509139931065404,-0.22120503970019206,0.31965825609369647,-0.21654569785255828,-0.1764916480346692,-0.282603993023614,0.526809872971565,1.0447503376280172,-0.9511897312113419,-0.1420960445125053,-0.23192034667290004,-0.30560444605526793,-0.34099716973523675,-0.24173208127588555,-0.2581988897471611,4.925764701519638,-0.5869734364739604,-0.32946173471593376,-0.3156839517433792,-0.26726124191242434,-0.20577968041807276,1.508791076307582,-0.49837186151879204,-0.8182696483380675,-0.4114677687570971,-0.5210788604500733,-0.37976217386784894,2.3804761428476167,-0.4097355387061661,-0.46885190548373656,-0.5318513453663748
-1.8754741637448864,-0.09029149103688285,-1.103356786216421,0.23029180414681277,-0.08588429351450011,-0.7660136157433054,-0.04641688350366994,1.0607614527660159,1.0742129638380655,-1.5041685840422845,-0.6271552100354432,-0.031509139931065404,-0.22120503970019206,0.31965825609369647,-0.21654569785255828,-0.1764916480346692,-0.282603993023614,-0.8849814591729993,-0.9571664769885428,1.0513149660756937,-0.1420960445125053,-0.23192034667290004,-0.30560444605526793,-0.34099716973523675,-0.24173208127588555,-0.2581988897471611,4.925764701519638,-0.5869734364739604,-0.32946173471593376,-0.3156839517433792,-0.26726124191242434,-0.20577968041807276,-0.6627822868937354,2.0065338298845607,-0.8182696483380675,-0.4114677687570971,1.919095315316124,-0.37976217386784894,-0.42008402520840293,-0.4097355387061661,-0.46885190548373656,1.0690264952785105
-0.867897688142541,-2.0070195986661985,1.8878583480508762,0.4774568477363302,-1.5128848626785127,-0.7660136157433054,-0.6896767818639332,-0.17141301229609973,1.0742129638380655,0.004715262018941286,-0.6271552100354432,0.44410051940577494,0.24245617888536294,0.31965825609369647,-0.21654569785255828,-0.1764916480346692,-0.282603993023614,1.7380108272121155,1.0447503376280172,-0.9511897312113419,-0.1420960445125053,4.3118252207961625,-0.30560444605526793,-0.34099716973523675,-0.24173208127588555,-0.2581988897471611,-0.20301416340319547,-0.5869734364739604,-0.32946173471593376,-0.3156839517433792,-0.26726124191242434,-0.20577968041807276,1.508791076307582,-0.49837186151879204,-0.8182696483380675,-0.4114677687570971,-0.5210788604500733,-0.37976217386784894,-0.42008402520840293,-0.4097355387061661,2.1328696509578076,-0.9336816009580994
1.9029376197639087,-0.5661408870182644,-0.7709995490756102,0.34153604318826936,-0.5615511499025041,-0.7660136157433054,1.0157506870857567,-0.05309162326695618,-1.2497181804651296,0.004715262018941286,-0.6271552100354432,0.44410051940577494,0.24245617888536294,0.31965825609369647,-0.21654569785255828,-0.1764916480346692,-0.282603993023614,-0.5720230653343037,1.0447503376280172,-0.9511897312113419,-0.1420960445125053,-0.23192034667290004,-0.30560444605526793,-0.34099716973523675,-0.24173208127588555,-0.2581988897471611,-0.20301416340319547,-0.5869734364739604,-0.32946173471593376,-0.3156839517433792,-0.26726124191242434,4.859566299103718,-0.6627822868937354,2.0065338298845607,-0.8182696483380675,-0.4114677687570971,-0.5210788604500733,-0.37976217386784894,-0.42008402520840293,-0.4097355387061661,2.1328696509578076,0.5839189128782811
0.9793258504617588,0.864757955312296,-1.103356786216421,-1.1603234214280755,-0.8786623874945072,-0.7660136157433054,0.8001622197879027,-0.5998180415395505,-0.08775260831353203,-1.5041685840422845,-0.6271552100354432,-0.031509139931065404,-0.22120503970019206,0.31965825609369647,-0.21654569785255828,-0.1764916480346692,-0.282603993023614,-1.2420869419426281,1.0447503376280172,-0.9511897312113419,-0.1420960445125053,-0.23192034667290004,3.272203702884454,-0.34099716973523675,-0.24173208127588555,-0.2581988897471611,-0.20301416340319547,-0.5869734364739604,-0.32946173471593376,-0.3156839517433792,-0.26726124191242434,-0.20577968041807276,-0.6627822868937354,-0.49837186151879204,-0.8182696483380675,-0.4114677687570971,-0.5210788604500733,-0.37976217386784894,-0.42008402520840293,-0.4097355387061661,2.1328696509578076,0.38957152154070745
0.8953611441615633,-0.11560040102589371,-0.1062850747939886,0.23633355569279846,-1.3543292438825112,-0.7660136157433054,-1.1857055318256622,-0.2020133715277748,0.20273878472436738,1.513599108080167,1.5945016225624369,-3.075410959686844,-3.003172351213522,-3.1283409107596607,-0.21654569785255828,-0.1764916480346692,-0.282603993023614,-0.030256255530006822,1.0447503376280172,-0.9511897312113419,-0.1420960445125053,-0.23192034667290004,-0.30560444605526793,-0.34099716973523675,-0.24173208127588555,-0.2581988897471611,-0.20301416340319547,-0.5869734364739604,-0.32946173471593376,-0.3156839517433792,-0.26726124191242434,4.859566299103718,-0.6627822868937354,2.0065338298845607,-0.8182696483380675,-0.4114677687570971,-0.5210788604500733,-0.37976217386784894,-0.42008402520840293,2.4405986435975984,-0.46885190548373656,-0.12253424889429575
-0.19618003774097745,0.20426592909158311,1.5555011109100654,-1.0660436410505545,0.23122694407750302,-0.7660136157433054,0.7738709432881644,-0.1142923417303063,-0.08775260831353203,-1.001207302021876,-0.6271552100354432,0.2538566556710388,0.706117397470918,0.31965825609369647,-0.21654569785255828,-0.1764916480346692,-0.282603993023614,1.0572536705605673,-0.9571664769885428,1.0513149660756937,-0.1420960445125053,-0.23192034667290004,-0.30560444605526793,-0.34099716973523675,-0.24173208127588555,-0.2581988897471611,-0.20301416340319547,-0.5869734364739604,-0.32946173471593376,-0.3156839517433792,-0.26726124191242434,4.859566299103718,-0.6627822868937354,-0.49837186151879204,1.2220910332321786,-0.4114677687570971,-0.5210788604500733,-0.37976217386784894,2.3804761428476167,-0.4097355387061661,-0.46885190548373656,-1.1329944123924758
-2.0434035763452774,0.5885359866722523,0.5584293994876329,1.5327929140256864,-0.2444399123105017,-0.7660136157433054,0.04647896012873866,-0.8997015620099661,0.4932301777622668,0.004715262018941286,-0.6271552100354432,0.539222451273143,0.706117397470918,0.31965825609369647,-0.21654569785255828,-0.1764916480346692,-0.282603993023614,0.8714527733215315,-0.9571664769885428,1.0513149660756937,-0.1420960445125053,-0.23192034667290004,-0.30560444605526793,-0.34099716973523675,-0.24173208127588555,-0.2581988897471611,-0.20301416340319547,1.7036546083024706,-0.32946173471593376,-0.3156839517433792,-0.26726124191242434,-0.20577968041807276,1.508791076307582,-0.49837186151879204,-0.8182696483380675,-0.4114677687570971,1.919095315316124,-0.37976217386784894,-0.42008402520840293,-0.4097355387061661,-0.46885190548373656,-0.20397996827347392
-0.2801447440411729,-0.4521353618930762,0.8907866366284438,1.4277407851536508,-0.8786623874945072,1.3054598240132387,-0.13931272713607853,0.0060690712476156,1.364704356875965,0.5076765440393498,-0.6271552100354432,0.2538566556710388,0.24245617888536294,0.31965825609369647,-0.21654569785255828,-0.1764916480346692,-0.282603993023614,1.1288669609236432,-0.9571664769885428,1.0513149660756937,-0.1420960445125053,-0.23192034667290004,-0.30560444605526793,-0.34099716973523675,-0.24173208127588555,-0.2581988897471611,-0.20301416340319547,1.7036546083024706,-0.32946173471593376,-0.3156839517433792,-0.26726124191242434,-0.20577968041807276,-0.6627822868937354,2.0065338298845607,-0.8182696483380675,-0.4114677687570971,-0.5210788604500733,-0.37976217386784894,-0.42008402520840293,-0.4097355387061661,2.1328696509578076,-0.40089372726691447
-1.4556506322439091,1.7899473330309645,-1.103356786216421,-0.5975178921063241,-1.5128848626785127,-0.7660136157433054,-0.2111755495686965,-0.31421468871058333,-1.540209573503029,0.004715262018941286,-0.6271552100354432,0.539222451273143,0.706117397470918,0.31965825609369647,-0.21654569785255828,-0.1764916480346692,-0.282603993023614,-1.0975603061359664,1.0447503376280172,-0.9511897312113419,-0.1420960445125053,-0.23192034667290004,-0.30560444605526793,-0.34099716973523675,4.1368112776835515,-0.2581988897471611,-0.20301416340319547,-0.5869734364739604,-0.32946173471593376,-0.3156839517433792,-0.26726124191242434,-0.20577968041807276,-0.6627822868937354,-0.49837186151879204,1.2220910332321786,-0.4114677687570971,1.919095315316124,-0.37976217386784894,-0.42008402520840293,-0.4097355387061661,-0.46885190548373656,0.6645584547426748
0.8953611441615633,-0.6623530021774394,-0.7709995490756102,0.2581887545828551,0.07267132528150075,-0.7660136157433054,-1.0139358586940388,-0.8691012027782911,-0.6687353943893308,1.513599108080167,1.5945016225624369,0.539222451273143,0.706117397470918,0.31965825609369647,-0.21654569785255828,-0.1764916480346692,-0.282603993023614,-0.5934263789091796,1.0447503376280172,-0.9511897312113419,-0.1420960445125053,-0.23192034667290004,-0.30560444605526793,-0.34099716973523675,-0.24173208127588555,-0.2581988897471611,4.925764701519638,-0.5869734364739604,-0.32946173471593376,-0.3156839517433792,-0.26726124191242434,-0.20577968041807276,-0.6627822868937354,-0.49837186151879204,1.2220910332321786,-0.4114677687570971,-0.5210788604500733,-0.37976217386784894,2.3804761428476167,-0.4097355387061661,-0.46885190548373656,0.5499826564951291
2.5326729170153746,0.3576068793219059,-1.4357140233572319,-1.3607836678298555,0.5483381816695062,-0.7660136157433054,-1.1646725106258715,-1.032303118680558,0.20273878472436738,-1.001207302021876,-0.6271552100354432,-3.075410959686844,-3.003172351213522,-3.1283409107596607,-0.21654569785255828,-0.1764916480346692,-0.282603993023614,-1.5779557173112082,1.0447503376280172,-0.9511897312113419,-0.1420960445125053,-0.23192034667290004,-0.30560444605526793,-0.34099716973523675,-0.24173208127588555,-0.2581988897471611,-0.20301416340319547,-0.5869734364739604,3.0352538538723257,-0.3156839517433792,-0.26726124191242434,-0.20577968041807276,-0.6627822868937354,-0.49837186151879204,1.2220910332321786,2.430324015464581,-0.5210788604500733,-0.37976217386784894,-0.42008402520840293,-0.4097355387061661,-0.46885190548373656,0.8928804451766006
-0.6160035692419547,-1.0049859073704868,-1.4357140233572319,-2.0470859203846157,-0.2444399123105017,-0.7660136157433054,-0.5617259028985403,-0.8976615380611878,0.20273878472436738,-1.5041685840422845,-0.6271552100354432,0.44410051940577494,0.24245617888536294,0.31965825609369647,-0.21654569785255828,-0.1764916480346692,-0.282603993023614,-1.7541959113757688,-0.9571664769885428,1.0513149660756937,-0.1420960445125053,-0.23192034667290004,-0.30560444605526793,-0.34099716973523675,-0.24173208127588555,-0.2581988897471611,-0.20301416340319547,1.7036546083024706,-0.32946173471593376,-0.3156839517433792,-0.26726124191242434,-0.20577968041807276,-0.6627822868937354,-0.49837186151879204,-0.8182696483380675,-0.4114677687570971,-0.5210788604500733,-0.37976217386784894,2.3804761428476167,-0.4097355387061661,-0.46885190548373656,0.4737211133842514
-0.02825062514058655,0.014875406116053029,0.8907866366284438,0.1270557177812869,0.23122694407750302,1.3054598240132387,-0.6388469806311059,0.028509334684177306,0.7837215708001662,-0.4982460200014673,-0.6271552100354432,0.15873472380367074,0.24245617888536294,0.31965825609369647,4.617962905367348,5.665990493802656,-0.282603993023614,0.7948552513055237,1.0447503376280172,-0.9511897312113419,-0.1420960445125053,-0.23192034667290004,-0.30560444605526793,2.932575659723036,-0.24173208127588555,-0.2581988897471611,-0.20301416340319547,-0.5869734364739604,-0.32946173471593376,-0.3156839517433792,-0.26726124191242434,-0.20577968041807276,-0.6627822868937354,-0.49837186151879204,1.2220910332321786,-0.4114677687570971,-0.5210788604500733,-0.37976217386784894,2.3804761428476167,-0.4097355387061661,-0.46885190548373656,-0.689764215548718
-2.0434035763452774,-0.7547221279626396,-0.1062850747939886,-0.035029847065753024,0.5483381816695062,-0.7660136157433054,-0.423258513333252,-0.8323807717002809,-0.37824400135143144,1.0106378260597584,1.5945016225624369,0.2538566556710388,0.24245617888536294,0.31965825609369647,-0.21654569785255828,-0.1764916480346692,-0.282603993023614,-0.0999414978356493,1.0447503376280172,-0.9511897312113419,-0.1420960445125053,-0.23192034667290004,-0.30560444605526793,-0.34099716973523675,-0.24173208127588555,-0.2581988897471611,-0.20301416340319547,-0.5869734364739604,-0.32946173471593376,-0.3156839517433792,-0.26726124191242434,-0.20577968041807276,-0.6627822868937354,-0.49837186151879204,-0.8182696483380675,-0.4114677687570971,1.919095315316124,-0.37976217386784894,-0.42008402520840293,-0.4097355387061661,-0.46885190548373656,-0.20540189368910639
-0.6999682755421501,0.03506820211354728,0.5584293994876329,0.8302293969091559,-0.2444399123105017,-0.7660136157433054,-0.9911500857275989,-0.9425420649343111,-0.9592267874272302,-1.5041685840422845,-0.6271552100354432,-3.075410959686844,-3.003172351213522,-3.1283409107596607,-0.21654569785255828,-0.1764916480346692,-0.282603993023614,0.6910367392223016,1.0447503376280172,-0.9511897312113419,-0.1420960445125053,-0.23192034667290004,-0.30560444605526793,-0.34099716973523675,4.1368112776835515,-0.2581988897471611,-0.20301416340319547,-0.5869734364739604,-0.32946173471593376,-0.3156839517433792,-0.26726124191242434,-0.20577968041807276,1.508791076307582,-0.49837186151879204,-0.8182696483380675,-0.4114677687570971,-0.5210788604500733,-0.37976217386784894,2.3804761428476167,-0.4097355387061661,-0.46885190548373656,-0.3756163301126042
0.8113964378613678,0.014875406116053029,0.8907866366284438,0.4112522990439492,1.02400503805751,-0.7660136157433054,-0.5617259028985403,-0.8119805322124976,0.20273878472436738,-1.5041685840422845,-0.6271552100354432,0.44410051940577494,0.24245617888536294,0.31965825609369647,-0.21654569785255828,5.665990493802656,-0.282603993023614,0.8678360122570838,-0.9571664769885428,1.0513149660756937,-0.1420960445125053,-0.23192034667290004,3.272203702884454,-0.34099716973523675,-0.24173208127588555,-0.2581988897471611,-0.20301416340319547,-0.5869734364739604,-0.32946173471593376,-0.3156839517433792,-0.26726124191242434,-0.20577968041807276,1.508791076307582,-0.49837186151879204,-0.8182696483380675,-0.4114677687570971,-0.5210788604500733,-0.37976217386784894,-0.42008402520840293,2.4405986435975984,-0.46885190548373656,-0.6266467036646042
0.8953611441615633,-0.6192090960291061,-0.7709995490756102,1.0608988556958083,0.3897825628735039,-0.7660136157433054,-0.600286441764823,0.19375127453522262,0.4932301777622668,-1.001207302021876,-0.6271552100354432,-3.075410959686844,-3.003172351213522,-3.1283409107596607,-0.21654569785255828,-0.1764916480346692,-0.282603993023614,-0.3872930266272818,1.0447503376280172,-0.9511897312113419,-0.1420960445125053,-0.23192034667290004,-0.30560444605526793,-0.34099716973523675,-0.24173208127588555,-0.2581988897471611,-0.20301416340319547,1.7036546083024706,-0.32946173471593376,-0.3156839517433792,-0.26726124191242434,-0.20577968041807276,-0.6627822868937354,2.0065338298845607,-0.8182696483380675,-0.4114677687570971,-0.5210788604500733,-0.37976217386784894,-0.42008402520840293,-0.4097355387061661,2.1328696509578076,0.8768196328205403
0.22364349375999978,-1.0922649560847426,-0.4386423119347994,0.00033786715061091745,0.23122694407750302,1.3054598240132387,0.1148362790280582,0.35083311859115457,0.20273878472436738,1.513599108080167,1.5945016225624369,0.539222451273143,0.706117397470918,0.31965825609369647,-0.21654569785255828,-0.1764916480346692,-0.282603993023614,-0.3752504172654277,1.0447503376280172,-0.9511897312113419,-0.1420960445125053,-0.23192034667290004,-0.30560444605526793,-0.34099716973523675,-0.24173208127588555,-0.2581988897471611,-0.20301416340319547,1.7036546083024706,-0.32946173471593376,-0.3156839517433792,-0.26726124191242434,-0.20577968041807276,1.508791076307582,-0.49837186151879204,-0.8182696483380675,-0.4114677687570971,-0.5210788604500733,2.633226974174589,-0.42008402520840293,-0.4097355387061661,-0.46885190548373656,0.07951100697818222
-0.3641094503413683,0.36966902571998617,-0.1062850747939886,0.7703053501066782,-0.8786623874945072,1.3054598240132387,1.2523721755834012,-0.2203735870667798,0.7837215708001662,-1.001207302021876,-0.6271552100354432,0.44410051940577494,0.24245617888536294,0.31965825609369647,-0.21654569785255828,-0.1764916480346692,-0.282603993023614,0.10686597060605721,-0.9571664769885428,1.0513149660756937,-0.1420960445125053,-0.23192034667290004,-0.30560444605526793,-0.34099716973523675,-0.24173208127588555,-0.2581988897471611,-0.20301416340319547,-0.5869734364739604,-0.32946173471593376,-0.3156839517433792,-0.26726124191242434,-0.20577968041807276,1.508791076307582,-0.49837186151879204,-0.8182696483380675,-0.4114677687570971,-0.5210788604500733,2.633226974174589,-0.42008402520840293,-0.4097355387061661,-0.46885190548373656,0.040527477705985894
1.0632905567619542,0.2187150048867512,2.5525728223324977,1.5327929140256864,-0.40299553110650327,1.3054598240132387,-0.8211331643626246,-0.7181394305686941,1.6551957499138643,-1.001207302021876,-0.6271552100354432,-3.075410959686844,-3.003172351213522,-3.1283409107596607,-0.21654569785255828,-0.1764916480346692,-0.282603993023614,2.577800176177644,1.0447503376280172,-0.9511897312113419,-0.1420960445125053,-0.23192034667290004,-0.30560444605526793,-0.34099716973523675,-0.24173208127588555,-0.2581988897471611,-0.20301416340319547,-0.5869734364739604,-0.32946173471593376,3.1677251709421848,-0.26726124191242434,-0.20577968041807276,-0.6627822868937354,-0.49837186151879204,1.2220910332321786,-0.4114677687570971,-0.5210788604500733,-0.37976217386784894,2.3804761428476167,-0.4097355387061661,-0.46885190548373656,-0.920008289509623
-1.2037565133433228,-2.2177026435042224,1.2231438737692546,1.5327929140256864,0.8654494192615079,-0.7660136157433054,1.506521181747538,2.9620637730274257,-0.37824400135143144,0.004715262018941286,-0.6271552100354432,-3.075410959686844,-3.003172351213522,-3.1283409107596607,-0.21654569785255828,-0.1764916480346692,-0.282603993023614,1.4402352409402357,1.0447503376280172,-0.9511897312113419,-0.1420960445125053,-0.23192034667290004,3.272203702884454,-0.34099716973523675,-0.24173208127588555,-0.2581988897471611,-0.20301416340319547,-0.5869734364739604,-0.32946173471593376,-0.3156839517433792,-0.26726124191242434,-0.20577968041807276,-0.6627822868937354,-0.49837186151879204,1.2220910332321786,-0.4114677687570971,-0.5210788604500733,-0.37976217386784894,2.3804761428476167,-0.4097355387061661,-0.46885190548373656,-0.5222147777117625
-2.505209460996352,-0.2778605470120098,0.5584293994876329,0.8561934695295252,0.07267132528150075,-0.7660136157433054,-0.6966877889305301,-0.699779215029689,1.0742129638380655,-1.5041685840422845,-0.6271552100354432,0.539222451273143,0.706117397470918,0.31965825609369647,-0.21654569785255828,-0.1764916480346692,3.53852041969004,0.6977042289184036,-0.9571664769885428,1.0513149660756937,-0.1420960445125053,-0.23192034667290004,-0.30560444605526793,-0.34099716973523675,-0.24173208127588555,-0.2581988897471611,-0.20301416340319547,1.7036546083024706,-0.32946173471593376,-0.3156839517433792,-0.26726124191242434,-0.20577968041807276,-0.6627822868937354,-0.49837186151879204,1.2220910332321786,-0.4114677687570971,-0.5210788604500733,2.633226974174589,-0.42008402520840293,-0.4097355387061661,-0.46885190548373656,-0.3692733036751127
0.22364349375999978,-0.0184321518275419,1.2231438737692546,0.8390767739901754,-0.8786623874945072,1.3054598240132387,-0.30932964850105277,0.1488707476620992,-0.9592267874272302,0.004715262018941286,-0.6271552100354432,0.2538566556710388,0.24245617888536294,0.31965825609369647,-0.21654569785255828,-0.1764916480346692,-0.282603993023614,1.2620911845999554,1.0447503376280172,-0.9511897312113419,-0.1420960445125053,-0.23192034667290004,-0.30560444605526793,-0.34099716973523675,-0.24173208127588555,-0.2581988897471611,-0.20301416340319547,-0.5869734364739604,-0.32946173471593376,3.1677251709421848,-0.26726124191242434,-0.20577968041807276,1.508791076307582,-0.49837186151879204,-0.8182696483380675,2.430324015464581,-0.5210788604500733,-0.37976217386784894,-0.42008402520840293,-0.4097355387061661,-0.46885190548373656,-0.6634438997341331
-0.3641094503413683,0.7916783578444289,0.5584293994876329,1.5327929140256864,0.8654494192615079,-0.7660136157433054,1.1682400907842387,0.8567590578881822,1.364704356875965,-1.5041685840422845,-0.6271552100354432,0.539222451273143,0.706117397470918,0.31965825609369647,-0.21654569785255828,-0.1764916480346692,-0.282603993023614,0.8714527733215315,1.0447503376280172,-0.9511897312113419,-0.1420960445125053,-0.23192034667290004,-0.30560444605526793,2.932575659723036,-0.24173208127588555,-0.2581988897471611,-0.20301416340319547,-0.5869734364739604,-0.32946173471593376,-0.3156839517433792,-0.26726124191242434,-0.20577968041807276,-0.6627822868937354,2.0065338298845607,-0.8182696483380675,-0.4114677687570971,-0.5210788604500733,-0.37976217386784894,-0.42008402520840293,2.4405986435975984,-0.46885190548373656,-0.20397996827347392
-1.1197918070431274,1.1288089767195895,0.8907866366284438,1.5327929140256864,0.23122694407750302,-0.7660136157433054,0.8387227586541856,-1.0792236695024597,-0.37824400135143144,1.513599108080167,1.5945016225624369,0.2538566556710388,0.706117397470918,0.31965825609369647,-0.21654569785255828,-0.1764916480346692,-0.282603993023614,1.1558440071308835,1.0447503376280172,-0.9511897312113419,-0.1420960445125053,-0.23192034667290004,-0.30560444605526793,2.932575659723036,-0.24173208127588555,-0.2581988897471611,-0.20301416340319547,-0.5869734364739604,-0.32946173471593376,-0.3156839517433792,-0.26726124191242434,-0.20577968041807276,-0.6627822868937354,-0.49837186151879204,1.2220910332321786,-0.4114677687570971,-0.5210788604500733,-0.37976217386784894,2.3804761428476167,-0.4097355387061661,-0.46885190548373656,-0.3775625916034494
1.399149381962736,1.123995373361878,0.22607216234682218,0.3932035981642153,0.8654494192615079,1.3054598240132387,-1.0507436457936723,-1.0588234300146764,-0.6687353943893308,1.513599108080167,1.5945016225624369,0.2538566556710388,0.24245617888536294,0.31965825609369647,-0.21654569785255828,-0.1764916480346692,-0.282603993023614,0.2944186967505628,1.0447503376280172,-0.9511897312113419,-0.1420960445125053,-0.23192034667290004,-0.30560444605526793,-0.34099716973523675,-0.24173208127588555,-0.2581988897471611,-0.20301416340319547,1.7036546083024706,-0.32946173471593376,-0.3156839517433792,-0.26726124191242434,-0.20577968041807276,-0.6627822868937354,-0.49837186151879204,1.2220910332321786,-0.4114677687570971,1.919095315316124,-0.37976217386784894,-0.42008402520840293,-0.4097355387061661,-0.46885190548373656,-0.30115878789532213
0.4755376126605861,-0.25954386054238354,-0.1062850747939886,-0.9064303121392248,0.5483381816695062,-0.7660136157433054,-1.585332934621684,-0.9405020409855328,-1.2497181804651296,0.004715262018941286,-0.6271552100354432,0.44410051940577494,0.24245617888536294,0.31965825609369647,-0.21654569785255828,-0.1764916480346692,-0.282603993023614,-0.3237143129485407,-0.9571664769885428,1.0513149660756937,-0.1420960445125053,-0.23192034667290004,3.272203702884454,-0.34099716973523675,-0.24173208127588555,-0.2581988897471611,-0.20301416340319547,-0.5869734364739604,-0.32946173471593376,-0.3156839517433792,-0.26726124191242434,-0.20577968041807276,-0.6627822868937354,2.0065338298845607,-0.8182696483380675,-0.4114677687570971,1.919095315316124,-0.37976217386784894,-0.42008402520840293,-0.4097355387061661,-0.46885190548373656,-0.47150595738995726
0.8953611441615633,-0.8055316511142412,1.2231438737692546,0.38999721724312897,1.499671894445514,-0.7660136157433054,0.41981508642502224,-0.42641600589339185,-1.540209573503029,-1.5041685840422845,-0.6271552100354432,-0.031509139931065404,-0.22120503970019206,0.31965825609369647,-0.21654569785255828,-0.1764916480346692,-0.282603993023614,1.1467690099503665,-0.9571664769885428,1.0513149660756937,-0.1420960445125053,-0.23192034667290004,-0.30560444605526793,-0.34099716973523675,-0.24173208127588555,-0.2581988897471611,-0.20301416340319547,-0.5869734364739604,-0.32946173471593376,-0.3156839517433792,-0.26726124191242434,4.859566299103718,1.508791076307582,-0.49837186151879204,-0.8182696483380675,2.430324015464581,-0.5210788604500733,-0.37976217386784894,-0.42008402520840293,-0.4097355387061661,-0.46885190548373656,-0.7548690632229547
0.30760820006019524,0.4460565254625863,0.5584293994876329,0.1419184142274436,0.706893800465507,-0.7660136157433054,1.2401029132168566,-0.8344207956490592,1.0742129638380655,-1.001207302021876,-0.6271552100354432,-0.031509139931065404,-0.22120503970019206,0.31965825609369647,-0.21654569785255828,-0.1764916480346692,-0.282603993023614,0.5142807097716855,-0.9571664769885428,-0.9511897312113419,-0.1420960445125053,-0.23192034667290004,-0.30560444605526793,-0.34099716973523675,-0.24173208127588555,-0.2581988897471611,-0.20301416340319547,1.7036546083024706,-0.32946173471593376,-0.3156839517433792,-0.26726124191242434,-0.20577968041807276,1.508791076307582,-0.49837186151879204,-0.8182696483380675,2.430324015464581,-0.5210788604500733,-0.37976217386784894,-0.42008402520840293,-0.4097355387061661,-0.46885190548373656,-0.543770795870055
0.13967878745980433,-0.3589198177769661,0.5584293994876329,-1.406442024789977,-0.7201067686985057,-0.7660136157433054,-1.63966823938781,-1.099623908990243,-0.9592267874272302,1.513599108080167,1.5945016225624369,-0.031509139931065404,-0.22120503970019206,0.31965825609369647,-0.21654569785255828,-0.1764916480346692,-0.282603993023614,0.11666676746199503,-0.9571664769885428,1.0513149660756937,-0.1420960445125053,-0.23192034667290004,-0.30560444605526793,-0.34099716973523675,-0.24173208127588555,-0.2581988897471611,-0.20301416340319547,-0.5869734364739604,-0.32946173471593376,3.1677251709421848,-0.26726124191242434,-0.20577968041807276,-0.6627822868937354,-0.49837186151879204,1.2220910332321786,-0.4114677687570971,-0.5210788604500733,-0.37976217386784894,-0.42008402520840293,-0.4097355387061661,2.1328696509578076,-0.9220354596250181
-0.112215331440782,0.5491687181474322,-0.1062850747939886,0.05637803900782024,-0.8786623874945072,1.3054598240132387,-1.6869925370873387,-1.044543262373228,-0.6687353943893308,1.0106378260597584,1.5945016225624369,0.44410051940577494,0.24245617888536294,0.31965825609369647,-0.21654569785255828,-0.1764916480346692,-0.282603993023614,-0.07646824895635553,1.0447503376280172,-0.9511897312113419,-0.1420960445125053,-0.23192034667290004,-0.30560444605526793,-0.34099716973523675,-0.24173208127588555,-0.2581988897471611,-0.20301416340319547,-0.5869734364739604,3.0352538538723257,-0.3156839517433792,-0.26726124191242434,-0.20577968041807276,-0.6627822868937354,-0.49837186151879204,1.2220910332321786,-0.4114677687570971,-0.5210788604500733,2.633226974174589,-0.42008402520840293,-0.4097355387061661,-0.46885190548373656,-0.17748819509309818
-0.3641094503413683,1.3135845781090996,0.5584293994876329,-0.879246350762402,1.499671894445514,-0.7660136157433054,-0.6686437606641427,-0.28973440132524325,0.7837215708001662,1.0106378260597584,1.5945016225624369,0.44410051940577494,0.24245617888536294,0.31965825609369647,-0.21654569785255828,-0.1764916480346692,-0.282603993023614,0.25204890784511,1.0447503376280172,-0.9511897312113419,-0.1420960445125053,-0.23192034667290004,-0.30560444605526793,-0.34099716973523675,-0.24173208127588555,-0.2581988897471611,-0.20301416340319547,-0.5869734364739604,3.0352538538723257,-0.3156839517433792,-0.26726124191242434,-0.20577968041807276,-0.6627822868937354,-0.49837186151879204,1.2220910332321786,2.430324015464581,-0.5210788604500733,-0.37976217386784894,-0.42008402520840293,-0.4097355387061661,-0.46885190548373656,-0.7932414854676428
-0.19618003774097745,0.10587761612189159,0.22607216234682218,-1.4662965357539823,-0.2444399123105017,1.3054598240132387,0.41455683112507463,-1.0792236695024597,-1.540209573503029,0.004715262018941286,-0.6271552100354432,0.44410051940577494,0.24245617888536294,0.31965825609369647,-0.21654569785255828,-0.1764916480346692,-0.282603993023614,-0.1830949107669517,1.0447503376280172,-0.9511897312113419,-0.1420960445125053,-0.23192034667290004,-0.30560444605526793,-0.34099716973523675,-0.24173208127588555,-0.2581988897471611,-0.20301416340319547,-0.5869734364739604,-0.32946173471593376,-0.3156839517433792,-0.26726124191242434,4.859566299103718,-0.6627822868937354,2.0065338298845607,-0.8182696483380675,-0.4114677687570971,-0.5210788604500733,2.633226974174589,-0.42008402520840293,-0.4097355387061661,-0.46885190548373656,-0.8059100469147147
-0.5320388629417592,-0.5040907604737449,1.5555011109100654,-1.045117815877037,1.499671894445514,-0.7660136157433054,-0.3846979744669692,0.7241575012175903,-0.6687353943893308,0.5076765440393498,-0.6271552100354432,-0.031509139931065404,-0.22120503970019206,0.31965825609369647,-0.21654569785255828,-0.1764916480346692,-0.282603993023614,1.0626273546419078,-0.9571664769885428,1.0513149660756937,-0.1420960445125053,-0.23192034667290004,-0.30560444605526793,-0.34099716973523675,-0.24173208127588555,-0.2581988897471611,-0.20301416340319547,-0.5869734364739604,-0.32946173471593376,-0.3156839517433792,-0.26726124191242434,4.859566299103718,-0.6627822868937354,2.0065338298845607,-0.8182696483380675,-0.4114677687570971,-0.5210788604500733,-0.37976217386784894,-0.42008402520840293,2.4405986435975984,-0.46885190548373656,-1.1290619647711122
-0.02825062514058655,0.42025273315613815,-0.1062850747939886,-0.0035492862077921607,0.23122694407750302,1.3054598240132387,0.27083118625983865,-0.9894626157562129,-0.6687353943893308,-1.001207302021876,-0.6271552100354432,0.2538566556710388,0.706117397470918,0.31965825609369647,4.617962905367348,-0.1764916480346692,-0.282603993023614,-0.09185739183976321,-0.9571664769885428,1.0513149660756937,-0.1420960445125053,-0.23192034667290004,-0.30560444605526793,-0.34099716973523675,-0.24173208127588555,-0.2581988897471611,-0.20301416340319547,1.7036546083024706,-0.32946173471593376,-0.3156839517433792,-0.26726124191242434,-0.20577968041807276,-0.6627822868937354,2.0065338298845607,-0.8182696483380675,-0.4114677687570971,-0.5210788604500733,-0.37976217386784894,-0.42008402520840293,-0.4097355387061661,2.1328696509578076,-0.19578851211812107
-1.2877212196435182,-1.2026430686929264,2.5525728223324977,0.2344567450343251,0.07267132528150075,-0.7660136157433054,0.12710554139460273,0.9240798481978673,-0.08775260831353203,1.513599108080167,1.5945016225624369,0.44410051940577494,0.24245617888536294,0.31965825609369647,-0.21654569785255828,-0.1764916480346692,-0.282603993023614,2.244391656050692,1.0447503376280172,-0.9511897312113419,-0.1420960445125053,-0.23192034667290004,-0.30560444605526793,-0.34099716973523675,4.1368112776835515,-0.2581988897471611,-0.20301416340319547,-0.5869734364739604,-0.32946173471593376,-0.3156839517433792,-0.26726124191242434,-0.20577968041807276,1.508791076307582,-0.49837186151879204,-0.8182696483380675,2.430324015464581,-0.5210788604500733,-0.37976217386784894,-0.42008402520840293,-0.4097355387061661,-0.46885190548373656,-1.1182481025841238
1.5670787945631268,0.6385154186899581,0.5584293994876329,0.0489027973425933,-0.5615511499025041,-0.7660136157433054,-0.2865438755346129,0.2692321606400211,-1.2497181804651296,0.5076765440393498,-0.6271552100354432,-0.031509139931065404,-0.22120503970019206,0.31965825609369647,-0.21654569785255828,-0.1764916480346692,-0.282603993023614,0.49039460083091224,1.0447503376280172,-0.9511897312113419,-0.1420960445125053,-0.23192034667290004,-0.30560444605526793,2.932575659723036,-0.24173208127588555,-0.2581988897471611,-0.20301416340319547,-0.5869734364739604,-0.32946173471593376,-0.3156839517433792,-0.26726124191242434,-0.20577968041807276,-0.6627822868937354,2.0065338298845607,-0.8182696483380675,-0.4114677687570971,1.919095315316124,-0.37976217386784894,-0.42008402520840293,-0.4097355387061661,-0.46885190548373656,-0.5664945236005544
-0.02825062514058655,-0.43096705632229665,0.5584293994876329,-0.7610331696402786,-0.40299553110650327,-0.7660136157433054,0.7020081208555465,0.5099549865958649,0.4932301777622668,-1.5041685840422845,-0.6271552100354432,0.539222451273143,0.706117397470918,0.31965825609369647,4.617962905367348,-0.1764916480346692,-0.282603993023614,0.2824056696135557,1.0447503376280172,-0.9511897312113419,-0.1420960445125053,-0.23192034667290004,3.272203702884454,-0.34099716973523675,-0.24173208127588555,-0.2581988897471611,-0.20301416340319547,-0.5869734364739604,-0.32946173471593376,-0.3156839517433792,-0.26726124191242434,-0.20577968041807276,-0.6627822868937354,-0.49837186151879204,1.2220910332321786,-0.4114677687570971,1.919095315316124,-0.37976217386784894,-0.42008402520840293,-0.4097355387061661,-0.46885190548373656,-0.7643619894008609
-0.19618003774097745,0.16454018309309856,1.8878583480508762,0.8393978172279518,-1.5128848626785127,-0.7660136157433054,0.6862333549557035,1.4014454522119981,0.4932301777622668,-0.4982460200014673,-0.6271552100354432,0.539222451273143,0.706117397470918,0.31965825609369647,-0.21654569785255828,-0.1764916480346692,-0.282603993023614,1.8309560950815784,-0.9571664769885428,1.0513149660756937,-0.1420960445125053,-0.23192034667290004,-0.30560444605526793,2.932575659723036,-0.24173208127588555,-0.2581988897471611,-0.20301416340319547,-0.5869734364739604,-0.32946173471593376,-0.3156839517433792,-0.26726124191242434,-0.20577968041807276,1.508791076307582,-0.49837186151879204,-0.8182696483380675,-0.4114677687570971,1.919095315316124,-0.37976217386784894,-0.42008402520840293,-0.4097355387061661,-0.46885190548373656,-0.8705228669681288
0.055714081159608894,1.3469414043691934,-0.7709995490756102,-0.2884933506961293,-0.8786623874945072,1.3054598240132387,-0.2830383720013145,-0.1816131320399914,-1.2497181804651296,-0.4982460200014673,-0.6271552100354432,0.539222451273143,0.706117397470918,0.31965825609369647,-0.21654569785255828,-0.1764916480346692,-0.282603993023614,-0.733812571679694,1.0447503376280172,-0.9511897312113419,-0.1420960445125053,-0.23192034667290004,3.272203702884454,-0.34099716973523675,-0.24173208127588555,-0.2581988897471611,-0.20301416340319547,-0.5869734364739604,-0.32946173471593376,-0.3156839517433792,-0.26726124191242434,-0.20577968041807276,-0.6627822868937354,-0.49837186151879204,1.2220910332321786,-0.4114677687570971,-0.5210788604500733,-0.37976217386784894,-0.42008402520840293,-0.4097355387061661,2.1328696509578076,0.32739180326821693
0.643467025260977,-0.188407113277052,2.5525728223324977,1.5327929140256864,0.07267132528150075,-0.7660136157433054,1.5748785006468575,1.3545249013900964,-0.9592267874272302,1.513599108080167,1.5945016225624369,-3.075410959686844,-3.003172351213522,-3.1283409107596607,-0.21654569785255828,-0.1764916480346692,3.53852041969004,2.577800176177644,-0.9571664769885428,1.0513149660756937,-0.1420960445125053,-0.23192034667290004,-0.30560444605526793,-0.34099716973523675,-0.24173208127588555,-0.2581988897471611,-0.20301416340319547,-0.5869734364739604,-0.32946173471593376,3.1677251709421848,-0.26726124191242434,-0.20577968041807276,-0.6627822868937354,2.0065338298845607,-0.8182696483380675,2.430324015464581,-0.5210788604500733,-0.37976217386784894,-0.42008402520840293,-0.4097355387061661,-0.46885190548373656,-0.920008289509623
-0.6160035692419547,-0.11618456318930102,0.22607216234682218,0.4481928799882693,-1.0372180062905088,1.3054598240132387,-0.13230172006948165,-0.9813025199610995,1.364704356875965,-1.5041685840422845,-0.6271552100354432,0.539222451273143,0.706117397470918,0.31965825609369647,-0.21654569785255828,-0.1764916480346692,-0.282603993023614,0.3085397660958348,-0.9571664769885428,1.0513149660756937,-0.1420960445125053,-0.23192034667290004,-0.30560444605526793,-0.34099716973523675,-0.24173208127588555,-0.2581988897471611,-0.20301416340319547,1.7036546083024706,-0.32946173471593376,-0.3156839517433792,-0.26726124191242434,-0.20577968041807276,1.508791076307582,-0.49837186151879204,-0.8182696483380675,-0.4114677687570971,-0.5210788604500733,-0.37976217386784894,-0.42008402520840293,-0.4097355387061661,2.1328696509578076,-0.2862322446125432
0.7274317315611725,-1.4893633706314113,0.8907866366284438,1.1454932060190266,-0.08588429351450011,-0.7660136157433054,-1.4608875591895896,-0.7507798137491475,1.6551957499138643,-0.4982460200014673,-0.6271552100354432,-0.031509139931065404,-0.22120503970019206,0.31965825609369647,-0.21654569785255828,-0.1764916480346692,-0.282603993023614,1.056386697401603,-0.9571664769885428,1.0513149660756937,-0.1420960445125053,-0.23192034667290004,-0.30560444605526793,-0.34099716973523675,-0.24173208127588555,-0.2581988897471611,-0.20301416340319547,1.7036546083024706,-0.32946173471593376,-0.3156839517433792,-0.26726124191242434,-0.20577968041807276,-0.6627822868937354,-0.49837186151879204,-0.8182696483380675,-0.4114677687570971,-0.5210788604500733,-0.37976217386784894,-0.42008402520840293,-0.4097355387061661,2.1328696509578076,-0.46357838325799805
-1.1197918070431274,-0.601068619576628,-0.7709995490756102,0.778908282042875,-0.40299553110650327,-0.7660136157433054,-1.5187283674890137,-0.8609411069831776,-1.540209573503029,-1.5041685840422845,-0.6271552100354432,0.44410051940577494,0.24245617888536294,0.31965825609369647,-0.21654569785255828,-0.1764916480346692,-0.282603993023614,-0.4597072919746108,-0.9571664769885428,1.0513149660756937,-0.1420960445125053,-0.23192034667290004,-0.30560444605526793,-0.34099716973523675,-0.24173208127588555,-0.2581988897471611,-0.20301416340319547,-0.5869734364739604,-0.32946173471593376,-0.3156839517433792,-0.26726124191242434,-0.20577968041807276,-0.6627822868937354,-0.49837186151879204,1.2220910332321786,-0.4114677687570971,-0.5210788604500733,-0.37976217386784894,-0.42008402520840293,2.4405986435975984,-0.46885190548373656,0.7620024076265295
1.0632905567619542,-0.43761507408275585,0.22607216234682218,-1.921139283195242,0.07267132528150075,-0.7660136157433054,-0.43728052746644575,-0.49781684410063365,-0.37824400135143144,1.513599108080167,1.5945016225624369,0.15873472380367074,0.24245617888536294,0.31965825609369647,-0.21654569785255828,-0.1764916480346692,-0.282603993023614,-0.2998970541075924,-0.9571664769885428,1.0513149660756937,-0.1420960445125053,-0.23192034667290004,-0.30560444605526793,-0.34099716973523675,-0.24173208127588555,-0.2581988897471611,-0.20301416340319547,-0.5869734364739604,-0.32946173471593376,-0.3156839517433792,-0.26726124191242434,4.859566299103718,-0.6627822868937354,2.0065338298845607,-0.8182696483380675,-0.4114677687570971,-0.5210788604500733,-0.37976217386784894,2.3804761428476167,-0.4097355387061661,-0.46885190548373656,-0.9293746518583329
1.8189729134637131,1.7262422741338252,-0.1062850747939886,0.016838913327881247,0.23122694407750302,-0.7660136157433054,-0.7615396042965512,0.15907086740599088,1.364704356875965,-0.4982460200014673,-0.6271552100354432,0.2538566556710388,0.706117397470918,0.31965825609369647,-0.21654569785255828,-0.1764916480346692,-0.282603993023614,-0.0866217682797086,-0.9571664769885428,1.0513149660756937,-0.1420960445125053,-0.23192034667290004,-0.30560444605526793,-0.34099716973523675,-0.24173208127588555,-0.2581988897471611,-0.20301416340319547,-0.5869734364739604,-0.32946173471593376,3.1677251709421848,-0.26726124191242434,-0.20577968041807276,-0.6627822868937354,-0.49837186151879204,1.2220910332321786,-0.4114677687570971,-0.5210788604500733,-0.37976217386784894,2.3804761428476167,-0.4097355387061661,-0.46885190548373656,-0.18956246225305812
0.22364349375999978,-1.3622916130205995,-0.1062850747939886,0.21369327052445072,-0.2444399123105017,-0.7660136157433054,-0.6108029523647184,0.06522976576218738,0.4932301777622668,-1.5041685840422845,-0.6271552100354432,0.539222451273143,0.706117397470918,0.31965825609369647,-0.21654569785255828,-0.1764916480346692,-0.282603993023614,-0.036070207381240775,-0.9571664769885428,-0.9511897312113419,7.037493572961446,-0.23192034667290004,-0.30560444605526793,-0.34099716973523675,-0.24173208127588555,-0.2581988897471611,-0.20301416340319547,1.7036546083024706,-0.32946173471593376,-0.3156839517433792,-0.26726124191242434,-0.20577968041807276,-0.6627822868937354,2.0065338298845607,-0.8182696483380675,-0.4114677687570971,-0.5210788604500733,-0.37976217386784894,-0.42008402520840293,-0.4097355387061661,2.1328696509578076,-0.12944802978852038
-0.867897688142541,-0.7966157146757624,0.8907866366284438,1.0806512277227376,0.8654494192615079,-0.7660136157433054,-1.634409984087862,-0.8548210351368426,-0.9592267874272302,0.004715262018941286,-0.6271552100354432,0.44410051940577494,0.24245617888536294,0.31965825609369647,-0.21654569785255828,-0.1764916480346692,-0.282603993023614,1.0397354875360838,-0.9571664769885428,1.0513149660756937,-0.1420960445125053,-0.23192034667290004,-0.30560444605526793,-0.34099716973523675,-0.24173208127588555,-0.2581988897471611,-0.20301416340319547,-0.5869734364739604,3.0352538538723257,-0.3156839517433792,-0.26726124191242434,-0.20577968041807276,-0.6627822868937354,-0.49837186151879204,1.2220910332321786,-0.4114677687570971,-0.5210788604500733,-0.37976217386784894,2.3804761428476167,-0.4097355387061661,-0.46885190548373656,-0.47797920510294095
0.39157290636039066,1.4836997694296181,-0.1062850747939886,0.008638002455745777,-1.1957736250865103,-0.7660136157433054,-0.08673017413660197,-0.3937756227129385,1.0742129638380655,-0.4982460200014673,-0.6271552100354432,0.44410051940577494,0.24245617888536294,0.31965825609369647,-0.21654569785255828,-0.1764916480346692,-0.282603993023614,-0.0887277356114944,-0.9571664769885428,1.0513149660756937,-0.1420960445125053,-0.23192034667290004,-0.30560444605526793,-0.34099716973523675,-0.24173208127588555,-0.2581988897471611,-0.20301416340319547,1.7036546083024706,-0.32946173471593376,-0.3156839517433792,-0.26726124191242434,-0.20577968041807276,-0.6627822868937354,-0.49837186151879204,-0.8182696483380675,-0.4114677687570971,-0.5210788604500733,-0.37976217386784894,2.3804761428476167,-0.4097355387061661,-0.46885190548373656,-0.19206681679106005
-2.211332988945668,-1.86681862278578,-0.1062850747939886,-0.6737053914075309,0.07267132528150075,-0.7660136157433054,-0.4810993216326762,0.4630344357739631,-0.08775260831353203,0.004715262018941286,-0.6271552100354432,0.2538566556710388,0.24245617888536294,0.31965825609369647,-0.21654569785255828,-0.1764916480346692,3.53852041969004,-0.2639513075952388,-0.9571664769885428,-0.9511897312113419,-0.1420960445125053,-0.23192034667290004,3.272203702884454,-0.34099716973523675,-0.24173208127588555,-0.2581988897471611,-0.20301416340319547,-0.5869734364739604,-0.32946173471593376,-0.3156839517433792,-0.26726124191242434,-0.20577968041807276,-0.6627822868937354,-0.49837186151879204,1.2220910332321786,-0.4114677687570971,-0.5210788604500733,2.633226974174589,-0.42008402520840293,-0.4097355387061661,-0.46885190548373656,-0.4004375455479455
-0.6999682755421501,0.8906814235012275,0.22607216234682218,-0.03672005053844235,0.706893800465507,1.3054598240132387,-0.5494566405319957,-0.34889509583981504,0.20273878472436738,-1.5041685840422845,-0.6271552100354432,0.15873472380367074,0.24245617888536294,0.31965825609369647,-0.21654569785255828,-0.1764916480346692,-0.282603993023614,0.18401569720007693,-0.9571664769885428,1.0513149660756937,-0.1420960445125053,-0.23192034667290004,-0.30560444605526793,-0.34099716973523675,-0.24173208127588555,-0.2581988897471611,-0.20301416340319547,1.7036546083024706,-0.32946173471593376,-0.3156839517433792,-0.26726124191242434,-0.20577968041807276,-0.6627822868937354,-0.49837186151879204,1.2220910332321786,-0.4114677687570971,-0.5210788604500733,2.633226974174589,-0.42008402520840293,-0.4097355387061661,-0.46885190548373656,-0.4178592381973193
-0.6160035692419547,1.7899473330309645,-0.4386423119347994,-1.8993567528560842,-2.30566295665852,-0.7660136157433054,0.6599420784559652,1.5054866735996935,0.4932301777622668,0.004715262018941286,-0.6271552100354432,0.44410051940577494,0.24245617888536294,0.31965825609369647,-0.21654569785255828,-0.1764916480346692,-0.282603993023614,-0.863085838535108,1.0447503376280172,-0.9511897312113419,-0.1420960445125053,-0.23192034667290004,-0.30560444605526793,2.932575659723036,-0.24173208127588555,-0.2581988897471611,-0.20301416340319547,-0.5869734364739604,-0.32946173471593376,-0.3156839517433792,-0.26726124191242434,-0.20577968041807276,1.508791076307582,-0.49837186151879204,-0.8182696483380675,-0.4114677687570971,1.919095315316124,-0.37976217386784894,-0.42008402520840293,-0.4097355387061661,-0.46885190548373656,-0.5834827808525079
-0.6160035692419547,0.8161240491529708,0.22607216234682218,0.7669024977529213,0.07267132528150075,1.3054598240132387,1.2804162038497886,0.2977924959229178,0.7837215708001662,1.513599108080167,1.5945016225624369,0.15873472380367074,0.24245617888536294,0.31965825609369647,-0.21654569785255828,-0.1764916480346692,3.53852041969004,0.3903833629600347,-0.9571664769885428,1.0513149660756937,-0.1420960445125053,-0.23192034667290004,-0.30560444605526793,-0.34099716973523675,-0.24173208127588555,3.8729833462074166,-0.20301416340319547,-0.5869734364739604,-0.32946173471593376,-0.3156839517433792,-0.26726124191242434,-0.20577968041807276,-0.6627822868937354,-0.49837186151879204,1.2220910332321786,-0.4114677687570971,-0.5210788604500733,-0.37976217386784894,-0.42008402520840293,-0.4097355387061661,2.1328696509578076,-0.19972024179309383
-0.2801447440411729,0.03633806403962504,0.8907866366284438,0.93836267960284,-0.8786623874945072,-0.7660136157433054,1.043794715352144,0.6119561840347817,-1.540209573503029,-1.001207302021876,-0.6271552100354432,-3.075410959686844,-3.003172351213522,-3.1283409107596607,-0.21654569785255828,-0.1764916480346692,-0.282603993023614,1.003196249553888,1.0447503376280172,-0.9511897312113419,-0.1420960445125053,-0.23192034667290004,-0.30560444605526793,-0.34099716973523675,-0.24173208127588555,-0.2581988897471611,-0.20301416340319547,-0.5869734364739604,-0.32946173471593376,-0.3156839517433792,-0.26726124191242434,4.859566299103718,1.508791076307582,-0.49837186151879204,-0.8182696483380675,-0.4114677687570971,-0.5210788604500733,-0.37976217386784894,-0.42008402520840293,-0.4097355387061661,2.1328696509578076,-0.5095802155268859
-0.6160035692419547,0.5008603421028708,-0.4386423119347994,0.7724481481668002,1.182560656853511,1.3054598240132387,0.34269400869245664,-0.299934521069135,-1.2497181804651296,-0.4982460200014673,-0.6271552100354432,0.44410051940577494,0.24245617888536294,0.31965825609369647,-0.21654569785255828,-0.1764916480346692,-0.282603993023614,-0.1769749996065323,-0.9571664769885428,1.0513149660756937,-0.1420960445125053,-0.23192034667290004,-0.30560444605526793,-0.34099716973523675,-0.24173208127588555,-0.2581988897471611,-0.20301416340319547,-0.5869734364739604,-0.32946173471593376,-0.3156839517433792,-0.26726124191242434,-0.20577968041807276,-0.6627822868937354,-0.49837186151879204,1.2220910332321786,-0.4114677687570971,-0.5210788604500733,-0.37976217386784894,2.3804761428476167,-0.4097355387061661,-0.46885190548373656,0.3489776435853533
0.39157290636039066,0.8045335194419195,0.8907866366284438,0.5066178563003408,1.182560656853511,-0.7660136157433054,1.1840148566840816,2.0562931397698443,1.364704356875965,1.0106378260597584,1.5945016225624369,0.2538566556710388,0.706117397470918,0.31965825609369647,-0.21654569785255828,-0.1764916480346692,-0.282603993023614,0.8923255782688182,-0.9571664769885428,-0.9511897312113419,7.037493572961446,-0.23192034667290004,-0.30560444605526793,-0.34099716973523675,-0.24173208127588555,-0.2581988897471611,-0.20301416340319547,-0.5869734364739604,-0.32946173471593376,-0.3156839517433792,-0.26726124191242434,4.859566299103718,1.508791076307582,-0.49837186151879204,-0.8182696483380675,-0.4114677687570971,-0.5210788604500733,-0.37976217386784894,-0.42008402520840293,2.4405986435975984,-0.46885190548373656,-0.6054668686830487
0.13967878745980433,-1.9076367809598616,-0.7709995490756102,0.8013372725479272,0.07267132528150075,1.3054598240132387,-0.05167513880361759,-0.7405796940052558,1.0742129638380655,0.004715262018941286,-0.6271552100354432,-3.075410959686844,-3.003172351213522,-3.1283409107596607,-0.21654569785255828,-0.1764916480346692,-0.282603993023614,-0.453947599908079,-0.9571664769885428,1.0513149660756937,-0.1420960445125053,-0.23192034667290004,-0.30560444605526793,2.932575659723036,-0.24173208127588555,-0.2581988897471611,-0.20301416340319547,-0.5869734364739604,-0.32946173471593376,-0.3156839517433792,-0.26726124191242434,-0.20577968041807276,-0.6627822868937354,-0.49837186151879204,-0.8182696483380675,2.430324015464581,-0.5210788604500733,-0.37976217386784894,-0.42008402520840293,-0.4097355387061661,-0.46885190548373656,0.7711347499610023
-0.867897688142541,-1.6504025225311698,-1.4357140233572319,-0.8612941996427165,-2.4642185754545216,-0.7660136157433054,0.8772832975204684,0.02646931073539897,-0.6687353943893308,1.0106378260597584,1.5945016225624369,0.539222451273143,0.706117397470918,0.31965825609369647,-0.21654569785255828,-0.1764916480346692,-0.282603993023614,-1.449688440788636,-0.9571664769885428,1.0513149660756937,-0.1420960445125053,-0.23192034667290004,-0.30560444605526793,-0.34099716973523675,-0.24173208127588555,-0.2581988897471611,-0.20301416340319547,-0.5869734364739604,-0.32946173471593376,-0.3156839517433792,-0.26726124191242434,-0.20577968041807276,1.508791076307582,-0.49837186151879204,-0.8182696483380675,-0.4114677687570971,1.919095315316124,-0.37976217386784894,-0.42008402520840293,-0.4097355387061661,-0.46885190548373656,1.1979438060256626
0.643467025260977,1.6664515465721188,-1.103356786216421,0.7429797609388917,1.499671894445514,-0.7660136157433054,0.07277023662847694,-1.0608634539634547,0.20273878472436738,-0.4982460200014673,-0.6271552100354432,0.2538566556710388,0.706117397470918,0.31965825609369647,-0.21654569785255828,-0.1764916480346692,-0.282603993023614,-0.7533248535546322,1.0447503376280172,-0.9511897312113419,-0.1420960445125053,-0.23192034667290004,-0.30560444605526793,-0.34099716973523675,-0.24173208127588555,-0.2581988897471611,-0.20301416340319547,-0.5869734364739604,3.0352538538723257,-0.3156839517433792,-0.26726124191242434,-0.20577968041807276,-0.6627822868937354,-0.49837186151879204,1.2220910332321786,-0.4114677687570971,-0.5210788604500733,2.633226974174589,-0.42008402520840293,-0.4097355387061661,-0.46885190548373656,1.3195259690447643
-1.4556506322439091,0.7323243115825387,2.220215585191687,0.9576820435960217,-0.40299553110650327,-0.7660136157433054,1.0998827718849191,-0.4835366764591853,1.6551957499138643,0.5076765440393498,-0.6271552100354432,0.539222451273143,0.706117397470918,0.31965825609369647,-0.21654569785255828,-0.1764916480346692,-0.282603993023614,2.1457223348482684,1.0447503376280172,-0.9511897312113419,-0.1420960445125053,-0.23192034667290004,-0.30560444605526793,-0.34099716973523675,-0.24173208127588555,-0.2581988897471611,-0.20301416340319547,-0.5869734364739604,-0.32946173471593376,3.1677251709421848,-0.26726124191242434,-0.20577968041807276,-0.6627822868937354,-0.49837186151879204,1.2220910332321786,-0.4114677687570971,1.919095315316124,-0.37976217386784894,-0.42008402520840293,-0.4097355387061661,-0.46885190548373656,-0.9341160292105113
-0.44807415664156375,1.7697822079695396,-0.4386423119347994,0.7176732399574924,-0.08588429351450011,1.3054598240132387,-0.5704896617317864,-0.6589787360541223,0.20273878472436738,1.0106378260597584,1.5945016225624369,0.44410051940577494,0.24245617888536294,0.31965825609369647,-0.21654569785255828,-0.1764916480346692,-0.282603993023614,-0.19104101850234909,1.0447503376280172,-0.9511897312113419,-0.1420960445125053,-0.23192034667290004,-0.30560444605526793,-0.34099716973523675,-0.24173208127588555,-0.2581988897471611,-0.20301416340319547,-0.5869734364739604,-0.32946173471593376,-0.3156839517433792,3.741657386773941,-0.20577968041807276,-0.6627822868937354,-0.49837186151879204,1.2220910332321786,-0.4114677687570971,1.919095315316124,-0.37976217386784894,-0.42008402520840293,-0.4097355387061661,-0.46885190548373656,0.32986119008313763
2.5326729170153746,-0.032070594460037675,-1.103356786216421,0.6609697646609936,0.3897825628735039,-0.7660136157433054,0.09906151312821522,1.3076043505681947,0.20273878472436738,-1.001207302021876,-0.6271552100354432,0.2538566556710388,0.24245617888536294,0.31965825609369647,-0.21654569785255828,-0.1764916480346692,-0.282603993023614,-0.7743847547941333,-0.9571664769885428,1.0513149660756937,-0.1420960445125053,-0.23192034667290004,-0.30560444605526793,-0.34099716973523675,-0.24173208127588555,-0.2581988897471611,-0.20301416340319547,-0.5869734364739604,-0.32946173471593376,-0.3156839517433792,3.741657386773941,-0.20577968041807276,-0.6627822868937354,-0.49837186151879204,1.2220910332321786,-0.4114677687570971,-0.5210788604500733,2.633226974174589,-0.42008402520840293,-0.4097355387061661,-0.46885190548373656,1.2794558627763672
-1.6235800448443,0.9045484616636031,0.5584293994876329,0.2732169127279023,0.07267132528150075,-0.7660136157433054,1.54683447238047,-0.1632529165009864,-0.6687353943893308,-1.001207302021876,-0.6271552100354432,0.2538566556710388,0.706117397470918,0.31965825609369647,-0.21654569785255828,-0.1764916480346692,3.53852041969004,0.5479977386317354,-0.9571664769885428,1.0513149660756937,-0.1420960445125053,-0.23192034667290004,-0.30560444605526793,-0.34099716973523675,-0.24173208127588555,-0.2581988897471611,-0.20301416340319547,1.7036546083024706,-0.32946173471593376,-0.3156839517433792,-0.26726124191242434,-0.20577968041807276,-0.6627822868937354,-0.49837186151879204,1.2220910332321786,-0.4114677687570971,-0.5210788604500733,-0.37976217386784894,2.3804761428476167,-0.4097355387061661,-0.46885190548373656,-0.5116945550056702
-1.5396153385441045,0.947974696122783,-1.4357140233572319,-1.2790931786143955,1.02400503805751,-0.7660136157433054,-1.720294820653674,-1.1241041963755831,-0.37824400135143144,0.004715262018941286,-0.6271552100354432,-0.031509139931065404,-0.22120503970019206,0.31965825609369647,-0.21654569785255828,-0.1764916480346692,-0.282603993023614,-1.5569778644497783,1.0447503376280172,-0.9511897312113419,-0.1420960445125053,-0.23192034667290004,-0.30560444605526793,-0.34099716973523675,-0.24173208127588555,-0.2581988897471611,-0.20301416340319547,1.7036546083024706,-0.32946173471593376,-0.3156839517433792,-0.26726124191242434,-0.20577968041807276,1.508791076307582,-0.49837186151879204,-0.8182696483380675,-0.4114677687570971,-0.5210788604500733,-0.37976217386784894,-0.42008402520840293,-0.4097355387061661,2.1328696509578076,0.9427729389661501
1.1472552630621498,0.588787907239999,-0.1062850747939886,0.7162192182416479,0.8654494192615079,-0.7660136157433054,-0.7965946396295356,-1.1751047950950415,1.6551957499138643,-1.001207302021876,-0.6271552100354432,0.539222451273143,0.706117397470918,0.31965825609369647,-0.21654569785255828,-0.1764916480346692,-0.282603993023614,0.0929768272430405,-0.9571664769885428,1.0513149660756937,-0.1420960445125053,-0.23192034667290004,-0.30560444605526793,-0.34099716973523675,-0.24173208127588555,-0.2581988897471611,-0.20301416340319547,1.7036546083024706,-0.32946173471593376,-0.3156839517433792,-0.26726124191242434,-0.20577968041807276,-0.6627822868937354,2.0065338298845607,-0.8182696483380675,-0.4114677687570971,-0.5210788604500733,-0.37976217386784894,-0.42008402520840293,2.4405986435975984,-0.46885190548373656,0.024010916083619598
-2.0434035763452774,-0.830023225025541,1.2231438737692546,0.6277298591448027,0.5483381816695062,-0.7660136157433054,-0.9473312915613684,0.08358998130119241,-0.9592267874272302,0.004715262018941286,-0.6271552100354432,0.539222451273143,0.706117397470918,0.31965825609369647,-0.21654569785255828,-0.1764916480346692,-0.282603993023614,1.2078179818694676,-0.9571664769885428,1.0513149660756937,-0.1420960445125053,-0.23192034667290004,-0.30560444605526793,2.932575659723036,-0.24173208127588555,-0.2581988897471611,-0.20301416340319547,-0.5869734364739604,-0.32946173471593376,-0.3156839517433792,-0.26726124191242434,-0.20577968041807276,-0.6627822868937354,-0.49837186151879204,1.2220910332321786,-0.4114677687570971,-0.5210788604500733,2.633226974174589,-0.42008402520840293,-0.4097355387061661,-0.46885190548373656,-0.7064706328648066
1.1472552630621498,0.33659240274416213,-0.1062850747939886,0.011880481093693152,1.02400503805751,1.3054598240132387,0.9281130987532957,2.035892900282061,-0.9592267874272302,0.5076765440393498,-0.6271552100354432,0.2538566556710388,0.706117397470918,0.31965825609369647,-0.21654569785255828,-0.1764916480346692,-0.282603993023614,-0.08789507760654862,-0.9571664769885428,-0.9511897312113419,7.037493572961446,-0.23192034667290004,-0.30560444605526793,-0.34099716973523675,-0.24173208127588555,-0.2581988897471611,-0.20301416340319547,-0.5869734364739604,-0.32946173471593376,3.1677251709421848,-0.26726124191242434,-0.20577968041807276,-0.6627822868937354,-0.49837186151879204,-0.8182696483380675,2.430324015464581,-0.5210788604500733,-0.37976217386784894,-0.42008402520840293,-0.4097355387061661,-0.46885190548373656,-0.19107664433120458
0.39157290636039066,0.9206185569818792,0.8907866366284438,0.009845615444421998,-0.8786623874945072,-0.7660136157433054,0.6283925466562793,-0.38765555086660347,0.7837215708001662,-1.5041685840422845,-0.6271552100354432,0.44410051940577494,0.24245617888536294,0.31965825609369647,-0.21654569785255828,-0.1764916480346692,-0.282603993023614,0.7647560769180288,1.0447503376280172,-0.9511897312113419,-0.1420960445125053,-0.23192034667290004,-0.30560444605526793,-0.34099716973523675,-0.24173208127588555,-0.2581988897471611,-0.20301416340319547,-0.5869734364739604,-0.32946173471593376,3.1677251709421848,-0.26726124191242434,-0.20577968041807276,-0.6627822868937354,2.0065338298845607,-0.8182696483380675,-0.4114677687570971,-0.5210788604500733,2.633226974174589,-0.42008402520840293,-0.4097355387061661,-0.46885190548373656,-0.7157955280800528
0.055714081159608894,-1.2885562436548732,-0.4386423119347994,0.6405014512055609,0.8654494192615079,1.3054598240132387,1.499510174680941,0.7812781717833837,-0.37824400135143144,-1.5041685840422845,-0.6271552100354432,0.15873472380367074,0.24245617888536294,0.31965825609369647,-0.21654569785255828,-0.1764916480346692,-0.282603993023614,-0.21085848373041832,1.0447503376280172,-0.9511897312113419,-0.1420960445125053,-0.23192034667290004,3.272203702884454,-0.34099716973523675,-0.24173208127588555,-0.2581988897471611,-0.20301416340319547,-0.5869734364739604,-0.32946173471593376,-0.3156839517433792,-0.26726124191242434,-0.20577968041807276,-0.6627822868937354,-0.49837186151879204,1.2220910332321786,-0.4114677687570971,-0.5210788604500733,-0.37976217386784894,-0.42008402520840293,-0.4097355387061661,2.1328696509578076,0.3029282209630099
0.055714081159608894,-0.23731718219812212,0.22607216234682218,1.5027123146730168,-1.1957736250865103,1.3054598240132387,0.5758099936568027,-0.4284560298421702,1.0742129638380655,-0.4982460200014673,-0.6271552100354432,0.539222451273143,0.706117397470918,0.31965825609369647,-0.21654569785255828,-0.1764916480346692,-0.282603993023614,0.5793369390934009,-0.9571664769885428,1.0513149660756937,-0.1420960445125053,-0.23192034667290004,-0.30560444605526793,-0.34099716973523675,4.1368112776835515,-0.2581988897471611,-0.20301416340319547,-0.5869734364739604,-0.32946173471593376,-0.3156839517433792,-0.26726124191242434,-0.20577968041807276,-0.6627822868937354,-0.49837186151879204,-0.8182696483380675,-0.4114677687570971,-0.5210788604500733,-0.37976217386784894,2.3804761428476167,-0.4097355387061661,-0.46885190548373656,1.1355271467285995e-05
0.4755376126605861,0.2674525325132068,-0.1062850747939886,-2.3921738070880396,0.07267132528150075,1.3054598240132387,0.4776558947244465,-0.06941181485718287,1.6551957499138643,-0.4982460200014673,-0.6271552100354432,0.15873472380367074,0.24245617888536294,0.31965825609369647,-0.21654569785255828,-0.1764916480346692,3.53852041969004,-0.705248426970766,-0.9571664769885428,1.0513149660756937,-0.1420960445125053,-0.23192034667290004,-0.30560444605526793,-0.34099716973523675,-0.24173208127588555,-0.2581988897471611,-0.20301416340319547,-0.5869734364739604,-0.32946173471593376,-0.3156839517433792,3.741657386773941,-0.20577968041807276,1.508791076307582,-0.49837186151879204,-0.8182696483380675,-0.4114677687570971,-0.5210788604500733,-0.37976217386784894,-0.42008402520840293,-0.4097355387061661,-0.46885190548373656,-0.9252151272486737
-0.6999682755421501,-1.1959776327051541,0.5584293994876329,0.07313978480806099,-0.8786623874945072,-0.7660136157433054,1.1103992824848146,1.7196891882214187,1.6551957499138643,1.0106378260597584,1.5945016225624369,0.539222451273143,0.706117397470918,0.31965825609369647,-0.21654569785255828,-0.1764916480346692,-0.282603993023614,0.49661858065693437,-0.9571664769885428,1.0513149660756937,-0.1420960445125053,-0.23192034667290004,3.272203702884454,-0.34099716973523675,-0.24173208127588555,-0.2581988897471611,-0.20301416340319547,-0.5869734364739604,-0.32946173471593376,-0.3156839517433792,-0.26726124191242434,-0.20577968041807276,-0.6627822868937354,-0.49837186151879204,1.2220910332321786,2.430324015464581,-0.5210788604500733,-0.37976217386784894,-0.42008402520840293,-0.4097355387061661,-0.46885190548373656,-0.5605734242989754
0.22364349375999978,0.4813764829693164,0.22607216234682218,0.4297862610880375,-0.40299553110650327,-0.7660136157433054,-0.5880171793982786,-1.1485844837609231,0.4932301777622668,-1.001207302021876,-0.6271552100354432,0.15873472380367074,0.24245617888536294,0.31965825609369647,-0.21654569785255828,-0.1764916480346692,-0.282603993023614,0.30381300602041095,-0.9571664769885428,1.0513149660756937,-0.1420960445125053,-0.23192034667290004,-0.30560444605526793,-0.34099716973523675,4.1368112776835515,-0.2581988897471611,-0.20301416340319547,-0.5869734364739604,-0.32946173471593376,-0.3156839517433792,-0.26726124191242434,-0.20577968041807276,-0.6627822868937354,-0.49837186151879204,1.2220910332321786,-0.4114677687570971,-0.5210788604500733,-0.37976217386784894,-0.42008402520840293,2.4405986435975984,-0.46885190548373656,-0.29122862180806663
1.9029376197639087,-0.40312216390457184,1.5555011109100654,-1.342088167195978,1.02400503805751,1.3054598240132387,0.6687058372892113,-0.028611335881616132,0.4932301777622668,1.0106378260597584,1.5945016225624369,-0.031509139931065404,-0.22120503970019206,0.31965825609369647,-0.21654569785255828,-0.1764916480346692,-0.282603993023614,0.9863663309412835,1.0447503376280172,-0.9511897312113419,-0.1420960445125053,-0.23192034667290004,-0.30560444605526793,-0.34099716973523675,-0.24173208127588555,3.8729833462074166,-0.20301416340319547,-0.5869734364739604,-0.32946173471593376,-0.3156839517433792,-0.26726124191242434,-0.20577968041807276,-0.6627822868937354,-0.49837186151879204,1.2220910332321786,-0.4114677687570971,-0.5210788604500733,-0.37976217386784894,-0.42008402520840293,-0.4097355387061661,2.1328696509578076,-1.184869577707571
-1.0358271007429318,1.7822237958935097,-1.4357140233572319,-0.06029610972153196,-1.0372180062905088,1.3054598240132387,0.24979816506004804,-0.15305279675709468,-0.6687353943893308,1.513599108080167,1.5945016225624369,0.2538566556710388,0.706117397470918,0.31965825609369647,-0.21654569785255828,-0.1764916480346692,-0.282603993023614,-1.2439947274319418,1.0447503376280172,-0.9511897312113419,-0.1420960445125053,-0.23192034667290004,-0.30560444605526793,2.932575659723036,-0.24173208127588555,-0.2581988897471611,-0.20301416340319547,-0.5869734364739604,-0.32946173471593376,-0.3156839517433792,-0.26726124191242434,-0.20577968041807276,-0.6627822868937354,2.0065338298845607,-0.8182696483380675,-0.4114677687570971,-0.5210788604500733,-0.37976217386784894,-0.42008402520840293,-0.4097355387061661,2.1328696509578076,1.6871536591020557
2.4906905638652765,-0.08589857215170713,-1.7680712604980426,-0.3605596520813041,-0.2444399123105017,-0.7660136157433054,0.8597557798539762,0.946520111634429,-0.37824400135143144,-1.001207302021876,-0.6271552100354432,0.2538566556710388,0.24245617888536294,0.31965825609369647,-0.21654569785255828,-0.1764916480346692,-0.282603993023614,-1.6054926657275603,1.0447503376280172,-0.9511897312113419,-0.1420960445125053,-0.23192034667290004,-0.30560444605526793,-0.34099716973523675,-0.24173208127588555,-0.2581988897471611,-0.20301416340319547,-0.5869734364739604,-0.32946173471593376,-0.3156839517433792,3.741657386773941,-0.20577968041807276,-0.6627822868937354,-0.49837186151879204,1.2220910332321786,-0.4114677687570971,-0.5210788604500733,-0.37976217386784894,-0.42008402520840293,-0.4097355387061661,2.1328696509578076,2.7094864076633614
0.055714081159608894,-1.045701965219088,-0.7709995490756102,-0.3197421611185703,0.07267132528150075,1.3054598240132387,0.07277023662847694,0.9750804469173258,0.20273878472436738,-0.4982460200014673,-0.6271552100354432,0.44410051940577494,0.24245617888536294,0.31965825609369647,-0.21654569785255828,-0.1764916480346692,-0.282603993023614,-0.7418371649148711,-0.9571664769885428,1.0513149660756937,-0.1420960445125053,-0.23192034667290004,-0.30560444605526793,-0.34099716973523675,-0.24173208127588555,-0.2581988897471611,-0.20301416340319547,1.7036546083024706,-0.32946173471593376,-0.3156839517433792,-0.26726124191242434,-0.20577968041807276,-0.6627822868937354,-0.49837186151879204,1.2220910332321786,-0.4114677687570971,-0.5210788604500733,-0.37976217386784894,-0.42008402520840293,-0.4097355387061661,2.1328696509578076,0.31466832227791164
-1.2037565133433228,1.5415573576953923,-0.1062850747939886,0.6962891495431341,-0.5615511499025041,-0.7660136157433054,-1.073529418760112,-0.3529751437373717,-0.37824400135143144,1.0106378260597584,1.5945016225624369,-3.075410959686844,-3.003172351213522,-3.1283409107596607,-0.21654569785255828,-0.1764916480346692,-0.282603993023614,0.08785885019710934,-0.9571664769885428,1.0513149660756937,-0.1420960445125053,-0.23192034667290004,-0.30560444605526793,2.932575659723036,-0.24173208127588555,-0.2581988897471611,-0.20301416340319547,-0.5869734364739604,-0.32946173471593376,-0.3156839517433792,-0.26726124191242434,-0.20577968041807276,-0.6627822868937354,-0.49837186151879204,1.2220910332321786,-0.4114677687570971,-0.5210788604500733,2.633226974174589,-0.42008402520840293,-0.4097355387061661,-0.46885190548373656,0.017924768000069407
1.6510435008633224,1.1571094590667854,0.5584293994876329,-0.9576329241603577,-0.2444399123105017,-0.7660136157433054,-0.23571407430178556,-0.22649365891311482,-1.540209573503029,0.004715262018941286,-0.6271552100354432,-0.031509139931065404,-0.22120503970019206,0.31965825609369647,-0.21654569785255828,-0.1764916480346692,-0.282603993023614,0.23191948985721064,1.0447503376280172,-0.9511897312113419,-0.1420960445125053,-0.23192034667290004,-0.30560444605526793,2.932575659723036,-0.24173208127588555,-0.2581988897471611,-0.20301416340319547,-0.5869734364739604,-0.32946173471593376,-0.3156839517433792,-0.26726124191242434,-0.20577968041807276,-0.6627822868937354,2.0065338298845607,-0.8182696483380675,-0.4114677687570971,-0.5210788604500733,2.633226974174589,-0.42008402520840293,-0.4097355387061661,-0.46885190548373656,-0.8123913359043394
-0.02825062514058655,0.8611081613049876,0.5584293994876329,1.0072176866279565,-1.6714404814745143,-0.7660136157433054,-0.7107098030637239,-0.6242983289248906,1.0742129638380655,-1.001207302021876,-0.6271552100354432,0.44410051940577494,0.24245617888536294,0.31965825609369647,-0.21654569785255828,-0.1764916480346692,-0.282603993023614,0.7364867583808896,-0.9571664769885428,1.0513149660756937,-0.1420960445125053,-0.23192034667290004,-0.30560444605526793,-0.34099716973523675,-0.24173208127588555,-0.2581988897471611,-0.20301416340319547,1.7036546083024706,-0.32946173471593376,-0.3156839517433792,-0.26726124191242434,-0.20577968041807276,-0.6627822868937354,-0.49837186151879204,1.2220910332321786,-0.4114677687570971,1.919095315316124,-0.37976217386784894,-0.42008402520840293,-0.4097355387061661,-0.46885190548373656,-0.3323780671009676
1.1472552630621498,-0.4008831243211549,-1.103356786216421,1.0542356595070361,-1.829996100270516,-0.7660136157433054,-0.07446091177005744,-0.9833425439098779,1.0742129638380655,-0.4982460200014673,-0.6271552100354432,0.44410051940577494,0.24245617888536294,0.31965825609369647,-0.21654569785255828,-0.1764916480346692,-0.282603993023614,-0.6733953476216581,1.0447503376280172,-0.9511897312113419,-0.1420960445125053,-0.23192034667290004,-0.30560444605526793,-0.34099716973523675,-0.24173208127588555,-0.2581988897471611,-0.20301416340319547,1.7036546083024706,-0.32946173471593376,-0.3156839517433792,-0.26726124191242434,-0.20577968041807276,1.508791076307582,-0.49837186151879204,-0.8182696483380675,-0.4114677687570971,-0.5210788604500733,-0.37976217386784894,2.3804761428476167,-0.4097355387061661,-0.46885190548373656,1.4716056849129162
0.30760820006019524,-0.34729641526432575,0.8907866366284438,1.1804434013909249,0.706893800465507,1.3054598240132387,-0.9753753198277559,-1.0792236695024597,-0.9592267874272302,1.0106378260597584,1.5945016225624369,-0.031509139931065404,-0.22120503970019206,0.31965825609369647,-0.21654569785255828,-0.1764916480346692,-0.282603993023614,1.0653617942951492,1.0447503376280172,-0.9511897312113419,-0.1420960445125053,-0.23192034667290004,-0.30560444605526793,-0.34099716973523675,-0.24173208127588555,-0.2581988897471611,-0.20301416340319547,1.7036546083024706,-0.32946173471593376,-0.3156839517433792,-0.26726124191242434,-0.20577968041807276,1.508791076307582,-0.49837186151879204,-0.8182696483380675,2.430324015464581,-0.5210788604500733,-0.37976217386784894,-0.42008402520840293,-0.4097355387061661,-0.46885190548373656,-0.45581625831639255
-0.6999682755421501,-1.250895310629245,-0.1062850747939886,-0.10825397224863123,0.23122694407750302,-0.7660136157433054,0.7791291985881121,-0.5386173230762004,-0.08775260831353203,1.0106378260597584,1.5945016225624369,0.44410051940577494,0.24245617888536294,0.31965825609369647,-0.21654569785255828,-0.1764916480346692,-0.282603993023614,-0.1187452158540576,1.0447503376280172,-0.9511897312113419,-0.1420960445125053,-0.23192034667290004,-0.30560444605526793,-0.34099716973523675,-0.24173208127588555,-0.2581988897471611,-0.20301416340319547,-0.5869734364739604,-0.32946173471593376,3.1677251709421848,-0.26726124191242434,-0.20577968041807276,-0.6627822868937354,-0.49837186151879204,1.2220910332321786,-0.4114677687570971,-0.5210788604500733,-0.37976217386784894,2.3804761428476167,-0.4097355387061661,-0.46885190548373656,-0.2277627232423254
0.4755376126605861,-0.8725877754651709,-2.100428497638853,-1.1005548320747032,-2.30566295665852,-0.7660136157433054,-0.5652314064318387,-0.5018968919981903,0.20273878472436738,-0.4982460200014673,-0.6271552100354432,-3.075410959686844,-3.003172351213522,-3.1283409107596607,-0.21654569785255828,-0.1764916480346692,-0.282603993023614,-2.0799122633422176,-0.9571664769885428,1.0513149660756937,-0.1420960445125053,-0.23192034667290004,-0.30560444605526793,-0.34099716973523675,-0.24173208127588555,-0.2581988897471611,-0.20301416340319547,1.7036546083024706,-0.32946173471593376,-0.3156839517433792,-0.26726124191242434,-0.20577968041807276,-0.6627822868937354,-0.49837186151879204,1.2220910332321786,2.430324015464581,-0.5210788604500733,-0.37976217386784894,-0.42008402520840293,-0.4097355387061661,-0.46885190548373656,4.217019413344064
0.9793258504617588,-1.556937079852719,-0.4386423119347994,-0.8893941597928247,0.07267132528150075,-0.7660136157433054,0.8369700068875363,2.1970547922355492,-0.37824400135143144,-1.5041685840422845,-0.6271552100354432,0.15873472380367074,0.24245617888536294,0.31965825609369647,-0.21654569785255828,-0.1764916480346692,3.53852041969004,-0.6037307180516396,-0.9571664769885428,1.0513149660756937,-0.1420960445125053,-0.23192034667290004,-0.30560444605526793,-0.34099716973523675,-0.24173208127588555,-0.2581988897471611,-0.20301416340319547,-0.5869734364739604,3.0352538538723257,-0.3156839517433792,-0.26726124191242434,-0.20577968041807276,-0.6627822868937354,-0.49837186151879204,1.2220910332321786,-0.4114677687570971,-0.5210788604500733,-0.37976217386784894,2.3804761428476167,-0.4097355387061661,-0.46885190548373656,-0.23100564158474693
-0.2801447440411729,0.6894345254851264,-0.7709995490756102,-0.8351023002195799,0.07267132528150075,-0.7660136157433054,0.9140910846201019,0.7547578604492653,-0.6687353943893308,1.0106378260597584,1.5945016225624369,-0.031509139931065404,-0.22120503970019206,0.31965825609369647,-0.21654569785255828,-0.1764916480346692,-0.282603993023614,-0.8741799782892943,-0.9571664769885428,1.0513149660756937,-0.1420960445125053,-0.23192034667290004,3.272203702884454,-0.34099716973523675,-0.24173208127588555,-0.2581988897471611,-0.20301416340319547,-0.5869734364739604,-0.32946173471593376,-0.3156839517433792,-0.26726124191242434,-0.20577968041807276,-0.6627822868937354,-0.49837186151879204,-0.8182696483380675,-0.4114677687570971,-0.5210788604500733,-0.37976217386784894,2.3804761428476167,-0.4097355387061661,-0.46885190548373656,0.10483073664285161
-0.02825062514058655,0.6895706827115816,-0.1062850747939886,-0.5682107239081418,-1.3543292438825112,-0.7660136157433054,0.8562502763206777,-0.4019357185080518,-0.37824400135143144,0.004715262018941286,-0.6271552100354432,0.15873472380367074,0.24245617888536294,0.31965825609369647,-0.21654569785255828,-0.1764916480346692,-0.282603993023614,-0.23686061890281726,-0.9571664769885428,1.0513149660756937,-0.1420960445125053,-0.23192034667290004,-0.30560444605526793,-0.34099716973523675,-0.24173208127588555,-0.2581988897471611,-0.20301416340319547,1.7036546083024706,-0.32946173471593376,-0.3156839517433792,-0.26726124191242434,-0.20577968041807276,1.508791076307582,-0.49837186151879204,-0.8182696483380675,-0.4114677687570971,1.919095315316124,-0.37976217386784894,-0.42008402520840293,-0.4097355387061661,-0.46885190548373656,-0.36822209370286224
-0.2801447440411729,1.7899473330309645,0.5584293994876329,0.27654216455968367,-0.8786623874945072,-0.7660136157433054,-0.2111755495686965,0.9097996805564189,-1.540209573503029,0.004715262018941286,-0.6271552100354432,0.2538566556710388,0.706117397470918,0.31965825609369647,-0.21654569785255828,-0.1764916480346692,-0.282603993023614,0.5488516525245795,1.0447503376280172,-0.9511897312113419,-0.1420960445125053,-0.23192034667290004,-0.30560444605526793,-0.34099716973523675,-0.24173208127588555,-0.2581988897471611,-0.20301416340319547,1.7036546083024706,-0.32946173471593376,-0.3156839517433792,-0.26726124191242434,-0.20577968041807276,-0.6627822868937354,-0.49837186151879204,-0.8182696483380675,-0.4114677687570971,1.919095315316124,-0.37976217386784894,-0.42008402520840293,-0.4097355387061661,-0.46885190548373656,-0.5108821955353857
0.22364349375999978,0.060924028579166706,-0.7709995490756102,-0.329024998997874,1.182560656853511,-0.7660136157433054,0.4723976394244988,-0.2530139702472332,1.6551957499138643,1.0106378260597584,1.5945016225624369,-3.075410959686844,-3.003172351213522,-3.1283409107596607,-0.21654569785255828,-0.1764916480346692,-0.282603993023614,-0.7442209675954369,-0.9571664769885428,1.0513149660756937,-0.1420960445125053,-0.23192034667290004,-0.30560444605526793,-0.34099716973523675,-0.24173208127588555,-0.2581988897471611,-0.20301416340319547,1.7036546083024706,-0.32946173471593376,-0.3156839517433792,-0.26726124191242434,-0.20577968041807276,-0.6627822868937354,-0.49837186151879204,1.2220910332321786,-0.4114677687570971,-0.5210788604500733,-0.37976217386784894,-0.42008402520840293,-0.4097355387061661,-0.46885190548373656,0.3108886580380024
-0.2801447440411729,0.07889653539948985,0.8907866366284438,0.45214645667020764,-0.40299553110650327,1.3054598240132387,1.1647345872509403,1.217843296821948,1.364704356875965,-0.4982460200014673,-0.6271552100354432,-3.075410959686844,-3.003172351213522,-3.1283409107596607,-0.21654569785255828,-0.1764916480346692,-0.282603993023614,0.8783374993924236,-0.9571664769885428,1.0513149660756937,-0.1420960445125053,-0.23192034667290004,-0.30560444605526793,-0.34099716973523675,-0.24173208127588555,-0.2581988897471611,-0.20301416340319547,1.7036546083024706,-0.32946173471593376,-0.3156839517433792,-0.26726124191242434,-0.20577968041807276,1.508791076307582,-0.49837186151879204,-0.8182696483380675,-0.4114677687570971,-0.5210788604500733,2.633226974174589,-0.42008402520840293,-0.4097355387061661,-0.46885190548373656,-0.6175644780146742
0.30760820006019524,0.18718678420374646,-0.1062850747939886,-1.0257324709807285,0.07267132528150075,1.3054598240132387,-0.5319291228655035,0.016269190991507285,0.20273878472436738,0.5076765440393498,-0.6271552100354432,0.539222451273143,0.706117397470918,0.31965825609369647,-0.21654569785255828,-0.1764916480346692,3.53852041969004,-0.3543507206658096,-0.9571664769885428,1.0513149660756937,-0.1420960445125053,-0.23192034667290004,-0.30560444605526793,-0.34099716973523675,-0.24173208127588555,3.8729833462074166,-0.20301416340319547,-0.5869734364739604,-0.32946173471593376,-0.3156839517433792,-0.26726124191242434,-0.20577968041807276,-0.6627822868937354,-0.49837186151879204,-0.8182696483380675,-0.4114677687570971,1.919095315316124,-0.37976217386784894,-0.42008402520840293,-0.4097355387061661,-0.46885190548373656,-0.5079378742277935
-1.0358271007429318,0.4169320071083036,-0.7709995490756102,-1.5376271214235793,-0.7201067686985057,-0.7660136157433054,1.5924060183133497,-1.2281454177632782,-0.9592267874272302,0.004715262018941286,-0.6271552100354432,0.539222451273143,0.706117397470918,0.31965825609369647,-0.21654569785255828,-0.1764916480346692,-0.282603993023614,-1.0545860754036047,-0.9571664769885428,1.0513149660756937,-0.1420960445125053,4.3118252207961625,-0.30560444605526793,-0.34099716973523675,-0.24173208127588555,-0.2581988897471611,-0.20301416340319547,-0.5869734364739604,-0.32946173471593376,-0.3156839517433792,-0.26726124191242434,-0.20577968041807276,-0.6627822868937354,-0.49837186151879204,1.2220910332321786,-0.4114677687570971,-0.5210788604500733,2.633226974174589,-0.42008402520840293,-0.4097355387061661,-0.46885190548373656,-0.1812141107279622
1.399149381962736,-0.02190777256196708,1.8878583480508762,0.38479385197988314,-2.622774194250523,-0.7660136157433054,-0.22695031546853947,-0.48761672435674197,-1.540209573503029,1.0106378260597584,1.5945016225624369,0.44410051940577494,0.24245617888536294,0.31965825609369647,-0.21654569785255828,-0.1764916480346692,-0.282603993023614,1.7142152702342273,1.0447503376280172,-0.9511897312113419,-0.1420960445125053,-0.23192034667290004,3.272203702884454,-0.34099716973523675,-0.24173208127588555,-0.2581988897471611,-0.20301416340319547,-0.5869734364739604,-0.32946173471593376,-0.3156839517433792,-0.26726124191242434,-0.20577968041807276,-0.6627822868937354,2.0065338298845607,-0.8182696483380675,-0.4114677687570971,1.919095315316124,-0.37976217386784894,-0.42008402520840293,-0.4097355387061661,-0.46885190548373656,-0.9498513026304896
0.055714081159608894,-1.1916437901122676,-0.4386423119347994,1.2607270899276495,0.5483381816695062,-0.7660136157433054,-1.697509047687234,-1.2057051543267165,-0.37824400135143144,0.5076765440393498,-0.6271552100354432,-0.031509139931065404,-0.22120503970019206,0.31965825609369647,-0.21654569785255828,-0.1764916480346692,-0.282603993023614,-0.05158654993551212,1.0447503376280172,-0.9511897312113419,-0.1420960445125053,-0.23192034667290004,-0.30560444605526793,-0.34099716973523675,-0.24173208127588555,-0.2581988897471611,-0.20301416340319547,-0.5869734364739604,-0.32946173471593376,-0.3156839517433792,-0.26726124191242434,4.859566299103718,-0.6627822868937354,-0.49837186151879204,1.2220910332321786,2.430324015464581,-0.5210788604500733,-0.37976217386784894,-0.42008402520840293,-0.4097355387061661,-0.46885190548373656,0.5193870881911633
0.9793258504617588,1.5563597216802125,-0.4386423119347994,-0.08623456762417855,-0.40299553110650327,1.3054598240132387,1.5994170253799465,2.786621713432489,-0.9592267874272302,1.513599108080167,1.5945016225624369,0.44410051940577494,0.24245617888536294,0.31965825609369647,-0.21654569785255828,-0.1764916480346692,-0.282603993023614,-0.3974819379234967,1.0447503376280172,-0.9511897312113419,-0.1420960445125053,-0.23192034667290004,-0.30560444605526793,-0.34099716973523675,-0.24173208127588555,-0.2581988897471611,-0.20301416340319547,1.7036546083024706,-0.32946173471593376,-0.3156839517433792,-0.26726124191242434,-0.20577968041807276,1.508791076307582,-0.49837186151879204,-0.8182696483380675,-0.4114677687570971,1.919095315316124,-0.37976217386784894,-0.42008402520840293,-0.4097355387061661,-0.46885190548373656,0.04929721058765451
-0.5320388629417592,0.3266377868149325,-0.4386423119347994,-0.8754647678907458,1.499671894445514,1.3054598240132387,1.2068006296505216,1.8196503617115574,1.0742129638380655,1.513599108080167,1.5945016225624369,0.15873472380367074,0.24245617888536294,0.31965825609369647,-0.21654569785255828,-0.1764916480346692,-0.282603993023614,-0.6001536953580878,-0.9571664769885428,1.0513149660756937,-0.1420960445125053,-0.23192034667290004,-0.30560444605526793,-0.34099716973523675,-0.24173208127588555,-0.2581988897471611,4.925764701519638,-0.5869734364739604,-0.32946173471593376,-0.3156839517433792,-0.26726124191242434,-0.20577968041807276,-0.6627822868937354,2.0065338298845607,-0.8182696483380675,-0.4114677687570971,1.919095315316124,-0.37976217386784894,-0.42008402520840293,-0.4097355387061661,-0.46885190548373656,-0.22614428113129406
-1.3716859259437137,-2.1486836313783324,0.5584293994876329,0.5705349592548369,-1.0372180062905088,-0.7660136157433054,0.25330366859334646,-0.7079393108248023,-0.6687353943893308,0.5076765440393498,-0.6271552100354432,0.539222451273143,0.706117397470918,0.31965825609369647,-0.21654569785255828,-0.1764916480346692,-0.282603993023614,0.6243480493348493,1.0447503376280172,-0.9511897312113419,-0.1420960445125053,-0.23192034667290004,-0.30560444605526793,-0.34099716973523675,-0.24173208127588555,-0.2581988897471611,-0.20301416340319547,-0.5869734364739604,-0.32946173471593376,-0.3156839517433792,3.741657386773941,-0.20577968041807276,1.508791076307582,-0.49837186151879204,-0.8182696483380675,-0.4114677687570971,-0.5210788604500733,-0.37976217386784894,-0.42008402520840293,2.4405986435975984,-0.46885190548373656,-0.43905971620213985
-0.19618003774097745,0.5626542176056466,1.5555011109100654,1.5327929140256864,1.499671894445514,1.3054598240132387,1.2225753955503644,0.5793158008543283,1.0742129638380655,0.5076765440393498,-0.6271552100354432,0.539222451273143,0.706117397470918,0.31965825609369647,-0.21654569785255828,-0.1764916480346692,-0.282603993023614,1.7246264747495879,-0.9571664769885428,1.0513149660756937,-0.1420960445125053,-0.23192034667290004,-0.30560444605526793,2.932575659723036,-0.24173208127588555,-0.2581988897471611,-0.20301416340319547,-0.5869734364739604,-0.32946173471593376,-0.3156839517433792,-0.26726124191242434,-0.20577968041807276,1.508791076307582,-0.49837186151879204,-0.8182696483380675,-0.4114677687570971,-0.5210788604500733,-0.37976217386784894,-0.42008402520840293,-0.4097355387061661,2.1328696509578076,-0.6446127813418734
-0.19618003774097745,-0.4585408267694872,-1.103356786216421,0.7015932251415371,0.23122694407750302,-0.7660136157433054,-0.28479112376796367,-0.4304960537909485,-1.2497181804651296,0.004715262018941286,-0.6271552100354432,-3.075410959686844,-3.003172351213522,-3.1283409107596607,-0.21654569785255828,-0.1764916480346692,-0.282603993023614,-0.7639527818084497,1.0447503376280172,-0.9511897312113419,-0.1420960445125053,-0.23192034667290004,-0.30560444605526793,-0.34099716973523675,-0.24173208127588555,3.8729833462074166,-0.20301416340319547,-0.5869734364739604,-0.32946173471593376,-0.3156839517433792,-0.26726124191242434,-0.20577968041807276,1.508791076307582,-0.49837186151879204,-0.8182696483380675,2.430324015464581,-0.5210788604500733,-0.37976217386784894,-0.42008402520840293,-0.4097355387061661,-0.46885190548373656,1.2993044965079126
-1.4556506322439091,0.6232916811287761,0.22607216234682218,-1.0901186350528478,-0.08588429351450011,-0.7660136157433054,1.0963772683516206,-1.026183046834223,1.6551957499138643,1.513599108080167,1.5945016225624369,0.2538566556710388,0.24245617888536294,0.31965825609369647,-0.21654569785255828,-0.1764916480346692,-0.282603993023614,-0.08649364510656082,-0.9571664769885428,-0.9511897312113419,7.037493572961446,-0.23192034667290004,-0.30560444605526793,2.932575659723036,-0.24173208127588555,-0.2581988897471611,-0.20301416340319547,-0.5869734364739604,-0.32946173471593376,-0.3156839517433792,-0.26726124191242434,-0.20577968041807276,-0.6627822868937354,-0.49837186151879204,1.2220910332321786,-0.4114677687570971,-0.5210788604500733,-0.37976217386784894,-0.42008402520840293,2.4405986435975984,-0.46885190548373656,-0.7037985893618308
-1.5396153385441045,0.14257390272820558,-1.103356786216421,-0.4180444834812094,0.5483381816695062,1.3054598240132387,1.683549110179109,-0.6977391910809106,-1.540209573503029,-1.5041685840422845,-0.6271552100354432,-3.075410959686844,-3.003172351213522,-3.1283409107596607,-0.21654569785255828,-0.1764916480346692,-0.282603993023614,-1.0514721164968182,-0.9571664769885428,1.0513149660756937,-0.1420960445125053,-0.23192034667290004,-0.30560444605526793,-0.34099716973523675,-0.24173208127588555,-0.2581988897471611,-0.20301416340319547,1.7036546083024706,-0.32946173471593376,-0.3156839517433792,-0.26726124191242434,-0.20577968041807276,1.508791076307582,-0.49837186151879204,-0.8182696483380675,-0.4114677687570971,-0.5210788604500733,-0.37976217386784894,-0.42008402520840293,-0.4097355387061661,-0.46885190548373656,0.7522492105328676
0.643467025260977,-0.35206993086901456,1.2231438737692546,0.8063277730268178,0.23122694407750302,-0.7660136157433054,0.8369700068875363,0.8975595368637489,-0.37824400135143144,-1.5041685840422845,-0.6271552100354432,0.539222451273143,0.706117397470918,0.31965825609369647,-0.21654569785255828,-0.1764916480346692,-0.282603993023614,1.253681347296176,1.0447503376280172,-0.9511897312113419,-0.1420960445125053,-0.23192034667290004,-0.30560444605526793,-0.34099716973523675,-0.24173208127588555,-0.2581988897471611,-0.20301416340319547,-0.5869734364739604,-0.32946173471593376,3.1677251709421848,-0.26726124191242434,-0.20577968041807276,-0.6627822868937354,2.0065338298845607,-0.8182696483380675,-0.4114677687570971,-0.5210788604500733,-0.37976217386784894,2.3804761428476167,-0.4097355387061661,-0.46885190548373656,-0.6701110541885876
1.7350082071635178,1.7899473330309645,0.22607216234682218,-0.17305619795081467,0.23122694407750302,-0.7660136157433054,0.5512714689237137,1.2770039913365197,1.0742129638380655,-0.4982460200014673,-0.6271552100354432,0.15873472380367074,0.24245617888536294,0.31965825609369647,-0.21654569785255828,-0.1764916480346692,-0.282603993023614,0.14900501642709826,1.0447503376280172,-0.9511897312113419,-0.1420960445125053,-0.23192034667290004,-0.30560444605526793,-0.34099716973523675,-0.24173208127588555,3.8729833462074166,-0.20301416340319547,-0.5869734364739604,-0.32946173471593376,-0.3156839517433792,-0.26726124191242434,-0.20577968041807276,-0.6627822868937354,-0.49837186151879204,1.2220910332321786,-0.4114677687570971,-0.5210788604500733,-0.37976217386784894,-0.42008402520840293,-0.4097355387061661,2.1328696509578076,-0.45486694838836117
-0.112215331440782,0.5289362613594184,-0.1062850747939886,-1.5448199131566673,1.499671894445514,-0.7660136157433054,-0.9262982703615777,-0.8079004843149409,-1.2497181804651296,1.0106378260597584,1.5945016225624369,0.44410051940577494,0.24245617888536294,0.31965825609369647,-0.21654569785255828,-0.1764916480346692,-0.282603993023614,-0.487650693389219,-0.9571664769885428,1.0513149660756937,-0.1420960445125053,-0.23192034667290004,-0.30560444605526793,-0.34099716973523675,-0.24173208127588555,-0.2581988897471611,-0.20301416340319547,-0.5869734364739604,-0.32946173471593376,-0.3156839517433792,-0.26726124191242434,4.859566299103718,-0.6627822868937354,2.0065338298845607,-0.8182696483380675,-0.4114677687570971,-0.5210788604500733,-0.37976217386784894,-0.42008402520840293,-0.4097355387061661,2.1328696509578076,-0.6664542892579959
-0.2801447440411729,-0.6301107105299285,0.8907866366284438,0.5979946140482767,0.07267132528150075,-0.7660136157433054,-1.441607289756448,-0.7160994066199158,1.6551957499138643,1.0106378260597584,1.5945016225624369,0.539222451273143,0.706117397470918,0.31965825609369647,-0.21654569785255828,-0.1764916480346692,3.53852041969004,0.915790833494979,-0.9571664769885428,1.0513149660756937,-0.1420960445125053,-0.23192034667290004,3.272203702884454,-0.34099716973523675,-0.24173208127588555,-0.2581988897471611,-0.20301416340319547,-0.5869734364739604,-0.32946173471593376,-0.3156839517433792,-0.26726124191242434,-0.20577968041807276,-0.6627822868937354,-0.49837186151879204,1.2220910332321786,-0.4114677687570971,-0.5210788604500733,-0.37976217386784894,-0.42008402520840293,2.4405986435975984,-0.46885190548373656,-0.5851729102988109
0.8953611441615633,0.12991430709339713,0.8907866366284438,0.36120866702480703,0.23122694407750302,1.3054598240132387,1.515284940580784,1.9542919423309275,-0.6687353943893308,1.0106378260597584,1.5945016225624369,0.44410051940577494,0.24245617888536294,0.31965825609369647,-0.21654569785255828,-0.1764916480346692,-0.282603993023614,0.8549849697522437,1.0447503376280172,-0.9511897312113419,-0.1420960445125053,-0.23192034667290004,-0.30560444605526793,-0.34099716973523675,-0.24173208127588555,-0.2581988897471611,4.925764701519638,-0.5869734364739604,-0.32946173471593376,-0.3156839517433792,-0.26726124191242434,-0.20577968041807276,-0.6627822868937354,-0.49837186151879204,1.2220910332321786,-0.4114677687570971,-0.5210788604500733,-0.37976217386784894,-0.42008402520840293,2.4405986435975984,-0.46885190548373656,-0.6377609455202202
-1.1197918070431274,1.7899473330309645,-0.1062850747939886,0.8471104853738672,-0.40299553110650327,-0.7660136157433054,-1.1471449929593793,-0.499856868049412,-0.08775260831353203,1.0106378260597584,1.5945016225624369,0.539222451273143,0.706117397470918,0.31965825609369647,-0.21654569785255828,-0.1764916480346692,-0.282603993023614,0.12658928040761488,-0.9571664769885428,1.0513149660756937,-0.1420960445125053,-0.23192034667290004,-0.30560444605526793,-0.34099716973523675,-0.24173208127588555,-0.2581988897471611,-0.20301416340319547,1.7036546083024706,-0.32946173471593376,-0.3156839517433792,-0.26726124191242434,-0.20577968041807276,-0.6627822868937354,2.0065338298845607,-0.8182696483380675,-0.4114677687570971,1.919095315316124,-0.37976217386784894,-0.42008402520840293,-0.4097355387061661,-0.46885190548373656,0.06398185881647715
-2.505209460996352,1.3160668251501493,0.8907866366284438,-1.0141669894670209,-0.08588429351450011,-0.7660136157433054,0.28660595215968165,1.4238857156485598,-0.9592267874272302,1.513599108080167,1.5945016225624369,0.44410051940577494,0.24245617888536294,0.31965825609369647,-0.21654569785255828,-0.1764916480346692,-0.282603993023614,0.5017929589297934,-0.9571664769885428,1.0513149660756937,-0.1420960445125053,-0.23192034667290004,-0.30560444605526793,-0.34099716973523675,-0.24173208127588555,-0.2581988897471611,-0.20301416340319547,-0.5869734364739604,-0.32946173471593376,3.1677251709421848,-0.26726124191242434,-0.20577968041807276,-0.6627822868937354,-0.49837186151879204,1.2220910332321786,-0.4114677687570971,-0.5210788604500733,-0.37976217386784894,-0.42008402520840293,2.4405986435975984,-0.46885190548373656,-0.9432195437836217
2.5326729170153746,-0.17875965821271175,-0.1062850747939886,-0.9342099008211252,-0.7201067686985057,-0.7660136157433054,0.2462926615267496,-1.062903477912233,-0.6687353943893308,-1.001207302021876,-0.6271552100354432,0.44410051940577494,0.24245617888536294,0.31965825609369647,-0.21654569785255828,-0.1764916480346692,-0.282603993023614,-0.3308480212849288,-0.9571664769885428,1.0513149660756937,-0.1420960445125053,-0.23192034667290004,-0.30560444605526793,-0.34099716973523675,-0.24173208127588555,-0.2581988897471611,4.925764701519638,-0.5869734364739604,-0.32946173471593376,-0.3156839517433792,-0.26726124191242434,-0.20577968041807276,1.508791076307582,-0.49837186151879204,-0.8182696483380675,-0.4114677687570971,-0.5210788604500733,-0.37976217386784894,2.3804761428476167,-0.4097355387061661,-0.46885190548373656,-0.47998915395970965
-0.5320388629417592,0.10583063118312527,0.5584293994876329,-0.06933398598150846,1.182560656853511,-0.7660136157433054,0.546013213623766,0.401833717310613,1.0742129638380655,1.0106378260597584,1.5945016225624369,-3.075410959686844,-3.003172351213522,-3.1283409107596607,-0.21654569785255828,-0.1764916480346692,-0.282603993023614,0.46003177809349655,1.0447503376280172,-0.9511897312113419,-0.1420960445125053,-0.23192034667290004,-0.30560444605526793,2.932575659723036,-0.24173208127588555,-0.2581988897471611,-0.20301416340319547,-0.5869734364739604,-0.32946173471593376,-0.3156839517433792,-0.26726124191242434,-0.20577968041807276,1.508791076307582,-0.49837186151879204,-0.8182696483380675,-0.4114677687570971,1.919095315316124,-0.37976217386784894,-0.42008402520840293,-0.4097355387061661,-0.46885190548373656,-0.595379785688458
0.22364349375999978,-1.3702363873797878,-0.7709995490756102,-2.2698302375534007,-0.08588429351450011,-0.7660136157433054,0.6073595254564886,1.223963368668283,0.7837215708001662,1.0106378260597584,1.5945016225624369,0.15873472380367074,0.24245617888536294,0.31965825609369647,-0.21654569785255828,-0.1764916480346692,-0.282603993023614,-1.2426134624637972,1.0447503376280172,-0.9511897312113419,-0.1420960445125053,-0.23192034667290004,3.272203702884454,-0.34099716973523675,-0.24173208127588555,-0.2581988897471611,-0.20301416340319547,-0.5869734364739604,-0.32946173471593376,-0.3156839517433792,-0.26726124191242434,-0.20577968041807276,1.508791076307582,-0.49837186151879204,-0.8182696483380675,-0.4114677687570971,-0.5210788604500733,2.633226974174589,-0.42008402520840293,-0.4097355387061661,-0.46885190548373656,-0.47934297717689694
-0.112215331440782,-0.6715684064549476,1.2231438737692546,1.4986291231513276,-0.5615511499025041,-0.7660136157433054,-1.1015734470264997,-0.8364608195978376,-0.37824400135143144,-1.5041685840422845,-0.6271552100354432,-0.031509139931065404,-0.22120503970019206,0.31965825609369647,-0.21654569785255828,-0.1764916480346692,-0.282603993023614,1.4314620901728228,-0.9571664769885428,1.0513149660756937,-0.1420960445125053,-0.23192034667290004,-0.30560444605526793,-0.34099716973523675,-0.24173208127588555,-0.2581988897471611,-0.20301416340319547,-0.5869734364739604,-0.32946173471593376,-0.3156839517433792,3.741657386773941,-0.20577968041807276,-0.6627822868937354,2.0065338298845607,-0.8182696483380675,-0.4114677687570971,1.919095315316124,-0.37976217386784894,-0.42008402520840293,-0.4097355387061661,-0.46885190548373656,-0.5291699599710284
-0.5320388629417592,-0.18559025847007807,-0.4386423119347994,-0.1993027110819795,-0.8786623874945072,1.3054598240132387,1.5117794370474855,2.176654552747766,-0.6687353943893308,-1.5041685840422845,-0.6271552100354432,0.44410051940577494,0.24245617888536294,0.31965825609369647,-0.21654569785255828,-0.1764916480346692,-0.282603993023614,-0.4265174706954551,-0.9571664769885428,1.0513149660756937,-0.1420960445125053,-0.23192034667290004,-0.30560444605526793,-0.34099716973523675,-0.24173208127588555,-0.2581988897471611,-0.20301416340319547,1.7036546083024706,-0.32946173471593376,-0.3156839517433792,-0.26726124191242434,-0.20577968041807276,1.508791076307582,-0.49837186151879204,-0.8182696483380675,-0.4114677687570971,1.919095315316124,-0.37976217386784894,-0.42008402520840293,-0.4097355387061661,-0.46885190548373656,0.009836406769719438
-0.7839329818423455,1.7899473330309645,-0.4386423119347994,-0.10135182451629209,-0.5615511499025041,-0.7660136157433054,-0.05167513880361759,1.140322386768371,1.0742129638380655,0.004715262018941286,-0.6271552100354432,0.44410051940577494,0.24245617888536294,0.31965825609369647,-0.21654569785255828,-0.1764916480346692,-0.282603993023614,-0.40136400049647,1.0447503376280172,-0.9511897312113419,-0.1420960445125053,-0.23192034667290004,-0.30560444605526793,-0.34099716973523675,-0.24173208127588555,-0.2581988897471611,-0.20301416340319547,1.7036546083024706,-0.32946173471593376,-0.3156839517433792,-0.26726124191242434,-0.20577968041807276,1.508791076307582,-0.49837186151879204,-0.8182696483380675,-0.4114677687570971,-0.5210788604500733,2.633226974174589,-0.42008402520840293,-0.4097355387061661,-0.46885190548373656,0.04402128502416756
0.643467025260977,1.3090934352772632,1.2231438737692546,-0.6006553498431618,-0.2444399123105017,-0.7660136157433054,-1.5029536015891707,-1.1689847232487065,-1.540209573503029,1.0106378260597584,1.5945016225624369,0.15873472380367074,0.24245617888536294,0.31965825609369647,-0.21654569785255828,-0.1764916480346692,-0.282603993023614,0.8923726415515718,-0.9571664769885428,1.0513149660756937,-0.1420960445125053,-0.23192034667290004,-0.30560444605526793,2.932575659723036,-0.24173208127588555,-0.2581988897471611,-0.20301416340319547,-0.5869734364739604,-0.32946173471593376,-0.3156839517433792,-0.26726124191242434,-0.20577968041807276,1.508791076307582,-0.49837186151879204,-0.8182696483380675,2.430324015464581,-0.5210788604500733,-0.37976217386784894,-0.42008402520840293,-0.4097355387061661,-0.46885190548373656,-0.9565495261737559
-1.5396153385441045,-0.6931334256743044,1.2231438737692546,-0.16923661297361262,-1.9885517190665176,-0.7660136157433054,0.5863265042566981,1.103601955690361,1.0742129638380655,0.004715262018941286,-0.6271552100354432,0.44410051940577494,0.24245617888536294,0.31965825609369647,-0.21654569785255828,-0.1764916480346692,-0.282603993023614,1.0031595748975475,-0.9571664769885428,1.0513149660756937,-0.1420960445125053,-0.23192034667290004,3.272203702884454,-0.34099716973523675,-0.24173208127588555,-0.2581988897471611,-0.20301416340319547,-0.5869734364739604,-0.32946173471593376,-0.3156839517433792,-0.26726124191242434,-0.20577968041807276,-0.6627822868937354,2.0065338298845607,-0.8182696483380675,2.430324015464581,-0.5210788604500733,-0.37976217386784894,-0.42008402520840293,-0.4097355387061661,-0.46885190548373656,-0.8687198132468407
-0.02825062514058655,0.1922109948146967,-0.4386423119347994,0.8960254542447432,-0.2444399123105017,-0.7660136157433054,1.0525584741853902,-0.49169677225429864,-1.540209573503029,0.004715262018941286,-0.6271552100354432,0.44410051940577494,0.24245617888536294,0.31965825609369647,4.617962905367348,-0.1764916480346692,-0.282603993023614,-0.14524074793523306,-0.9571664769885428,1.0513149660756937,-0.1420960445125053,-0.23192034667290004,-0.30560444605526793,-0.34099716973523675,-0.24173208127588555,-0.2581988897471611,-0.20301416340319547,-0.5869734364739604,-0.32946173471593376,-0.3156839517433792,3.741657386773941,-0.20577968041807276,-0.6627822868937354,-0.49837186151879204,1.2220910332321786,2.430324015464581,-0.5210788604500733,-0.37976217386784894,-0.42008402520840293,-0.4097355387061661,-0.46885190548373656,0.3921061471793885
0.22364349375999978,0.1913148361185651,0.22607216234682218,1.1014377364810262,0.3897825628735039,1.3054598240132387,0.13061104492790115,0.5385153218787616,-0.08775260831353203,0.5076765440393498,-0.6271552100354432,0.15873472380367074,0.24245617888536294,0.31965825609369647,-0.21654569785255828,-0.1764916480346692,-0.282603993023614,0.4762909279948314,1.0447503376280172,-0.9511897312113419,-0.1420960445125053,-0.23192034667290004,-0.30560444605526793,-0.34099716973523675,-0.24173208127588555,-0.2581988897471611,-0.20301416340319547,-0.5869734364739604,3.0352538538723257,-0.3156839517433792,-0.26726124191242434,-0.20577968041807276,1.508791076307582,-0.49837186151879204,-0.8182696483380675,-0.4114677687570971,-0.5210788604500733,-0.37976217386784894,-0.42008402520840293,-0.4097355387061661,-0.46885190548373656,-0.10891245971535822
0.4755376126605861,0.9213075213623667,-0.4386423119347994,0.2484711078943079,-1.0372180062905088,-0.7660136157433054,-0.1918952801355551,-0.28361432947890824,1.6551957499138643,1.513599108080167,1.5945016225624369,0.539222451273143,0.706117397470918,0.31965825609369647,-0.21654569785255828,-0.1764916480346692,-0.282603993023614,-0.3115306052733369,1.0447503376280172,-0.9511897312113419,-0.1420960445125053,-0.23192034667290004,-0.30560444605526793,-0.34099716973523675,-0.24173208127588555,-0.2581988897471611,-0.20301416340319547,-0.5869734364739604,-0.32946173471593376,-0.3156839517433792,-0.26726124191242434,-0.20577968041807276,1.508791076307582,-0.49837186151879204,-0.8182696483380675,-0.4114677687570971,-0.5210788604500733,-0.37976217386784894,2.3804761428476167,-0.4097355387061661,-0.46885190548373656,0.16610955573165942
2.5326729170153746,-0.4893453636039481,0.5584293994876329,0.9563991700777922,0.3897825628735039,1.3054598240132387,0.9912121623526676,1.9440918225870358,-1.2497181804651296,0.004715262018941286,-0.6271552100354432,0.2538566556710388,0.24245617888536294,0.31965825609369647,-0.21654569785255828,-0.1764916480346692,-0.282603993023614,0.7234367280399805,1.0447503376280172,-0.9511897312113419,-0.1420960445125053,-0.23192034667290004,-0.30560444605526793,-0.34099716973523675,-0.24173208127588555,-0.2581988897471611,-0.20301416340319547,-0.5869734364739604,-0.32946173471593376,3.1677251709421848,-0.26726124191242434,-0.20577968041807276,1.508791076307582,-0.49837186151879204,-0.8182696483380675,-0.4114677687570971,-0.5210788604500733,-0.37976217386784894,-0.42008402520840293,-0.4097355387061661,2.1328696509578076,-0.3447930375374204
-1.1197918070431274,-0.3880620980840259,0.5584293994876329,0.39844736001102743,-1.829996100270516,-0.7660136157433054,1.6572578336793706,2.44185766608895,-1.2497181804651296,-1.001207302021876,-0.6271552100354432,-3.075410959686844,-3.003172351213522,-3.1283409107596607,-0.21654569785255828,-0.1764916480346692,-0.282603993023614,0.5801565116064875,-0.9571664769885428,1.0513149660756937,-0.1420960445125053,-0.23192034667290004,-0.30560444605526793,-0.34099716973523675,-0.24173208127588555,-0.2581988897471611,-0.20301416340319547,-0.5869734364739604,3.0352538538723257,-0.3156839517433792,-0.26726124191242434,-0.20577968041807276,1.508791076307582,-0.49837186151879204,-0.8182696483380675,-0.4114677687570971,-0.5210788604500733,2.633226974174589,-0.42008402520840293,-0.4097355387061661,-0.46885190548373656,-0.48110073987080665
-0.7839329818423455,-0.41454695279491405,0.5584293994876329,1.406968059126027,1.3411162756495132,1.3054598240132387,0.8229479927543426,2.1746145287989878,-0.37824400135143144,-1.001207302021876,-0.6271552100354432,0.2538566556710388,0.24245617888536294,0.31965825609369647,-0.21654569785255828,-0.1764916480346692,-0.282603993023614,0.8391413583974018,-0.9571664769885428,1.0513149660756937,-0.1420960445125053,-0.23192034667290004,-0.30560444605526793,-0.34099716973523675,-0.24173208127588555,-0.2581988897471611,-0.20301416340319547,-0.5869734364739604,-0.32946173471593376,-0.3156839517433792,3.741657386773941,-0.20577968041807276,1.508791076307582,-0.49837186151879204,-0.8182696483380675,-0.4114677687570971,-0.5210788604500733,-0.37976217386784894,2.3804761428476167,-0.4097355387061661,-0.46885190548373656,-0.23471899726909998
0.39157290636039066,1.3671187668950555,-0.7709995490756102,0.5720570490754144,1.3411162756495132,-0.7660136157433054,-0.38645072623361837,-0.4774166046128503,-0.6687353943893308,1.0106378260597584,1.5945016225624369,-0.031509139931065404,-0.22120503970019206,0.31965825609369647,-0.21654569785255828,-0.1764916480346692,-0.282603993023614,-0.5128260181699181,1.0447503376280172,-0.9511897312113419,-0.1420960445125053,-0.23192034667290004,3.272203702884454,-0.34099716973523675,-0.24173208127588555,-0.2581988897471611,-0.20301416340319547,-0.5869734364739604,-0.32946173471593376,-0.3156839517433792,-0.26726124191242434,-0.20577968041807276,-0.6627822868937354,-0.49837186151879204,1.2220910332321786,-0.4114677687570971,-0.5210788604500733,-0.37976217386784894,-0.42008402520840293,2.4405986435975984,-0.46885190548373656,0.6777794341787907
-0.3641094503413683,1.0036251800404545,-1.4357140233572319,-0.7328718645975977,-1.829996100270516,1.3054598240132387,-1.672970522954145,-0.9017415859587444,-0.6687353943893308,0.5076765440393498,-0.6271552100354432,-3.075410959686844,-3.003172351213522,-3.1283409107596607,-0.21654569785255828,-0.1764916480346692,-0.282603993023614,-1.4167100013819112,-0.9571664769885428,-0.9511897312113419,7.037493572961446,-0.23192034667290004,-0.30560444605526793,-0.34099716973523675,-0.24173208127588555,-0.2581988897471611,-0.20301416340319547,-0.5869734364739604,-0.32946173471593376,-0.3156839517433792,-0.26726124191242434,-0.20577968041807276,1.508791076307582,-0.49837186151879204,-0.8182696483380675,-0.4114677687570971,-0.5210788604500733,2.633226974174589,-0.42008402520840293,-0.4097355387061661,-0.46885190548373656,1.276377790388012
-0.867897688142541,-0.9129577241484809,0.22607216234682218,1.327153237307028,-1.0372180062905088,1.3054598240132387,-1.2996343966578614,-1.001702759448883,0.7837215708001662,-1.001207302021876,-0.6271552100354432,0.44410051940577494,0.24245617888536294,0.31965825609369647,-0.21654569785255828,-0.1764916480346692,-0.282603993023614,0.5342539370347589,-0.9571664769885428,1.0513149660756937,-0.1420960445125053,-0.23192034667290004,-0.30560444605526793,-0.34099716973523675,-0.24173208127588555,-0.2581988897471611,-0.20301416340319547,1.7036546083024706,-0.32946173471593376,-0.3156839517433792,-0.26726124191242434,-0.20577968041807276,-0.6627822868937354,2.0065338298845607,-0.8182696483380675,-0.4114677687570971,-0.5210788604500733,-0.37976217386784894,-0.42008402520840293,-0.4097355387061661,2.1328696509578076,-0.04764320721896158
-0.7839329818423455,1.607840218638448,0.22607216234682218,0.07324664604968303,0.3897825628735039,-0.7660136157433054,0.0009074141958589695,-0.36113523953248505,0.7837215708001662,-1.001207302021876,-0.6271552100354432,0.539222451273143,0.706117397470918,0.31965825609369647,-0.21654569785255828,-0.1764916480346692,-0.282603993023614,0.2122547884680799,-0.9571664769885428,1.0513149660756937,-0.1420960445125053,-0.23192034667290004,-0.30560444605526793,-0.34099716973523675,4.1368112776835515,-0.2581988897471611,-0.20301416340319547,-0.5869734364739604,-0.32946173471593376,-0.3156839517433792,-0.26726124191242434,-0.20577968041807276,-0.6627822868937354,2.0065338298845607,-0.8182696483380675,-0.4114677687570971,-0.5210788604500733,-0.37976217386784894,-0.42008402520840293,2.4405986435975984,-0.46885190548373656,-0.38800937288104087
-0.2801447440411729,0.13190689613438228,0.22607216234682218,0.0012125001762051152,-0.8786623874945072,-0.7660136157433054,1.1892731119840294,-1.099623908990243,1.0742129638380655,-0.4982460200014673,-0.6271552100354432,0.44410051940577494,0.24245617888536294,0.31965825609369647,-0.21654569785255828,-0.1764916480346692,-0.282603993023614,0.19375665327945396,1.0447503376280172,-0.9511897312113419,-0.1420960445125053,-0.23192034667290004,-0.30560444605526793,-0.34099716973523675,-0.24173208127588555,-0.2581988897471611,-0.20301416340319547,1.7036546083024706,-0.32946173471593376,-0.3156839517433792,-0.26726124191242434,-0.20577968041807276,-0.6627822868937354,-0.49837186151879204,1.2220910332321786,-0.4114677687570971,-0.5210788604500733,-0.37976217386784894,-0.42008402520840293,-0.4097355387061661,2.1328696509578076,-0.40756265236664685
1.0632905567619542,-1.1344561488581582,1.2231438737692546,-0.044655161639375204,1.499671894445514,-0.7660136157433054,0.4986889159242371,1.5544472483703735,1.364704356875965,0.5076765440393498,-0.6271552100354432,0.15873472380367074,0.24245617888536294,0.31965825609369647,-0.21654569785255828,-0.1764916480346692,-0.282603993023614,1.035151687816102,1.0447503376280172,-0.9511897312113419,-0.1420960445125053,-0.23192034667290004,-0.30560444605526793,2.932575659723036,-0.24173208127588555,-0.2581988897471611,-0.20301416340319547,-0.5869734364739604,-0.32946173471593376,-0.3156839517433792,-0.26726124191242434,-0.20577968041807276,-0.6627822868937354,-0.49837186151879204,1.2220910332321786,-0.4114677687570971,-0.5210788604500733,2.633226974174589,-0.42008402520840293,-0.4097355387061661,-0.46885190548373656,-0.843357092132544
0.4755376126605861,0.9766383516813271,1.5555011109100654,0.23826856812555472,-0.7201067686985057,-0.7660136157433054,0.64942556785607,0.964880327173434,0.7837215708001662,-0.4982460200014673,-0.6271552100354432,0.539222451273143,0.706117397470918,0.31965825609369647,-0.21654569785255828,-0.1764916480346692,-0.282603993023614,1.3921968184378675,-0.9571664769885428,-0.9511897312113419,-0.1420960445125053,-0.23192034667290004,-0.30560444605526793,2.932575659723036,-0.24173208127588555,-0.2581988897471611,-0.20301416340319547,-0.5869734364739604,-0.32946173471593376,-0.3156839517433792,-0.26726124191242434,-0.20577968041807276,1.508791076307582,-0.49837186151879204,-0.8182696483380675,-0.4114677687570971,-0.5210788604500733,-0.37976217386784894,-0.42008402520840293,2.4405986435975984,-0.46885190548373656,-0.8878839136685746
-0.6999682755421501,-0.4696760702252497,1.5555011109100654,0.7687477992343943,1.182560656853511,-0.7660136157433054,-0.0989994365031465,-0.9609022804733162,1.364704356875965,-0.4982460200014673,-0.6271552100354432,0.44410051940577494,0.24245617888536294,0.31965825609369647,-0.21654569785255828,-0.1764916480346692,-0.282603993023614,1.5284221656370323,1.0447503376280172,-0.9511897312113419,-0.1420960445125053,-0.23192034667290004,-0.30560444605526793,-0.34099716973523675,-0.24173208127588555,-0.2581988897471611,-0.20301416340319547,1.7036546083024706,-0.32946173471593376,-0.3156839517433792,-0.26726124191242434,-0.20577968041807276,-0.6627822868937354,2.0065338298845607,-0.8182696483380675,-0.4114677687570971,-0.5210788604500733,-0.37976217386784894,-0.42008402520840293,2.4405986435975984,-0.46885190548373656,-0.7881945693651179
0.8113964378613678,1.50039514023034,2.5525728223324977,1.5327929140256864,-1.1957736250865103,1.3054598240132387,0.786140205654709,-0.1591728686034297,-0.08775260831353203,-1.001207302021876,-0.6271552100354432,0.2538566556710388,0.24245617888536294,0.31965825609369647,-0.21654569785255828,-0.1764916480346692,-0.282603993023614,2.577800176177644,1.0447503376280172,-0.9511897312113419,-0.1420960445125053,-0.23192034667290004,-0.30560444605526793,-0.34099716973523675,-0.24173208127588555,3.8729833462074166,-0.20301416340319547,-0.5869734364739604,-0.32946173471593376,-0.3156839517433792,-0.26726124191242434,-0.20577968041807276,-0.6627822868937354,-0.49837186151879204,1.2220910332321786,-0.4114677687570971,-0.5210788604500733,-0.37976217386784894,-0.42008402520840293,-0.4097355387061661,2.1328696509578076,-0.920008289509623
0.8113964378613678,0.49730585204903505,-0.1062850747939886,1.0052235680237376,-0.08588429351450011,1.3054598240132387,0.4986889159242371,-0.16733296439854306,1.364704356875965,0.5076765440393498,-0.6271552100354432,0.44410051940577494,0.24245617888536294,0.31965825609369647,-0.21654569785255828,-0.1764916480346692,-0.282603993023614,0.1671922075678105,-0.9571664769885428,1.0513149660756937,-0.1420960445125053,-0.23192034667290004,-0.30560444605526793,-0.34099716973523675,4.1368112776835515,-0.2581988897471611,-0.20301416340319547,-0.5869734364739604,-0.32946173471593376,-0.3156839517433792,-0.26726124191242434,-0.20577968041807276,1.508791076307582,-0.49837186151879204,-0.8182696483380675,-0.4114677687570971,-0.5210788604500733,2.633226974174589,-0.42008402520840293,-0.4097355387061661,-0.46885190548373656,0.11226566804516687
0.5595023189607815,1.017650925636779,-0.1062850747939886,0.33991343703612514,-0.40299553110650327,-0.7660136157433054,-0.4513025415996395,0.5323952500324266,-0.37824400135143144,-1.5041685840422845,-0.6271552100354432,0.2538566556710388,0.24245617888536294,0.31965825609369647,-0.21654569785255828,-0.1764916480346692,-0.282603993023614,-0.0036572777164005366,1.0447503376280172,-0.9511897312113419,-0.1420960445125053,-0.23192034667290004,-0.30560444605526793,-0.34099716973523675,-0.24173208127588555,-0.2581988897471611,-0.20301416340319547,1.7036546083024706,-0.32946173471593376,-0.3156839517433792,-0.26726124191242434,-0.20577968041807276,-0.6627822868937354,-0.49837186151879204,1.2220910332321786,-0.4114677687570971,-0.5210788604500733,-0.37976217386784894,-0.42008402520840293,2.4405986435975984,-0.46885190548373656,-0.09090352519392772
0.30760820006019524,0.9445776942094164,0.5584293994876329,-0.6125667831072626,-0.5615511499025041,-0.7660136157433054,-0.9753753198277559,-1.1322642921706965,-0.9592267874272302,1.0106378260597584,1.5945016225624369,0.44410051940577494,0.24245617888536294,0.31965825609369647,-0.21654569785255828,-0.1764916480346692,-0.282603993023614,0.3205313564770926,1.0447503376280172,-0.9511897312113419,-0.1420960445125053,-0.23192034667290004,-0.30560444605526793,-0.34099716973523675,-0.24173208127588555,-0.2581988897471611,-0.20301416340319547,1.7036546083024706,-0.32946173471593376,-0.3156839517433792,-0.26726124191242434,-0.20577968041807276,1.508791076307582,-0.49837186151879204,-0.8182696483380675,-0.4114677687570971,1.919095315316124,-0.37976217386784894,-0.42008402520840293,-0.4097355387061661,-0.46885190548373656,-0.7280916311782856
0.22364349375999978,-0.6310986118268705,-1.103356786216421,-1.146521818497971,0.3897825628735039,-0.7660136157433054,-1.304892651957809,-0.34889509583981504,0.7837215708001662,0.5076765440393498,-0.6271552100354432,0.2538566556710388,0.24245617888536294,0.31965825609369647,-0.21654569785255828,-0.1764916480346692,-0.282603993023614,-1.2385427350429,-0.9571664769885428,1.0513149660756937,-0.1420960445125053,-0.23192034667290004,-0.30560444605526793,-0.34099716973523675,-0.24173208127588555,-0.2581988897471611,-0.20301416340319547,-0.5869734364739604,-0.32946173471593376,-0.3156839517433792,3.741657386773941,-0.20577968041807276,-0.6627822868937354,-0.49837186151879204,-0.8182696483380675,-0.4114677687570971,1.919095315316124,-0.37976217386784894,-0.42008402520840293,-0.4097355387061661,-0.46885190548373656,0.39631498844941826
-0.3641094503413683,1.577161234025301,-1.4357140233572319,-0.32366002368281105,1.182560656853511,1.3054598240132387,1.4960046711476427,-0.8201406280076109,-0.37824400135143144,-0.4982460200014673,-0.6271552100354432,-0.031509139931065404,-0.22120503970019206,0.31965825609369647,-0.21654569785255828,-0.1764916480346692,-0.282603993023614,-1.3116257269417897,-0.9571664769885428,1.0513149660756937,-0.1420960445125053,-0.23192034667290004,-0.30560444605526793,-0.34099716973523675,-0.24173208127588555,-0.2581988897471611,-0.20301416340319547,-0.5869734364739604,-0.32946173471593376,3.1677251709421848,-0.26726124191242434,-0.20577968041807276,1.508791076307582,-0.49837186151879204,-0.8182696483380675,-0.4114677687570971,-0.5210788604500733,-0.37976217386784894,-0.42008402520840293,-0.4097355387061661,2.1328696509578076,1.5263040599884066
-1.6235800448443,0.5828404363480659,1.2231438737692546,-0.11549502724014223,-1.0372180062905088,1.3054598240132387,-0.41098925096670746,-0.9976227115513262,-0.6687353943893308,1.0106378260597584,1.5945016225624369,0.2538566556710388,0.24245617888536294,0.31965825609369647,-0.21654569785255828,-0.1764916480346692,-0.282603993023614,1.0169602399306963,-0.9571664769885428,1.0513149660756937,-0.1420960445125053,-0.23192034667290004,-0.30560444605526793,-0.34099716973523675,-0.24173208127588555,-0.2581988897471611,-0.20301416340319547,1.7036546083024706,-0.32946173471593376,-0.3156839517433792,-0.26726124191242434,-0.20577968041807276,-0.6627822868937354,-0.49837186151879204,-0.8182696483380675,-0.4114677687570971,-0.5210788604500733,-0.37976217386784894,2.3804761428476167,-0.4097355387061661,-0.46885190548373656,-0.8577789160538771
0.4755376126605861,0.3971187836261829,-0.7709995490756102,-0.48898535689564765,-1.5128848626785127,1.3054598240132387,-1.1033261987931489,-0.7773001250832658,-0.37824400135143144,-1.001207302021876,-0.6271552100354432,0.44410051940577494,0.24245617888536294,0.31965825609369647,-0.21654569785255828,-0.1764916480346692,-0.282603993023614,-0.7852982690520435,-0.9571664769885428,1.0513149660756937,-0.1420960445125053,-0.23192034667290004,-0.30560444605526793,-0.34099716973523675,4.1368112776835515,-0.2581988897471611,-0.20301416340319547,-0.5869734364739604,-0.32946173471593376,-0.3156839517433792,-0.26726124191242434,-0.20577968041807276,-0.6627822868937354,-0.49837186151879204,1.2220910332321786,-0.4114677687570971,-0.5210788604500733,-0.37976217386784894,2.3804761428476167,-0.4097355387061661,-0.46885190548373656,0.24575809641338656
-0.02825062514058655,-0.2950154723586064,1.2231438737692546,0.7994900643457534,-0.8786623874945072,1.3054598240132387,-0.8106166537627293,-0.5406573470249787,1.6551957499138643,-0.4982460200014673,-0.6271552100354432,-0.031509139931065404,-0.22120503970019206,0.31965825609369647,4.617962905367348,-0.1764916480346692,-0.282603993023614,1.2519254458687485,1.0447503376280172,-0.9511897312113419,-0.1420960445125053,-0.23192034667290004,-0.30560444605526793,-0.34099716973523675,-0.24173208127588555,-0.2581988897471611,-0.20301416340319547,1.7036546083024706,-0.32946173471593376,-0.3156839517433792,-0.26726124191242434,-0.20577968041807276,1.508791076307582,-0.49837186151879204,-0.8182696483380675,-0.4114677687570971,-0.5210788604500733,-0.37976217386784894,2.3804761428476167,-0.4097355387061661,-0.46885190548373656,-0.671503098481549
0.7274317315611725,0.5985497801121029,-1.103356786216421,-0.5981707965449334,-0.40299553110650327,-0.7660136157433054,-1.1734362694591176,-0.8385008435466159,0.20273878472436738,1.513599108080167,1.5945016225624369,-0.031509139931065404,-0.22120503970019206,0.31965825609369647,-0.21654569785255828,-0.1764916480346692,-0.282603993023614,-1.0977279698796563,-0.9571664769885428,1.0513149660756937,-0.1420960445125053,-0.23192034667290004,-0.30560444605526793,-0.34099716973523675,-0.24173208127588555,-0.2581988897471611,-0.20301416340319547,-0.5869734364739604,-0.32946173471593376,-0.3156839517433792,3.741657386773941,-0.20577968041807276,-0.6627822868937354,-0.49837186151879204,1.2220910332321786,-0.4114677687570971,-0.5210788604500733,2.633226974174589,-0.42008402520840293,-0.4097355387061661,-0.46885190548373656,0.6642394454581294
-0.6160035692419547,-0.9545857553161314,-0.7709995490756102,-0.6976654660600342,0.07267132528150075,1.3054598240132387,1.4802299052477996,2.7927417852788237,-0.37824400135143144,0.5076765440393498,-0.6271552100354432,0.2538566556710388,0.706117397470918,0.31965825609369647,-0.21654569785255828,-0.1764916480346692,3.53852041969004,-0.838886644727105,-0.9571664769885428,-0.9511897312113419,-0.1420960445125053,-0.23192034667290004,-0.30560444605526793,-0.34099716973523675,-0.24173208127588555,-0.2581988897471611,-0.20301416340319547,1.7036546083024706,-0.32946173471593376,-0.3156839517433792,-0.26726124191242434,-0.20577968041807276,1.508791076307582,-0.49837186151879204,-0.8182696483380675,-0.4114677687570971,-0.5210788604500733,-0.37976217386784894,-0.42008402520840293,2.4405986435975984,-0.46885190548373656,0.16079046513033687
-0.5320388629417592,-0.22819719707377145,0.8907866366284438,0.4168816928514099,-0.7201067686985057,-0.7660136157433054,-0.5704896617317864,-0.5692176823078755,0.20273878472436738,1.0106378260597584,1.5945016225624369,0.15873472380367074,0.24245617888536294,0.31965825609369647,-0.21654569785255828,-0.1764916480346692,-0.282603993023614,0.8692816223412703,1.0447503376280172,-0.9511897312113419,-0.1420960445125053,-0.23192034667290004,-0.30560444605526793,-0.34099716973523675,-0.24173208127588555,-0.2581988897471611,-0.20301416340319547,1.7036546083024706,-0.32946173471593376,-0.3156839517433792,-0.26726124191242434,-0.20577968041807276,-0.6627822868937354,-0.49837186151879204,1.2220910332321786,-0.4114677687570971,-0.5210788604500733,-0.37976217386784894,-0.42008402520840293,-0.4097355387061661,2.1328696509578076,-0.6253964657871318
0.643467025260977,0.8210687982048154,-0.7709995490756102,-0.7589923319559001,-0.8786623874945072,1.3054598240132387,-0.5073905981324145,-0.34277502399348003,-0.08775260831353203,0.5076765440393498,-0.6271552100354432,0.44410051940577494,0.24245617888536294,0.31965825609369647,-0.21654569785255828,-0.1764916480346692,-0.282603993023614,-0.8546351851211152,1.0447503376280172,-0.9511897312113419,-0.1420960445125053,-0.23192034667290004,-0.30560444605526793,-0.34099716973523675,-0.24173208127588555,-0.2581988897471611,-0.20301416340319547,1.7036546083024706,-0.32946173471593376,-0.3156839517433792,-0.26726124191242434,-0.20577968041807276,-0.6627822868937354,-0.49837186151879204,-0.8182696483380675,-0.4114677687570971,-0.5210788604500733,2.633226974174589,-0.42008402520840293,-0.4097355387061661,-0.46885190548373656,0.13582019580255855
-2.0434035763452774,1.2078210028690657,-1.4357140233572319,-2.7529203862083125,-1.6714404814745143,-0.7660136157433054,-0.623072214731263,-0.5284172033323087,0.4932301777622668,-1.5041685840422845,-0.6271552100354432,-3.075410959686844,-3.003172351213522,-3.1283409107596607,-0.21654569785255828,-0.1764916480346692,-0.282603993023614,-1.9354519145014448,-0.9571664769885428,1.0513149660756937,-0.1420960445125053,-0.23192034667290004,3.272203702884454,-0.34099716973523675,-0.24173208127588555,-0.2581988897471611,-0.20301416340319547,-0.5869734364739604,-0.32946173471593376,-0.3156839517433792,-0.26726124191242434,-0.20577968041807276,-0.6627822868937354,-0.49837186151879204,1.2220910332321786,-0.4114677687570971,-0.5210788604500733,-0.37976217386784894,-0.42008402520840293,-0.4097355387061661,2.1328696509578076,0.04263247576235443
-0.02825062514058655,-1.1321275948861085,-0.4386423119347994,0.5952635239423537,0.07267132528150075,-0.7660136157433054,0.9246075952199972,2.2786557501866826,-0.9592267874272302,1.513599108080167,1.5945016225624369,-3.075410959686844,-3.003172351213522,-3.1283409107596607,-0.21654569785255828,-0.1764916480346692,-0.282603993023614,-0.22247543682982543,1.0447503376280172,-0.9511897312113419,-0.1420960445125053,-0.23192034667290004,-0.30560444605526793,-0.34099716973523675,-0.24173208127588555,-0.2581988897471611,-0.20301416340319547,-0.5869734364739604,3.0352538538723257,-0.3156839517433792,-0.26726124191242434,-0.20577968041807276,-0.6627822868937354,-0.49837186151879204,1.2220910332321786,-0.4114677687570971,-0.5210788604500733,2.633226974174589,-0.42008402520840293,-0.4097355387061661,-0.46885190548373656,0.2871401756456328
0.8113964378613678,1.7899473330309645,0.8907866366284438,1.1063112410315805,1.499671894445514,1.3054598240132387,1.6327193089462817,2.066493259513736,-1.2497181804651296,-1.001207302021876,-0.6271552100354432,0.539222451273143,0.706117397470918,0.31965825609369647,-0.21654569785255828,-0.1764916480346692,-0.282603993023614,1.0463248957864795,-0.9571664769885428,-0.9511897312113419,-0.1420960445125053,4.3118252207961625,-0.30560444605526793,-0.34099716973523675,-0.24173208127588555,-0.2581988897471611,-0.20301416340319547,-0.5869734364739604,-0.32946173471593376,-0.3156839517433792,-0.26726124191242434,-0.20577968041807276,-0.6627822868937354,2.0065338298845607,-0.8182696483380675,-0.4114677687570971,-0.5210788604500733,-0.37976217386784894,-0.42008402520840293,2.4405986435975984,-0.46885190548373656,-0.4722803462786313
0.7274317315611725,-0.9992680612582706,0.22607216234682218,0.35509497621539776,-0.2444399123105017,-0.7660136157433054,0.8282062480542902,1.9889723494601592,-0.37824400135143144,1.0106378260597584,1.5945016225624369,0.539222451273143,0.706117397470918,0.31965825609369647,-0.21654569785255828,-0.1764916480346692,-0.282603993023614,0.2846325261489203,1.0447503376280172,-0.9511897312113419,-0.1420960445125053,-0.23192034667290004,-0.30560444605526793,-0.34099716973523675,-0.24173208127588555,-0.2581988897471611,-0.20301416340319547,-0.5869734364739604,-0.32946173471593376,-0.3156839517433792,-0.26726124191242434,-0.20577968041807276,1.508791076307582,-0.49837186151879204,-0.8182696483380675,-0.4114677687570971,1.919095315316124,-0.37976217386784894,-0.42008402520840293,-0.4097355387061661,-0.46885190548373656,-0.3115031673106806
-0.19618003774097745,1.0175373320959358,-0.4386423119347994,-0.6257453978062701,1.499671894445514,1.3054598240132387,-0.11302145063634025,-0.9649823283708728,1.364704356875965,0.004715262018941286,-0.6271552100354432,0.2538566556710388,0.706117397470918,0.31965825609369647,-0.21654569785255828,-0.1764916480346692,-0.282603993023614,-0.5360265704921291,1.0447503376280172,-0.9511897312113419,-0.1420960445125053,-0.23192034667290004,-0.30560444605526793,-0.34099716973523675,-0.24173208127588555,-0.2581988897471611,-0.20301416340319547,-0.5869734364739604,-0.32946173471593376,3.1677251709421848,-0.26726124191242434,-0.20577968041807276,-0.6627822868937354,-0.49837186151879204,1.2220910332321786,-0.4114677687570971,-0.5210788604500733,-0.37976217386784894,-0.42008402520840293,-0.4097355387061661,2.1328696509578076,-0.13899217293275803
-0.3641094503413683,1.3089967291072864,-0.7709995490756102,-1.3632569774746401,-1.829996100270516,-0.7660136157433054,1.4977574229142918,2.776421593688597,-0.37824400135143144,-1.001207302021876,-0.6271552100354432,-0.031509139931065404,-0.22120503970019206,0.31965825609369647,-0.21654569785255828,-0.1764916480346692,-0.282603993023614,-1.0098083875929786,-0.9571664769885428,1.0513149660756937,-0.1420960445125053,-0.23192034667290004,-0.30560444605526793,-0.34099716973523675,-0.24173208127588555,-0.2581988897471611,-0.20301416340319547,1.7036546083024706,-0.32946173471593376,-0.3156839517433792,-0.26726124191242434,-0.20577968041807276,-0.6627822868937354,-0.49837186151879204,1.2220910332321786,-0.4114677687570971,-0.5210788604500733,-0.37976217386784894,-0.42008402520840293,-0.4097355387061661,2.1328696509578076,-0.11021636131546483
-0.9518623944427365,0.760134191246318,1.5555011109100654,0.27288978638807054,1.02400503805751,-0.7660136157433054,0.8054204750878504,1.678888709245852,-0.08775260831353203,0.5076765440393498,-0.6271552100354432,-3.075410959686844,-3.003172351213522,-3.1283409107596607,-0.21654569785255828,-0.1764916480346692,-0.282603993023614,1.4010874350759803,-0.9571664769885428,1.0513149660756937,-0.1420960445125053,-0.23192034667290004,-0.30560444605526793,-0.34099716973523675,-0.24173208127588555,-0.2581988897471611,-0.20301416340319547,-0.5869734364739604,3.0352538538723257,-0.3156839517433792,-0.26726124191242434,-0.20577968041807276,-0.6627822868937354,-0.49837186151879204,-0.8182696483380675,-0.4114677687570971,1.919095315316124,-0.37976217386784894,-0.42008402520840293,-0.4097355387061661,-0.46885190548373656,-0.881377784219618
-0.112215331440782,-0.7684523308879858,0.5584293994876329,1.2600808343337746,0.706893800465507,1.3054598240132387,0.09555600959491678,-0.8772612985734044,0.20273878472436738,0.004715262018941286,-0.6271552100354432,0.44410051940577494,0.24245617888536294,0.31965825609369647,-0.21654569785255828,-0.1764916480346692,-0.282603993023614,0.8014211951506324,-0.9571664769885428,1.0513149660756937,-0.1420960445125053,-0.23192034667290004,-0.30560444605526793,-0.34099716973523675,-0.24173208127588555,-0.2581988897471611,-0.20301416340319547,-0.5869734364739604,-0.32946173471593376,3.1677251709421848,-0.26726124191242434,-0.20577968041807276,1.508791076307582,-0.49837186151879204,-0.8182696483380675,-0.4114677687570971,-0.5210788604500733,-0.37976217386784894,-0.42008402520840293,-0.4097355387061661,2.1328696509578076,-0.270603566065756
0.4755376126605861,0.248531572941666,-0.4386423119347994,0.7490139036780507,1.3411162756495132,-0.7660136157433054,1.595911521846648,1.352484877441318,-0.9592267874272302,-1.001207302021876,-0.6271552100354432,0.539222451273143,0.706117397470918,0.31965825609369647,-0.21654569785255828,-0.1764916480346692,-0.282603993023614,-0.18299283763792362,1.0447503376280172,-0.9511897312113419,-0.1420960445125053,-0.23192034667290004,-0.30560444605526793,-0.34099716973523675,-0.24173208127588555,3.8729833462074166,-0.20301416340319547,-0.5869734364739604,-0.32946173471593376,-0.3156839517433792,-0.26726124191242434,-0.20577968041807276,-0.6627822868937354,-0.49837186151879204,1.2220910332321786,2.430324015464581,-0.5210788604500733,-0.37976217386784894,-0.42008402520840293,-0.4097355387061661,-0.46885190548373656,0.3407990877506836
1.3151846756625405,-2.3858057696098074,0.5584293994876329,0.36151072182995725,0.8654494192615079,-0.7660136157433054,-0.7685506113631481,-1.2097852022242732,1.364704356875965,1.513599108080167,1.5945016225624369,0.539222451273143,0.706117397470918,0.31965825609369647,-0.21654569785255828,-0.1764916480346692,-0.282603993023614,0.5706713026378567,-0.9571664769885428,1.0513149660756937,-0.1420960445125053,-0.23192034667290004,-0.30560444605526793,-0.34099716973523675,-0.24173208127588555,-0.2581988897471611,-0.20301416340319547,-0.5869734364739604,-0.32946173471593376,3.1677251709421848,-0.26726124191242434,-0.20577968041807276,-0.6627822868937354,-0.49837186151879204,1.2220910332321786,2.430324015464581,-0.5210788604500733,-0.37976217386784894,-0.42008402520840293,-0.4097355387061661,-0.46885190548373656,-0.49012436555234845
-0.6999682755421501,0.6991440556238557,-1.4357140233572319,-0.8941618149648728,-0.40299553110650327,-0.7660136157433054,1.5100266852808364,-0.22853368286189316,-0.6687353943893308,-1.001207302021876,-0.6271552100354432,0.2538566556710388,0.706117397470918,0.31965825609369647,-0.21654569785255828,-0.1764916480346692,-0.282603993023614,-1.4581287378753103,1.0447503376280172,-0.9511897312113419,-0.1420960445125053,-0.23192034667290004,-0.30560444605526793,-0.34099716973523675,-0.24173208127588555,-0.2581988897471611,-0.20301416340319547,-0.5869734364739604,3.0352538538723257,-0.3156839517433792,-0.26726124191242434,-0.20577968041807276,-0.6627822868937354,-0.49837186151879204,1.2220910332321786,-0.4114677687570971,-0.5210788604500733,-0.37976217386784894,-0.42008402520840293,-0.4097355387061661,-0.46885190548373656,1.1778698989027312
-0.02825062514058655,-0.9403798524733098,-1.103356786216421,-2.3693119060549077,1.499671894445514,-0.7660136157433054,1.474971649947852,1.8400506011993407,-0.37824400135143144,-1.5041685840422845,-0.6271552100354432,0.2538566556710388,0.24245617888536294,0.31965825609369647,4.617962905367348,-0.1764916480346692,-0.282603993023614,-1.5525512663117969,1.0447503376280172,-0.9511897312113419,-0.1420960445125053,-0.23192034667290004,-0.30560444605526793,-0.34099716973523675,-0.24173208127588555,-0.2581988897471611,-0.20301416340319547,-0.5869734364739604,-0.32946173471593376,-0.3156839517433792,-0.26726124191242434,-0.20577968041807276,1.508791076307582,-0.49837186151879204,-0.8182696483380675,-0.4114677687570971,-0.5210788604500733,-0.37976217386784894,-0.42008402520840293,-0.4097355387061661,2.1328696509578076,-0.20114057765397608
0.9793258504617588,-0.4318520497928636,0.5584293994876329,0.17606871109681468,1.02400503805751,-0.7660136157433054,-0.33737367676744023,0.7792381478346053,-0.9592267874272302,1.0106378260597584,1.5945016225624369,0.15873472380367074,0.24245617888536294,0.31965825609369647,-0.21654569785255828,-0.1764916480346692,-0.282603993023614,0.5230503953223531,-0.9571664769885428,-0.9511897312113419,-0.1420960445125053,-0.23192034667290004,-0.30560444605526793,-0.34099716973523675,-0.24173208127588555,-0.2581988897471611,4.925764701519638,-0.5869734364739604,-0.32946173471593376,-0.3156839517433792,-0.26726124191242434,-0.20577968041807276,-0.6627822868937354,2.0065338298845607,-0.8182696483380675,2.430324015464581,-0.5210788604500733,-0.37976217386784894,-0.42008402520840293,-0.4097355387061661,-0.46885190548373656,-0.5354278737461712
-0.02825062514058655,-0.15825800855783612,0.8907866366284438,1.5327929140256864,-0.08588429351450011,-0.7660136157433054,-1.5678054169551918,-0.9099016817538578,-1.2497181804651296,-1.5041685840422845,-0.6271552100354432,-0.031509139931065404,-0.22120503970019206,0.31965825609369647,4.617962905367348,-0.1764916480346692,-0.282603993023614,1.1558440071308835,-0.9571664769885428,1.0513149660756937,-0.1420960445125053,-0.23192034667290004,-0.30560444605526793,-0.34099716973523675,-0.24173208127588555,-0.2581988897471611,-0.20301416340319547,1.7036546083024706,-0.32946173471593376,-0.3156839517433792,-0.26726124191242434,-0.20577968041807276,-0.6627822868937354,-0.49837186151879204,1.2220910332321786,2.430324015464581,-0.5210788604500733,-0.37976217386784894,-0.42008402520840293,-0.4097355387061661,-0.46885190548373656,-0.3775625916034494
-2.505209460996352,-1.1615938838756725,0.22607216234682218,0.7384959675016225,1.499671894445514,-0.7660136157433054,0.9246075952199972,1.1546025544098193,-0.9592267874272302,1.513599108080167,1.5945016225624369,0.539222451273143,0.706117397470918,0.31965825609369647,-0.21654569785255828,-0.1764916480346692,-0.282603993023614,0.3830886580606212,1.0447503376280172,-0.9511897312113419,-0.1420960445125053,-0.23192034667290004,-0.30560444605526793,2.932575659723036,-0.24173208127588555,-0.2581988897471611,-0.20301416340319547,-0.5869734364739604,-0.32946173471593376,-0.3156839517433792,-0.26726124191242434,-0.20577968041807276,-0.6627822868937354,2.0065338298845607,-0.8182696483380675,2.430324015464581,-0.5210788604500733,-0.37976217386784894,-0.42008402520840293,-0.4097355387061661,-0.46885190548373656,-0.20743104086601621
-0.5320388629417592,0.2930548681159267,0.22607216234682218,1.0377654562418812,-0.8786623874945072,-0.7660136157433054,1.324234998016019,1.3851252606217714,0.4932301777622668,-0.4982460200014673,-0.6271552100354432,0.44410051940577494,0.24245617888536294,0.31965825609369647,-0.21654569785255828,-0.1764916480346692,-0.282603993023614,0.4599400927992488,-0.9571664769885428,1.0513149660756937,-0.1420960445125053,-0.23192034667290004,-0.30560444605526793,-0.34099716973523675,-0.24173208127588555,-0.2581988897471611,-0.20301416340319547,-0.5869734364739604,-0.32946173471593376,-0.3156839517433792,3.741657386773941,-0.20577968041807276,-0.6627822868937354,2.0065338298845607,-0.8182696483380675,-0.4114677687570971,-0.5210788604500733,-0.37976217386784894,-0.42008402520840293,2.4405986435975984,-0.46885190548373656,-0.1261959559782079
1.1472552630621498,-0.7781487607231287,-0.4386423119347994,0.2920560228934933,-0.8786623874945072,-0.7660136157433054,-0.7632923560632005,0.3467530706935979,1.364704356875965,0.004715262018941286,-0.6271552100354432,0.539222451273143,0.706117397470918,0.31965825609369647,-0.21654569785255828,-0.1764916480346692,-0.282603993023614,-0.30033814036571094,-0.9571664769885428,1.0513149660756937,-0.1420960445125053,-0.23192034667290004,-0.30560444605526793,-0.34099716973523675,-0.24173208127588555,-0.2581988897471611,-0.20301416340319547,1.7036546083024706,-0.32946173471593376,-0.3156839517433792,-0.26726124191242434,-0.20577968041807276,1.508791076307582,-0.49837186151879204,-0.8182696483380675,2.430324015464581,-0.5210788604500733,-0.37976217386784894,-0.42008402520840293,-0.4097355387061661,-0.46885190548373656,0.1813206994508993
1.6510435008633224,-1.3316877867047383,-0.4386423119347994,-1.098398148867908,-0.40299553110650327,-0.7660136157433054,0.7580961773883215,-0.4672164848689586,0.20273878472436738,0.004715262018941286,-0.6271552100354432,0.15873472380367074,0.24245617888536294,0.31965825609369647,-0.21654569785255828,-0.1764916480346692,-0.282603993023614,-0.6574022650380321,1.0447503376280172,-0.9511897312113419,-0.1420960445125053,-0.23192034667290004,-0.30560444605526793,-0.34099716973523675,-0.24173208127588555,-0.2581988897471611,-0.20301416340319547,1.7036546083024706,-0.32946173471593376,-0.3156839517433792,-0.26726124191242434,-0.20577968041807276,1.508791076307582,-0.49837186151879204,-0.8182696483380675,-0.4114677687570971,1.919095315316124,-0.37976217386784894,-0.42008402520840293,-0.4097355387061661,-0.46885190548373656,-0.3039480739784995
0.9793258504617588,-1.8111219873132418,-0.4386423119347994,-0.32605827625708916,0.5483381816695062,-0.7660136157433054,-1.5678054169551918,-0.6283783768224472,-1.2497181804651296,-1.5041685840422845,-0.6271552100354432,0.44410051940577494,0.24245617888536294,0.31965825609369647,-0.21654569785255828,-0.1764916480346692,-0.282603993023614,-0.4590678890017712,-0.9571664769885428,1.0513149660756937,-0.1420960445125053,-0.23192034667290004,-0.30560444605526793,-0.34099716973523675,-0.24173208127588555,3.8729833462074166,-0.20301416340319547,-0.5869734364739604,-0.32946173471593376,-0.3156839517433792,-0.26726124191242434,-0.20577968041807276,-0.6627822868937354,-0.49837186151879204,-0.8182696483380675,-0.4114677687570971,1.919095315316124,-0.37976217386784894,-0.42008402520840293,-0.4097355387061661,-0.46885190548373656,-0.03440130986063545
-0.02825062514058655,1.0600313166323794,-0.1062850747939886,0.7731678045718002,0.5483381816695062,1.3054598240132387,-1.552030651055349,-0.6202182810273339,-1.2497181804651296,1.0106378260597584,1.5945016225624369,-3.075410959686844,-3.003172351213522,-3.1283409107596607,4.617962905367348,-0.1764916480346692,-0.282603993023614,0.10760103963512758,-0.9571664769885428,1.0513149660756937,-0.1420960445125053,-0.23192034667290004,-0.30560444605526793,-0.34099716973523675,-0.24173208127588555,-0.2581988897471611,-0.20301416340319547,1.7036546083024706,-0.32946173471593376,-0.3156839517433792,-0.26726124191242434,-0.20577968041807276,1.508791076307582,-0.49837186151879204,-0.8182696483380675,2.430324015464581,-0.5210788604500733,-0.37976217386784894,-0.42008402520840293,-0.4097355387061661,-0.46885190548373656,0.04140160022009699
0.13967878745980433,-2.2282435640779608,-0.1062850747939886,0.024905127803083776,-1.3543292438825112,-0.7660136157433054,0.1148362790280582,-0.7140593826711374,0.20273878472436738,1.513599108080167,1.5945016225624369,0.44410051940577494,0.24245617888536294,0.31965825609369647,-0.21654569785255828,-0.1764916480346692,-0.282603993023614,-0.08455039054608732,-0.9571664769885428,1.0513149660756937,-0.1420960445125053,-0.23192034667290004,-0.30560444605526793,-0.34099716973523675,-0.24173208127588555,-0.2581988897471611,-0.20301416340319547,-0.5869734364739604,-0.32946173471593376,-0.3156839517433792,-0.26726124191242434,-0.20577968041807276,1.508791076307582,-0.49837186151879204,-0.8182696483380675,-0.4114677687570971,-0.5210788604500733,-0.37976217386784894,-0.42008402520840293,2.4405986435975984,-0.46885190548373656,-0.18709924064994243
-0.6999682755421501,0.7459692193022275,0.22607216234682218,0.8967030152421502,-0.5615511499025041,-0.7660136157433054,-0.5371873781654513,-0.20609341942533146,0.20273878472436738,-1.5041685840422845,-0.6271552100354432,0.539222451273143,0.706117397470918,0.31965825609369647,-0.21654569785255828,-0.1764916480346692,-0.282603993023614,0.42371571515154527,1.0447503376280172,-0.9511897312113419,-0.1420960445125053,-0.23192034667290004,-0.30560444605526793,-0.34099716973523675,4.1368112776835515,-0.2581988897471611,-0.20301416340319547,-0.5869734364739604,-0.32946173471593376,-0.3156839517433792,-0.26726124191242434,-0.20577968041807276,1.508791076307582,-0.49837186151879204,-0.8182696483380675,2.430324015464581,-0.5210788604500733,-0.37976217386784894,-0.42008402520840293,-0.4097355387061661,-0.46885190548373656,-0.164486593013513
-0.2801447440411729,-0.25678643644652516,-0.4386423119347994,0.12059029058166439,-1.829996100270516,1.3054598240132387,1.3925923169153387,1.5095667214972501,0.20273878472436738,1.0106378260597584,1.5945016225624369,0.44410051940577494,0.24245617888536294,0.31965825609369647,-0.21654569785255828,-0.1764916480346692,-0.282603993023614,-0.34436998468148916,1.0447503376280172,-0.9511897312113419,-0.1420960445125053,-0.23192034667290004,-0.30560444605526793,-0.34099716973523675,-0.24173208127588555,-0.2581988897471611,-0.20301416340319547,-0.5869734364739604,-0.32946173471593376,3.1677251709421848,-0.26726124191242434,-0.20577968041807276,-0.6627822868937354,-0.49837186151879204,-0.8182696483380675,-0.4114677687570971,1.919095315316124,-0.37976217386784894,-0.42008402520840293,-0.4097355387061661,-0.46885190548373656,0.12147912588883801
-0.5320388629417592,-0.7295067790123234,-0.1062850747939886,-0.06395885595509283,1.02400503805751,1.3054598240132387,0.8001622197879027,-1.1506245077097015,-0.08775260831353203,-1.5041685840422845,-0.6271552100354432,0.44410051940577494,0.24245617888536294,0.31965825609369647,-0.21654569785255828,-0.1764916480346692,-0.282603993023614,-0.10737037355589306,-0.9571664769885428,1.0513149660756937,-0.1420960445125053,-0.23192034667290004,-0.30560444605526793,-0.34099716973523675,-0.24173208127588555,-0.2581988897471611,4.925764701519638,-0.5869734364739604,-0.32946173471593376,-0.3156839517433792,-0.26726124191242434,-0.20577968041807276,-0.6627822868937354,-0.49837186151879204,-0.8182696483380675,-0.4114677687570971,-0.5210788604500733,-0.37976217386784894,2.3804761428476167,-0.4097355387061661,-0.46885190548373656,-0.2142360946481824
0.055714081159608894,0.23129693654231548,-0.1062850747939886,1.5327929140256864,1.499671894445514,-0.7660136157433054,0.6336508019562269,-0.9813025199610995,0.7837215708001662,0.5076765440393498,-0.6271552100354432,-0.031509139931065404,-0.22120503970019206,0.31965825609369647,-0.21654569785255828,-0.1764916480346692,-0.282603993023614,0.3026703057028273,-0.9571664769885428,1.0513149660756937,-0.1420960445125053,-0.23192034667290004,-0.30560444605526793,-0.34099716973523675,-0.24173208127588555,-0.2581988897471611,-0.20301416340319547,-0.5869734364739604,-0.32946173471593376,-0.3156839517433792,-0.26726124191242434,4.859566299103718,1.508791076307582,-0.49837186151879204,-0.8182696483380675,-0.4114677687570971,-0.5210788604500733,-0.37976217386784894,-0.42008402520840293,-0.4097355387061661,2.1328696509578076,0.2733722458839589
0.8113964378613678,0.1766897523203256,-1.7680712604980426,-1.8070913809973395,-0.40299553110650327,-0.7660136157433054,-1.3714972190904793,-1.0894237892463514,1.0742129638380655,-1.5041685840422845,-0.6271552100354432,0.539222451273143,0.706117397470918,0.31965825609369647,-0.21654569785255828,-0.1764916480346692,-0.282603993023614,-1.9769573253228097,1.0447503376280172,-0.9511897312113419,-0.1420960445125053,-0.23192034667290004,-0.30560444605526793,2.932575659723036,-0.24173208127588555,-0.2581988897471611,-0.20301416340319547,-0.5869734364739604,-0.32946173471593376,-0.3156839517433792,-0.26726124191242434,-0.20577968041807276,-0.6627822868937354,-0.49837186151879204,1.2220910332321786,-0.4114677687570971,1.919095315316124,-0.37976217386784894,-0.42008402520840293,-0.4097355387061661,-0.46885190548373656,1.5315267537803992
-0.5320388629417592,-1.250398418758725,-0.4386423119347994,-0.39139185532650284,-1.5128848626785127,1.3054598240132387,1.4364111110815692,-0.2815743055301299,-0.08775260831353203,-1.001207302021876,-0.6271552100354432,0.15873472380367074,0.24245617888536294,0.31965825609369647,-0.21654569785255828,-0.1764916480346692,-0.282603993023614,-0.4758453403524891,1.0447503376280172,-0.9511897312113419,-0.1420960445125053,-0.23192034667290004,-0.30560444605526793,2.932575659723036,-0.24173208127588555,-0.2581988897471611,-0.20301416340319547,-0.5869734364739604,-0.32946173471593376,-0.3156839517433792,-0.26726124191242434,-0.20577968041807276,1.508791076307582,-0.49837186151879204,-0.8182696483380675,-0.4114677687570971,1.919095315316124,-0.37976217386784894,-0.42008402520840293,-0.4097355387061661,-0.46885190548373656,-0.05720274152422246
-0.2801447440411729,-0.7309233193243939,0.5584293994876329,0.9465033293301527,0.07267132528150075,1.3054598240132387,0.7738709432881644,-0.299934521069135,-0.08775260831353203,-1.001207302021876,-0.6271552100354432,0.539222451273143,0.706117397470918,0.31965825609369647,-0.21654569785255828,-0.1764916480346692,3.53852041969004,0.7208955082096447,1.0447503376280172,-0.9511897312113419,-0.1420960445125053,-0.23192034667290004,-0.30560444605526793,-0.34099716973523675,-0.24173208127588555,-0.2581988897471611,-0.20301416340319547,1.7036546083024706,-0.32946173471593376,-0.3156839517433792,-0.26726124191242434,-0.20577968041807276,-0.6627822868937354,-0.49837186151879204,-0.8182696483380675,-0.4114677687570971,-0.5210788604500733,-0.37976217386784894,2.3804761428476167,-0.4097355387061661,-0.46885190548373656,-0.3472105927646476
2.5326729170153746,-0.5667538595597631,0.22607216234682218,-0.593348394004656,1.499671894445514,-0.7660136157433054,0.7598489291549707,1.5972877512947186,0.20273878472436738,-0.4982460200014673,-0.6271552100354432,0.44410051940577494,0.24245617888536294,0.31965825609369647,-0.21654569785255828,-0.1764916480346692,-0.282603993023614,0.041075342700085345,1.0447503376280172,-0.9511897312113419,-0.1420960445125053,-0.23192034667290004,3.272203702884454,-0.34099716973523675,-0.24173208127588555,-0.2581988897471611,-0.20301416340319547,-0.5869734364739604,-0.32946173471593376,-0.3156839517433792,-0.26726124191242434,-0.20577968041807276,-0.6627822868937354,-0.49837186151879204,1.2220910332321786,-0.4114677687570971,-0.5210788604500733,-0.37976217386784894,-0.42008402520840293,2.4405986435975984,-0.46885190548373656,-0.5689529929358224
0.4755376126605861,1.146799764801617,-0.7709995490756102,0.850470167506209,1.499671894445514,-0.7660136157433054,-0.08497742236995275,-0.10817226988397127,1.0742129638380655,-1.001207302021876,-0.6271552100354432,0.15873472380367074,0.24245617888536294,0.31965825609369647,-0.21654569785255828,-0.1764916480346692,-0.282603993023614,-0.44133043172865427,-0.9571664769885428,1.0513149660756937,-0.1420960445125053,4.3118252207961625,-0.30560444605526793,-0.34099716973523675,-0.24173208127588555,-0.2581988897471611,-0.20301416340319547,-0.5869734364739604,-0.32946173471593376,-0.3156839517433792,-0.26726124191242434,-0.20577968041807276,1.508791076307582,-0.49837186151879204,-0.8182696483380675,-0.4114677687570971,-0.5210788604500733,-0.37976217386784894,2.3804761428476167,-0.4097355387061661,-0.46885190548373656,0.7911400380519507
0.13967878745980433,-0.3838085160082232,0.22607216234682218,0.5377034785543441,1.499671894445514,-0.7660136157433054,0.034209697762194125,-0.7977003645710492,0.4932301777622668,0.004715262018941286,-0.6271552100354432,0.2538566556710388,0.24245617888536294,0.31965825609369647,-0.21654569785255828,-0.1764916480346692,-0.282603993023614,0.331525797692549,1.0447503376280172,-0.9511897312113419,-0.1420960445125053,-0.23192034667290004,-0.30560444605526793,-0.34099716973523675,-0.24173208127588555,-0.2581988897471611,-0.20301416340319547,1.7036546083024706,-0.32946173471593376,-0.3156839517433792,-0.26726124191242434,-0.20577968041807276,1.508791076307582,-0.49837186151879204,-0.8182696483380675,2.430324015464581,-0.5210788604500733,-0.37976217386784894,-0.42008402520840293,-0.4097355387061661,-0.46885190548373656,-0.26193507652005965
-0.02825062514058655,-0.8151166646922227,0.22607216234682218,0.8028865499101332,1.499671894445514,1.3054598240132387,-0.6809130230306871,-0.5610575865127622,1.0742129638380655,1.0106378260597584,1.5945016225624369,-3.075410959686844,-3.003172351213522,-3.1283409107596607,-0.21654569785255828,-0.1764916480346692,-0.282603993023614,0.3996239509251897,-0.9571664769885428,1.0513149660756937,-0.1420960445125053,-0.23192034667290004,-0.30560444605526793,-0.34099716973523675,-0.24173208127588555,-0.2581988897471611,-0.20301416340319547,-0.5869734364739604,-0.32946173471593376,-0.3156839517433792,3.741657386773941,-0.20577968041807276,-0.6627822868937354,2.0065338298845607,-0.8182696483380675,2.430324015464581,-0.5210788604500733,-0.37976217386784894,-0.42008402520840293,-0.4097355387061661,-0.46885190548373656,-0.18995256536238522
-0.02825062514058655,-0.4839361241283491,2.5525728223324977,1.5327929140256864,-0.2444399123105017,-0.7660136157433054,1.706334883145549,1.0383211893294542,-1.540209573503029,-1.001207302021876,-0.6271552100354432,0.2538566556710388,0.24245617888536294,0.31965825609369647,4.617962905367348,-0.1764916480346692,-0.282603993023614,2.577800176177644,1.0447503376280172,-0.9511897312113419,-0.1420960445125053,-0.23192034667290004,-0.30560444605526793,-0.34099716973523675,-0.24173208127588555,-0.2581988897471611,-0.20301416340319547,1.7036546083024706,-0.32946173471593376,-0.3156839517433792,-0.26726124191242434,-0.20577968041807276,-0.6627822868937354,-0.49837186151879204,1.2220910332321786,-0.4114677687570971,-0.5210788604500733,-0.37976217386784894,-0.42008402520840293,-0.4097355387061661,2.1328696509578076,-0.920008289509623
-0.02825062514058655,0.014875406116053029,-0.4386423119347994,-1.0342202472389566,-0.8786623874945072,-0.7660136157433054,0.994717665885966,2.243975343057451,-1.2497181804651296,-1.001207302021876,-0.6271552100354432,0.2538566556710388,0.24245617888536294,0.31965825609369647,-0.21654569785255828,5.665990493802656,-0.282603993023614,-0.6409215879083296,-0.9571664769885428,1.0513149660756937,-0.1420960445125053,-0.23192034667290004,-0.30560444605526793,-0.34099716973523675,-0.24173208127588555,-0.2581988897471611,-0.20301416340319547,-0.5869734364739604,-0.32946173471593376,-0.3156839517433792,3.741657386773941,-0.20577968041807276,1.508791076307582,-0.49837186151879204,-0.8182696483380675,-0.4114677687570971,-0.5210788604500733,-0.37976217386784894,-0.42008402520840293,-0.4097355387061661,2.1328696509578076,-0.2815499739639539
-0.867897688142541,-0.6172467518125061,0.5584293994876329,-1.5707619411434268,-0.7201067686985057,-0.7660136157433054,-0.20767004603539807,-0.06941181485718287,-1.540209573503029,-1.001207302021876,-0.6271552100354432,0.44410051940577494,0.24245617888536294,0.31965825609369647,-0.21654569785255828,-0.1764916480346692,-0.282603993023614,0.07446994552384537,1.0447503376280172,-0.9511897312113419,-0.1420960445125053,-0.23192034667290004,-0.30560444605526793,-0.34099716973523675,-0.24173208127588555,3.8729833462074166,-0.20301416340319547,-0.5869734364739604,-0.32946173471593376,-0.3156839517433792,-0.26726124191242434,-0.20577968041807276,-0.6627822868937354,-0.49837186151879204,1.2220910332321786,-0.4114677687570971,1.919095315316124,-0.37976217386784894,-0.42008402520840293,-0.4097355387061661,-0.46885190548373656,-0.9621788373175698
0.30760820006019524,0.20826647254487832,-0.7709995490756102,-0.49390805278067595,0.23122694407750302,1.3054598240132387,0.48291415002439414,0.2631120887936861,1.6551957499138643,1.513599108080167,1.5945016225624369,0.2538566556710388,0.24245617888536294,0.31965825609369647,-0.21654569785255828,-0.1764916480346692,-0.282603993023614,-0.7865624014002452,-0.9571664769885428,1.0513149660756937,-0.1420960445125053,-0.23192034667290004,-0.30560444605526793,-0.34099716973523675,-0.24173208127588555,-0.2581988897471611,-0.20301416340319547,1.7036546083024706,-0.32946173471593376,-0.3156839517433792,-0.26726124191242434,-0.20577968041807276,1.508791076307582,-0.49837186151879204,-0.8182696483380675,-0.4114677687570971,1.919095315316124,-0.37976217386784894,-0.42008402520840293,-0.4097355387061661,-0.46885190548373656,0.24375373763404445
-0.2801447440411729,1.1954300933138113,0.22607216234682218,-0.0929600742463267,0.07267132528150075,1.3054598240132387,-1.3837664814570239,-0.8466609393417293,1.364704356875965,-1.5041685840422845,-0.6271552100354432,0.539222451273143,0.706117397470918,0.31965825609369647,-0.21654569785255828,-0.1764916480346692,-0.282603993023614,0.1695734413928486,-0.9571664769885428,1.0513149660756937,-0.1420960445125053,-0.23192034667290004,-0.30560444605526793,-0.34099716973523675,-0.24173208127588555,-0.2581988897471611,-0.20301416340319547,-0.5869734364739604,-0.32946173471593376,3.1677251709421848,-0.26726124191242434,-0.20577968041807276,-0.6627822868937354,2.0065338298845607,-0.8182696483380675,-0.4114677687570971,-0.5210788604500733,-0.37976217386784894,-0.42008402520840293,2.4405986435975984,-0.46885190548373656,-0.4331252886030376
-0.5320388629417592,-0.2854260225432091,-0.1062850747939886,-0.3663187240496973,-0.2444399123105017,-0.7660136157433054,1.6239555501130356,2.290895893879353,-1.2497181804651296,1.513599108080167,1.5945016225624369,0.44410051940577494,0.24245617888536294,0.31965825609369647,-0.21654569785255828,-0.1764916480346692,-0.282603993023614,-0.18501540769641037,-0.9571664769885428,1.0513149660756937,-0.1420960445125053,-0.23192034667290004,-0.30560444605526793,-0.34099716973523675,-0.24173208127588555,-0.2581988897471611,-0.20301416340319547,-0.5869734364739604,-0.32946173471593376,3.1677251709421848,-0.26726124191242434,-0.20577968041807276,-0.6627822868937354,-0.49837186151879204,1.2220910332321786,-0.4114677687570971,-0.5210788604500733,-0.37976217386784894,2.3804761428476167,-0.4097355387061661,-0.46885190548373656,-0.30656929026249
-0.9518623944427365,-0.7793740491280814,0.5584293994876329,-0.9181385244332605,-0.2444399123105017,-0.7660136157433054,0.9912121623526676,-1.2077451782754949,-1.2497181804651296,0.004715262018941286,-0.6271552100354432,0.539222451273143,0.706117397470918,0.31965825609369647,-0.21654569785255828,-0.1764916480346692,-0.282603993023614,0.24206152370083636,1.0447503376280172,-0.9511897312113419,-0.1420960445125053,-0.23192034667290004,-0.30560444605526793,-0.34099716973523675,-0.24173208127588555,-0.2581988897471611,-0.20301416340319547,1.7036546083024706,-0.32946173471593376,-0.3156839517433792,-0.26726124191242434,-0.20577968041807276,-0.6627822868937354,-0.49837186151879204,1.2220910332321786,-0.4114677687570971,1.919095315316124,-0.37976217386784894,-0.42008402520840293,-0.4097355387061661,-0.46885190548373656,-0.8027428487326735
-0.2801447440411729,-1.8490298881634997,0.22607216234682218,0.2380230395852093,1.3411162756495132,-0.7660136157433054,-1.5222338710223122,-0.6977391910809106,-1.540209573503029,-0.4982460200014673,-0.6271552100354432,0.2538566556710388,0.706117397470918,0.31965825609369647,-0.21654569785255828,-0.1764916480346692,-0.282603993023614,0.2545688322670876,1.0447503376280172,-0.9511897312113419,-0.1420960445125053,-0.23192034667290004,3.272203702884454,-0.34099716973523675,-0.24173208127588555,-0.2581988897471611,-0.20301416340319547,-0.5869734364739604,-0.32946173471593376,-0.3156839517433792,-0.26726124191242434,-0.20577968041807276,1.508791076307582,-0.49837186151879204,-0.8182696483380675,2.430324015464581,-0.5210788604500733,-0.37976217386784894,-0.42008402520840293,-0.4097355387061661,-0.46885190548373656,-0.34328171162592697
-0.112215331440782,0.05692188841309067,-0.4386423119347994,-0.34501780069459065,-0.40299553110650327,-0.7660136157433054,0.5109581782907816,0.07134983760852238,1.364704356875965,0.5076765440393498,-0.6271552100354432,0.44410051940577494,0.24245617888536294,0.31965825609369647,-0.21654569785255828,-0.1764916480346692,-0.282603993023614,-0.46393663342712954,1.0447503376280172,-0.9511897312113419,-0.1420960445125053,-0.23192034667290004,-0.30560444605526793,-0.34099716973523675,-0.24173208127588555,-0.2581988897471611,-0.20301416340319547,-0.5869734364739604,3.0352538538723257,-0.3156839517433792,-0.26726124191242434,-0.20577968041807276,1.508791076307582,-0.49837186151879204,-0.8182696483380675,-0.4114677687570971,1.919095315316124,-0.37976217386784894,-0.42008402520840293,-0.4097355387061661,-0.46885190548373656,-0.041018187536608276
0.5595023189607815,0.9857654302022271,-1.4357140233572319,-1.1517849453582738,-1.3543292438825112,1.3054598240132387,-1.3627334602572332,-0.524337155434752,1.0742129638380655,-0.4982460200014673,-0.6271552100354432,0.539222451273143,0.706117397470918,0.31965825609369647,-0.21654569785255828,-0.1764916480346692,-0.282603993023614,-1.524285522771525,1.0447503376280172,-0.9511897312113419,-0.1420960445125053,-0.23192034667290004,-0.30560444605526793,-0.34099716973523675,-0.24173208127588555,-0.2581988897471611,-0.20301416340319547,1.7036546083024706,-0.32946173471593376,-0.3156839517433792,-0.26726124191242434,-0.20577968041807276,1.508791076307582,-0.49837186151879204,-0.8182696483380675,-0.4114677687570971,-0.5210788604500733,-0.37976217386784894,2.3804761428476167,-0.4097355387061661,-0.46885190548373656,1.0205264852858058
0.4755376126605861,0.4421976134040169,-0.4386423119347994,0.9910544337938907,-0.08588429351450011,-0.7660136157433054,1.283921707383087,-0.8058604603661625,0.7837215708001662,0.5076765440393498,-0.6271552100354432,0.44410051940577494,0.24245617888536294,0.31965825609369647,-0.21654569785255828,-0.1764916480346692,-0.282603993023614,-0.12083761398782925,1.0447503376280172,-0.9511897312113419,-0.1420960445125053,-0.23192034667290004,-0.30560444605526793,2.932575659723036,-0.24173208127588555,-0.2581988897471611,-0.20301416340319547,-0.5869734364739604,-0.32946173471593376,-0.3156839517433792,-0.26726124191242434,-0.20577968041807276,-0.6627822868937354,-0.49837186151879204,1.2220910332321786,2.430324015464581,-0.5210788604500733,-0.37976217386784894,-0.42008402520840293,-0.4097355387061661,-0.46885190548373656,0.42527127932297076
0.22364349375999978,0.1482741017896847,-0.7709995490756102,0.7635846449821314,-0.08588429351450011,1.3054598240132387,-0.38294522270031994,-1.1791848429925982,-0.6687353943893308,0.004715262018941286,-0.6271552100354432,0.2538566556710388,0.706117397470918,0.31965825609369647,-0.21654569785255828,-0.1764916480346692,-0.282603993023614,-0.4636423523059841,1.0447503376280172,-0.9511897312113419,-0.1420960445125053,-0.23192034667290004,-0.30560444605526793,-0.34099716973523675,4.1368112776835515,-0.2581988897471611,-0.20301416340319547,-0.5869734364739604,-0.32946173471593376,-0.3156839517433792,-0.26726124191242434,-0.20577968041807276,1.508791076307582,-0.49837186151879204,-0.8182696483380675,-0.4114677687570971,-0.5210788604500733,-0.37976217386784894,-0.42008402520840293,-0.4097355387061661,2.1328696509578076,0.7557631299641491
0.643467025260977,0.15441388870808206,-0.1062850747939886,-0.0918018632063339,-0.8786623874945072,-0.7660136157433054,0.5004416676908864,0.34471304674481956,1.364704356875965,0.004715262018941286,-0.6271552100354432,-0.031509139931065404,-0.22120503970019206,0.31965825609369647,-0.21654569785255828,-0.1764916480346692,-0.282603993023614,-0.11452036757534029,-0.9571664769885428,1.0513149660756937,-0.1420960445125053,-0.23192034667290004,3.272203702884454,-0.34099716973523675,-0.24173208127588555,-0.2581988897471611,-0.20301416340319547,-0.5869734364739604,-0.32946173471593376,-0.3156839517433792,-0.26726124191242434,-0.20577968041807276,-0.6627822868937354,-0.49837186151879204,1.2220910332321786,-0.4114677687570971,-0.5210788604500733,-0.37976217386784894,2.3804761428476167,-0.4097355387061661,-0.46885190548373656,-0.22273865767422213
1.399149381962736,4.2473739774738604e-05,-0.1062850747939886,1.1435300982840342,1.499671894445514,-0.7660136157433054,1.1594763319509926,2.4846981690132948,1.364704356875965,1.0106378260597584,1.5945016225624369,0.44410051940577494,0.24245617888536294,0.31965825609369647,-0.21654569785255828,-0.1764916480346692,-0.282603993023614,0.20270887626987844,-0.9571664769885428,1.0513149660756937,-0.1420960445125053,4.3118252207961625,-0.30560444605526793,-0.34099716973523675,-0.24173208127588555,-0.2581988897471611,-0.20301416340319547,-0.5869734364739604,-0.32946173471593376,-0.3156839517433792,-0.26726124191242434,-0.20577968041807276,-0.6627822868937354,2.0065338298845607,-0.8182696483380675,-0.4114677687570971,-0.5210788604500733,-0.37976217386784894,-0.42008402520840293,-0.4097355387061661,-0.46885190548373656,0.1545010480039399
-0.6160035692419547,-0.3401295998611436,-0.1062850747939886,-0.19199214136066545,-0.08588429351450011,1.3054598240132387,-1.05600190109362,-0.8772612985734044,-0.37824400135143144,-0.4982460200014673,-0.6271552100354432,0.44410051940577494,0.24245617888536294,0.31965825609369647,-0.21654569785255828,-0.1764916480346692,-0.282603993023614,-0.1402489062761408,1.0447503376280172,-0.9511897312113419,-0.1420960445125053,-0.23192034667290004,-0.30560444605526793,-0.34099716973523675,-0.24173208127588555,-0.2581988897471611,-0.20301416340319547,1.7036546083024706,-0.32946173471593376,-0.3156839517433792,-0.26726124191242434,-0.20577968041807276,1.508791076307582,-0.49837186151879204,-0.8182696483380675,-0.4114677687570971,-0.5210788604500733,-0.37976217386784894,-0.42008402520840293,-0.4097355387061661,2.1328696509578076,-0.25333428073019365
-0.112215331440782,-0.28577596257889987,-0.4386423119347994,-0.08557659123545637,-1.1957736250865103,1.3054598240132387,0.9193493399200496,2.1501342414136477,-0.6687353943893308,-0.4982460200014673,-0.6271552100354432,0.15873472380367074,0.24245617888536294,0.31965825609369647,-0.21654569785255828,-0.1764916480346692,-0.282603993023614,-0.3973129717194564,-0.9571664769885428,1.0513149660756937,-0.1420960445125053,-0.23192034667290004,-0.30560444605526793,-0.34099716973523675,-0.24173208127588555,-0.2581988897471611,-0.20301416340319547,1.7036546083024706,-0.32946173471593376,-0.3156839517433792,-0.26726124191242434,-0.20577968041807276,-0.6627822868937354,2.0065338298845607,-0.8182696483380675,-0.4114677687570971,-0.5210788604500733,-0.37976217386784894,-0.42008402520840293,-0.4097355387061661,2.1328696509578076,0.049526844473895104
0.13967878745980433,-1.1587578252969315,0.22607216234682218,0.9435042650993251,-0.08588429351450011,-0.7660136157433054,1.2926854662163332,-0.22445363496433648,0.7837215708001662,1.513599108080167,1.5945016225624369,-0.031509139931065404,-0.22120503970019206,0.31965825609369647,-0.21654569785255828,-0.1764916480346692,-0.282603993023614,0.4357341244261591,-0.9571664769885428,1.0513149660756937,-0.1420960445125053,-0.23192034667290004,-0.30560444605526793,-0.34099716973523675,-0.24173208127588555,-0.2581988897471611,-0.20301416340319547,1.7036546083024706,-0.32946173471593376,-0.3156839517433792,-0.26726124191242434,-0.20577968041807276,1.508791076307582,-0.49837186151879204,-0.8182696483380675,-0.4114677687570971,-0.5210788604500733,-0.37976217386784894,-0.42008402520840293,-0.4097355387061661,-0.46885190548373656,-0.15178264674419306
-1.6235800448443,-0.26639813788186,2.5525728223324977,1.5327929140256864,0.07267132528150075,1.3054598240132387,-0.984139078661002,-1.1363443400682531,-0.9592267874272302,0.004715262018941286,-0.6271552100354432,-0.031509139931065404,-0.22120503970019206,0.31965825609369647,-0.21654569785255828,-0.1764916480346692,3.53852041969004,2.577800176177644,-0.9571664769885428,1.0513149660756937,-0.1420960445125053,-0.23192034667290004,-0.30560444605526793,-0.34099716973523675,-0.24173208127588555,3.8729833462074166,-0.20301416340319547,-0.5869734364739604,-0.32946173471593376,-0.3156839517433792,-0.26726124191242434,-0.20577968041807276,-0.6627822868937354,-0.49837186151879204,-0.8182696483380675,-0.4114677687570971,-0.5210788604500733,2.633226974174589,-0.42008402520840293,-0.4097355387061661,-0.46885190548373656,-0.920008289509623
-0.02825062514058655,0.8457793709493593,0.22607216234682218,0.318685937373778,0.5483381816695062,-0.7660136157433054,1.3347515086159145,0.583395848751885,0.4932301777622668,0.004715262018941286,-0.6271552100354432,0.539222451273143,0.706117397470918,0.31965825609369647,4.617962905367348,-0.1764916480346692,-0.282603993023614,0.27528280298064417,1.0447503376280172,-0.9511897312113419,-0.1420960445125053,-0.23192034667290004,3.272203702884454,-0.34099716973523675,-0.24173208127588555,-0.2581988897471611,-0.20301416340319547,-0.5869734364739604,-0.32946173471593376,-0.3156839517433792,-0.26726124191242434,-0.20577968041807276,-0.6627822868937354,-0.49837186151879204,1.2220910332321786,-0.4114677687570971,1.919095315316124,-0.37976217386784894,-0.42008402520840293,-0.4097355387061661,-0.46885190548373656,-0.32138620407942226
-0.112215331440782,-1.1490543568557534,-1.4357140233572319,-1.6896117716106471,0.23122694407750302,1.3054598240132387,0.26907843449318947,1.2749639673877413,-0.6687353943893308,-0.4982460200014673,-0.6271552100354432,-0.031509139931065404,-0.22120503970019206,0.31965825609369647,-0.21654569785255828,-0.1764916480346692,-0.282603993023614,-1.6623977085890735,1.0447503376280172,-0.9511897312113419,-0.1420960445125053,-0.23192034667290004,-0.30560444605526793,-0.34099716973523675,4.1368112776835515,-0.2581988897471611,-0.20301416340319547,-0.5869734364739604,-0.32946173471593376,-0.3156839517433792,-0.26726124191242434,-0.20577968041807276,-0.6627822868937354,-0.49837186151879204,1.2220910332321786,-0.4114677687570971,1.919095315316124,-0.37976217386784894,-0.42008402520840293,-0.4097355387061661,-0.46885190548373656,0.6920485700920811
-0.02825062514058655,0.014875406116053029,2.220215585191687,1.5327929140256864,1.499671894445514,-0.7660136157433054,-0.9578478021612638,-0.7222194784662508,-0.9592267874272302,-0.4982460200014673,-0.6271552100354432,0.44410051940577494,0.24245617888536294,0.31965825609369647,4.617962905367348,5.665990493802656,-0.282603993023614,2.293408942368292,-0.9571664769885428,-0.9511897312113419,7.037493572961446,-0.23192034667290004,-0.30560444605526793,2.932575659723036,-0.24173208127588555,-0.2581988897471611,-0.20301416340319547,-0.5869734364739604,-0.32946173471593376,-0.3156839517433792,-0.26726124191242434,-0.20577968041807276,-0.6627822868937354,-0.49837186151879204,-0.8182696483380675,-0.4114677687570971,1.919095315316124,-0.37976217386784894,-0.42008402520840293,-0.4097355387061661,-0.46885190548373656,-0.8404495871500509
0.8953611441615633,-0.9171686543752378,0.5584293994876329,0.4190472679266297,-2.30566295665852,1.3054598240132387,-0.009609096404036344,-0.7079393108248023,0.7837215708001662,-1.5041685840422845,-0.6271552100354432,0.15873472380367074,0.24245617888536294,0.31965825609369647,-0.21654569785255828,-0.1764916480346692,-0.282603993023614,0.5854465011923342,-0.9571664769885428,1.0513149660756937,-0.1420960445125053,4.3118252207961625,-0.30560444605526793,-0.34099716973523675,-0.24173208127588555,-0.2581988897471611,-0.20301416340319547,-0.5869734364739604,-0.32946173471593376,-0.3156839517433792,-0.26726124191242434,-0.20577968041807276,1.508791076307582,-0.49837186151879204,-0.8182696483380675,-0.4114677687570971,-0.5210788604500733,-0.37976217386784894,-0.42008402520840293,2.4405986435975984,-0.46885190548373656,-0.47606817959303094
0.5595023189607815,-1.0620153950141447,-0.4386423119347994,1.1437739836792213,1.499671894445514,-0.7660136157433054,0.40228756875853006,0.17335103504743923,-1.540209573503029,0.004715262018941286,-0.6271552100354432,0.15873472380367074,0.24245617888536294,0.31965825609369647,-0.21654569785255828,-0.1764916480346692,-0.282603993023614,-0.0816197285604524,1.0447503376280172,-0.9511897312113419,-0.1420960445125053,-0.23192034667290004,-0.30560444605526793,-0.34099716973523675,-0.24173208127588555,-0.2581988897471611,-0.20301416340319547,1.7036546083024706,-0.32946173471593376,-0.3156839517433792,-0.26726124191242434,-0.20577968041807276,-0.6627822868937354,-0.49837186151879204,1.2220910332321786,-0.4114677687570971,1.919095315316124,-0.37976217386784894,-0.42008402520840293,-0.4097355387061661,-0.46885190548373656,0.4785704316119405
-0.02825062514058655,0.12024466020123986,-1.103356786216421,0.0389179010863755,1.499671894445514,1.3054598240132387,-1.688745288853988,-1.2077451782754949,-0.6687353943893308,1.513599108080167,1.5945016225624369,0.44410051940577494,0.24245617888536294,0.31965825609369647,-0.21654569785255828,-0.1764916480346692,-0.282603993023614,-0.9341256572121461,1.0447503376280172,-0.9511897312113419,-0.1420960445125053,-0.23192034667290004,-0.30560444605526793,2.932575659723036,-0.24173208127588555,-0.2581988897471611,-0.20301416340319547,-0.5869734364739604,-0.32946173471593376,-0.3156839517433792,-0.26726124191242434,-0.20577968041807276,-0.6627822868937354,-0.49837186151879204,1.2220910332321786,-0.4114677687570971,-0.5210788604500733,-0.37976217386784894,2.3804761428476167,-0.4097355387061661,-0.46885190548373656,0.9755211547021659
-1.6235800448443,0.7175706118979025,-0.4386423119347994,-0.6528570694407626,-0.40299553110650327,-0.7660136157433054,1.140196062517851,0.41611388495206136,1.364704356875965,-0.4982460200014673,-0.6271552100354432,0.2538566556710388,0.24245617888536294,0.31965825609369647,-0.21654569785255828,-0.1764916480346692,-0.282603993023614,-0.5429887598955461,-0.9571664769885428,1.0513149660756937,-0.1420960445125053,-0.23192034667290004,3.272203702884454,-0.34099716973523675,-0.24173208127588555,-0.2581988897471611,-0.20301416340319547,-0.5869734364739604,-0.32946173471593376,-0.3156839517433792,-0.26726124191242434,-0.20577968041807276,-0.6627822868937354,-0.49837186151879204,1.2220910332321786,-0.4114677687570971,1.919095315316124,-0.37976217386784894,-0.42008402520840293,-0.4097355387061661,-0.46885190548373656,-0.1484541515487266
-1.0358271007429318,-0.7678432670075732,-1.7680712604980426,0.20240321578207265,1.499671894445514,-0.7660136157433054,0.6687058372892113,1.346364805594983,0.4932301777622668,1.0106378260597584,1.5945016225624369,-0.031509139931065404,-0.22120503970019206,0.31965825609369647,-0.21654569785255828,-0.1764916480346692,-0.282603993023614,-1.460925625893363,1.0447503376280172,-0.9511897312113419,-0.1420960445125053,-0.23192034667290004,-0.30560444605526793,-0.34099716973523675,-0.24173208127588555,-0.2581988897471611,-0.20301416340319547,1.7036546083024706,-0.32946173471593376,-0.3156839517433792,-0.26726124191242434,-0.20577968041807276,1.508791076307582,-0.49837186151879204,-0.8182696483380675,-0.4114677687570971,-0.5210788604500733,-0.37976217386784894,-0.42008402520840293,2.4405986435975984,-0.46885190548373656,3.167926089089662
-0.3641094503413683,-0.09805742031984181,1.5555011109100654,1.0962881776813749,0.07267132528150075,-0.7660136157433054,1.4802299052477996,-0.8507409872392859,-0.37824400135143144,0.5076765440393498,-0.6271552100354432,0.44410051940577494,0.24245617888536294,0.31965825609369647,-0.21654569785255828,-0.1764916480346692,3.53852041969004,1.6125334732228542,-0.9571664769885428,1.0513149660756937,-0.1420960445125053,-0.23192034667290004,-0.30560444605526793,-0.34099716973523675,-0.24173208127588555,-0.2581988897471611,-0.20301416340319547,-0.5869734364739604,3.0352538538723257,-0.3156839517433792,-0.26726124191242434,-0.20577968041807276,-0.6627822868937354,-0.49837186151879204,1.2220910332321786,2.430324015464581,-0.5210788604500733,-0.37976217386784894,-0.42008402520840293,-0.4097355387061661,-0.46885190548373656,-0.7266421397025397
0.643467025260977,-0.5505460290562513,1.8878583480508762,0.39993345154751997,0.07267132528150075,1.3054598240132387,-0.4442915345330426,-0.2407738265545632,-0.37824400135143144,0.004715262018941286,-0.6271552100354432,-0.031509139931065404,-0.22120503970019206,0.31965825609369647,-0.21654569785255828,-0.1764916480346692,3.53852041969004,1.7181030703338582,1.0447503376280172,-0.9511897312113419,-0.1420960445125053,4.3118252207961625,-0.30560444605526793,-0.34099716973523675,-0.24173208127588555,-0.2581988897471611,-0.20301416340319547,-0.5869734364739604,-0.32946173471593376,-0.3156839517433792,-0.26726124191242434,-0.20577968041807276,1.508791076307582,-0.49837186151879204,-0.8182696483380675,-0.4114677687570971,1.919095315316124,-0.37976217386784894,-0.42008402520840293,-0.4097355387061661,-0.46885190548373656,-0.9472094410497184
-0.9518623944427365,0.31650267353849526,0.8907866366284438,1.1314586432205551,-0.7201067686985057,1.3054598240132387,1.6660215925126167,1.164802674153711,-1.540209573503029,0.004715262018941286,-0.6271552100354432,0.44410051940577494,0.24245617888536294,0.31965825609369647,-0.21654569785255828,-0.1764916480346692,-0.282603993023614,1.0527826671627303,-0.9571664769885428,1.0513149660756937,-0.1420960445125053,-0.23192034667290004,-0.30560444605526793,-0.34099716973523675,-0.24173208127588555,-0.2581988897471611,4.925764701519638,-0.5869734364739604,-0.32946173471593376,-0.3156839517433792,-0.26726124191242434,-0.20577968041807276,-0.6627822868937354,-0.49837186151879204,1.2220910332321786,-0.4114677687570971,-0.5210788604500733,2.633226974174589,-0.42008402520840293,-0.4097355387061661,-0.46885190548373656,-0.46669533378669625
2.23879644496469,-0.055699790839222156,-0.4386423119347994,-0.5045995420870272,1.182560656853511,1.3054598240132387,0.4846669017910434,0.44467422023495806,1.6551957499138643,1.0106378260597584,1.5945016225624369,0.2538566556710388,0.24245617888536294,0.31965825609369647,-0.21654569785255828,-0.1764916480346692,-0.282603993023614,-0.5049167073923093,1.0447503376280172,-0.9511897312113419,-0.1420960445125053,-0.23192034667290004,-0.30560444605526793,-0.34099716973523675,-0.24173208127588555,3.8729833462074166,-0.20301416340319547,-0.5869734364739604,-0.32946173471593376,-0.3156839517433792,-0.26726124191242434,-0.20577968041807276,-0.6627822868937354,2.0065338298845607,-0.8182696483380675,-0.4114677687570971,-0.5210788604500733,-0.37976217386784894,-0.42008402520840293,-0.4097355387061661,2.1328696509578076,-0.09671224598165269
1.6510435008633224,-0.2369764817206577,1.2231438737692546,-0.06275001817312813,0.07267132528150075,-0.7660136157433054,1.4767244017145011,0.4691545076202981,-0.37824400135143144,1.513599108080167,1.5945016225624369,0.539222451273143,0.706117397470918,0.31965825609369647,-0.21654569785255828,-0.1764916480346692,-0.282603993023614,1.0305049873059295,-0.9571664769885428,1.0513149660756937,-0.1420960445125053,-0.23192034667290004,-0.30560444605526793,-0.34099716973523675,-0.24173208127588555,-0.2581988897471611,-0.20301416340319547,-0.5869734364739604,-0.32946173471593376,3.1677251709421848,-0.26726124191242434,-0.20577968041807276,1.508791076307582,-0.49837186151879204,-0.8182696483380675,-0.4114677687570971,1.919095315316124,-0.37976217386784894,-0.42008402520840293,-0.4097355387061661,-0.46885190548373656,-0.8470409053724259
-0.5320388629417592,-1.0100256292356915,-0.1062850747939886,-1.939405227222484,1.499671894445514,1.3054598240132387,1.338257012149213,-0.49781684410063365,0.4932301777622668,-1.001207302021876,-0.6271552100354432,0.15873472380367074,0.24245617888536294,0.31965825609369647,-0.21654569785255828,-0.1764916480346692,-0.282603993023614,-0.5889789231409297,-0.9571664769885428,1.0513149660756937,-0.1420960445125053,-0.23192034667290004,-0.30560444605526793,-0.34099716973523675,-0.24173208127588555,-0.2581988897471611,-0.20301416340319547,-0.5869734364739604,3.0352538538723257,-0.3156839517433792,-0.26726124191242434,-0.20577968041807276,-0.6627822868937354,-0.49837186151879204,1.2220910332321786,-0.4114677687570971,-0.5210788604500733,-0.37976217386784894,-0.42008402520840293,2.4405986435975984,-0.46885190548373656,-0.7869508459596695
-0.44807415664156375,-0.24141059571264126,-0.7709995490756102,0.1961410849475033,-1.1957736250865103,1.3054598240132387,-0.9929028374942481,-0.13265255726931133,-0.9592267874272302,-1.001207302021876,-0.6271552100354432,0.44410051940577494,0.24245617888536294,0.31965825609369647,-0.21654569785255828,-0.1764916480346692,-0.282603993023614,-0.6093600193672741,1.0447503376280172,-0.9511897312113419,-0.1420960445125053,-0.23192034667290004,3.272203702884454,-0.34099716973523675,-0.24173208127588555,-0.2581988897471611,-0.20301416340319547,-0.5869734364739604,-0.32946173471593376,-0.3156839517433792,-0.26726124191242434,-0.20577968041807276,-0.6627822868937354,-0.49837186151879204,-0.8182696483380675,-0.4114677687570971,-0.5210788604500733,-0.37976217386784894,-0.42008402520840293,2.4405986435975984,-0.46885190548373656,0.5247188997496501
-0.6160035692419547,-1.2583650969511921,-0.7709995490756102,0.30614395738374245,-0.7201067686985057,-0.7660136157433054,1.219069892017066,-1.087383765297573,1.0742129638380655,1.513599108080167,1.5945016225624369,-3.075410959686844,-3.003172351213522,-3.1283409107596607,-0.21654569785255828,-0.1764916480346692,-0.282603993023614,-0.581111638258726,-0.9571664769885428,1.0513149660756937,-0.1420960445125053,-0.23192034667290004,-0.30560444605526793,2.932575659723036,-0.24173208127588555,-0.2581988897471611,-0.20301416340319547,-0.5869734364739604,-0.32946173471593376,-0.3156839517433792,-0.26726124191242434,-0.20577968041807276,-0.6627822868937354,-0.49837186151879204,1.2220910332321786,-0.4114677687570971,-0.5210788604500733,-0.37976217386784894,-0.42008402520840293,-0.4097355387061661,2.1328696509578076,0.5695084273316773
-0.112215331440782,0.6579471292321084,-0.1062850747939886,1.4722689886307256,-0.7201067686985057,-0.7660136157433054,-1.4749095733227833,-0.5875778978468805,1.6551957499138643,0.004715262018941286,-0.6271552100354432,0.44410051940577494,0.24245617888536294,0.31965825609369647,-0.21654569785255828,-0.1764916480346692,-0.282603993023614,0.2871279578270189,-0.9571664769885428,1.0513149660756937,-0.1420960445125053,-0.23192034667290004,-0.30560444605526793,-0.34099716973523675,-0.24173208127588555,-0.2581988897471611,-0.20301416340319547,-0.5869734364739604,-0.32946173471593376,3.1677251709421848,-0.26726124191242434,-0.20577968041807276,-0.6627822868937354,-0.49837186151879204,-0.8182696483380675,-0.4114677687570971,-0.5210788604500733,-0.37976217386784894,2.3804761428476167,-0.4097355387061661,-0.46885190548373656,0.2548897419787444
0.8953611441615633,-0.7774599001661232,-0.7709995490756102,-0.11849792811742738,-0.2444399123105017,1.3054598240132387,0.15514956966099022,-1.0527033581683414,-0.08775260831353203,0.5076765440393498,-0.6271552100354432,0.15873472380367074,0.24245617888536294,0.31965825609369647,-0.21654569785255828,-0.1764916480346692,-0.282603993023614,-0.6901582981379255,-0.9571664769885428,1.0513149660756937,-0.1420960445125053,-0.23192034667290004,-0.30560444605526793,-0.34099716973523675,-0.24173208127588555,-0.2581988897471611,-0.20301416340319547,-0.5869734364739604,3.0352538538723257,-0.3156839517433792,-0.26726124191242434,-0.20577968041807276,-0.6627822868937354,-0.49837186151879204,1.2220910332321786,-0.4114677687570971,1.919095315316124,-0.37976217386784894,-0.42008402520840293,-0.4097355387061661,-0.46885190548373656,0.3966083109809623
0.39157290636039066,-0.1886835115119451,-0.7709995490756102,0.18566777233364265,-0.08588429351450011,-0.7660136157433054,1.483735408781098,-1.0547433821171197,-0.37824400135143144,-0.4982460200014673,-0.6271552100354432,0.539222451273143,0.706117397470918,0.31965825609369647,-0.21654569785255828,-0.1764916480346692,-0.282603993023614,-0.6120495321011967,1.0447503376280172,-0.9511897312113419,-0.1420960445125053,-0.23192034667290004,-0.30560444605526793,-0.34099716973523675,-0.24173208127588555,-0.2581988897471611,-0.20301416340319547,1.7036546083024706,-0.32946173471593376,-0.3156839517433792,-0.26726124191242434,-0.20577968041807276,-0.6627822868937354,-0.49837186151879204,1.2220910332321786,-0.4114677687570971,1.919095315316124,-0.37976217386784894,-0.42008402520840293,-0.4097355387061661,-0.46885190548373656,0.5204545136131373
-0.6160035692419547,-0.13138574122551844,1.2231438737692546,-2.9681682754920224,-0.2444399123105017,1.3054598240132387,1.1296795519179559,-0.2020133715277748,1.6551957499138643,-1.001207302021876,-0.6271552100354432,-0.031509139931065404,-0.22120503970019206,0.31965825609369647,-0.21654569785255828,-0.1764916480346692,-0.282603993023614,0.28440299565066596,-0.9571664769885428,1.0513149660756937,-0.1420960445125053,-0.23192034667290004,-0.30560444605526793,-0.34099716973523675,-0.24173208127588555,-0.2581988897471611,-0.20301416340319547,-0.5869734364739604,-0.32946173471593376,3.1677251709421848,-0.26726124191242434,-0.20577968041807276,-0.6627822868937354,-0.49837186151879204,1.2220910332321786,-0.4114677687570971,1.919095315316124,-0.37976217386784894,-0.42008402520840293,-0.4097355387061661,-0.46885190548373656,-1.4385359649625193
1.1472552630621498,1.1706258632756048,0.22607216234682218,1.037303192785108,-1.3543292438825112,1.3054598240132387,-1.632657232321213,-1.075143621604903,-0.9592267874272302,-0.4982460200014673,-0.6271552100354432,0.44410051940577494,0.24245617888536294,0.31965825609369647,-0.21654569785255828,-0.1764916480346692,-0.282603993023614,0.45982138504180314,1.0447503376280172,-0.9511897312113419,-0.1420960445125053,4.3118252207961625,-0.30560444605526793,-0.34099716973523675,-0.24173208127588555,-0.2581988897471611,-0.20301416340319547,-0.5869734364739604,-0.32946173471593376,-0.3156839517433792,-0.26726124191242434,-0.20577968041807276,-0.6627822868937354,-0.49837186151879204,-0.8182696483380675,-0.4114677687570971,1.919095315316124,-0.37976217386784894,-0.42008402520840293,-0.4097355387061661,-0.46885190548373656,-0.12632143489458392
2.154831738664495,0.8827750198656307,0.5584293994876329,1.3363223575230543,1.499671894445514,-0.7660136157433054,1.604675280679894,1.242323584207288,-0.9592267874272302,0.004715262018941286,-0.6271552100354432,0.539222451273143,0.706117397470918,0.31965825609369647,-0.21654569785255828,-0.1764916480346692,-0.282603993023614,0.8209997711973197,-0.9571664769885428,1.0513149660756937,-0.1420960445125053,-0.23192034667290004,-0.30560444605526793,-0.34099716973523675,4.1368112776835515,-0.2581988897471611,-0.20301416340319547,-0.5869734364739604,-0.32946173471593376,-0.3156839517433792,-0.26726124191242434,-0.20577968041807276,-0.6627822868937354,2.0065338298845607,-0.8182696483380675,-0.4114677687570971,-0.5210788604500733,2.633226974174589,-0.42008402520840293,-0.4097355387061661,-0.46885190548373656,-0.25197775168389225
-0.867897688142541,-0.3126896507865447,-1.4357140233572319,-3.8720823066499315,1.3411162756495132,-0.7660136157433054,1.0806025024517778,0.44875426813251473,1.6551957499138643,-1.001207302021876,-0.6271552100354432,0.44410051940577494,0.24245617888536294,0.31965825609369647,-0.21654569785255828,-0.1764916480346692,-0.282603993023614,-2.2228490683269886,1.0447503376280172,-0.9511897312113419,-0.1420960445125053,-0.23192034667290004,-0.30560444605526793,-0.34099716973523675,-0.24173208127588555,-0.2581988897471611,-0.20301416340319547,1.7036546083024706,-0.32946173471593376,-0.3156839517433792,-0.26726124191242434,-0.20577968041807276,1.508791076307582,-0.49837186151879204,-0.8182696483380675,-0.4114677687570971,-0.5210788604500733,-0.37976217386784894,-0.42008402520840293,-0.4097355387061661,-0.46885190548373656,-0.6408960439146536
-0.02825062514058655,1.4665831116658108,-1.4357140233572319,-1.2862423836078594,0.3897825628735039,-0.7660136157433054,1.4872409123143966,1.2464036321048446,-0.37824400135143144,-1.5041685840422845,-0.6271552100354432,-0.031509139931065404,-0.22120503970019206,0.31965825609369647,4.617962905367348,-0.1764916480346692,-0.282603993023614,-1.5588137571206317,-0.9571664769885428,-0.9511897312113419,7.037493572961446,-0.23192034667290004,-0.30560444605526793,-0.34099716973523675,-0.24173208127588555,-0.2581988897471611,-0.20301416340319547,1.7036546083024706,-0.32946173471593376,-0.3156839517433792,-0.26726124191242434,-0.20577968041807276,1.508791076307582,-0.49837186151879204,-0.8182696483380675,-0.4114677687570971,-0.5210788604500733,-0.37976217386784894,2.3804761428476167,-0.4097355387061661,-0.46885190548373656,0.9384065596096032
0.30760820006019524,-1.325048648076552,0.8907866366284438,-1.484611553415783,-1.829996100270516,1.3054598240132387,-0.7229790654302684,0.35083311859115457,1.0742129638380655,-1.001207302021876,-0.6271552100354432,0.44410051940577494,0.24245617888536294,0.31965825609369647,-0.21654569785255828,-0.1764916480346692,-0.282603993023614,0.3809843196774662,1.0447503376280172,-0.9511897312113419,-0.1420960445125053,-0.23192034667290004,-0.30560444605526793,-0.34099716973523675,-0.24173208127588555,3.8729833462074166,-0.20301416340319547,-0.5869734364739604,-0.32946173471593376,-0.3156839517433792,-0.26726124191242434,-0.20577968041807276,-0.6627822868937354,-0.49837186151879204,1.2220910332321786,2.430324015464581,-0.5210788604500733,-0.37976217386784894,-0.42008402520840293,-0.4097355387061661,-0.46885190548373656,-1.0477010622590652
1.1472552630621498,0.26129685179357004,-1.4357140233572319,-1.2922151422773702,-0.40299553110650327,-0.7660136157433054,-1.5572889063552966,-0.7915802927247142,-1.2497181804651296,-1.001207302021876,-0.6271552100354432,-0.031509139931065404,-0.22120503970019206,0.31965825609369647,-0.21654569785255828,-0.1764916480346692,-0.282603993023614,-1.5603475421885034,1.0447503376280172,-0.9511897312113419,-0.1420960445125053,-0.23192034667290004,-0.30560444605526793,-0.34099716973523675,-0.24173208127588555,-0.2581988897471611,-0.20301416340319547,1.7036546083024706,-0.32946173471593376,-0.3156839517433792,-0.26726124191242434,-0.20577968041807276,-0.6627822868937354,-0.49837186151879204,1.2220910332321786,2.430324015464581,-0.5210788604500733,-0.37976217386784894,-0.42008402520840293,-0.4097355387061661,-0.46885190548373656,0.9347586952414625
0.055714081159608894,0.9390402311719661,0.8907866366284438,0.633973069533245,0.3897825628735039,1.3054598240132387,-0.784325377262991,-0.2020133715277748,1.364704356875965,-1.001207302021876,-0.6271552100354432,0.539222451273143,0.706117397470918,0.31965825609369647,-0.21654569785255828,-0.1764916480346692,-0.282603993023614,0.9250299842528417,-0.9571664769885428,1.0513149660756937,-0.1420960445125053,-0.23192034667290004,-0.30560444605526793,-0.34099716973523675,-0.24173208127588555,-0.2581988897471611,4.925764701519638,-0.5869734364739604,-0.32946173471593376,-0.3156839517433792,-0.26726124191242434,-0.20577968041807276,-0.6627822868937354,2.0065338298845607,-0.8182696483380675,-0.4114677687570971,1.919095315316124,-0.37976217386784894,-0.42008402520840293,-0.4097355387061661,-0.46885190548373656,-0.5771824180080336
-0.112215331440782,-0.9159291286697944,0.5584293994876329,-0.5189768040362085,-1.9885517190665176,1.3054598240132387,-0.4688300592661317,-0.44477622143239687,-0.08775260831353203,0.004715262018941286,-0.6271552100354432,0.44410051940577494,0.24245617888536294,0.31965825609369647,-0.21654569785255828,-0.1764916480346692,-0.282603993023614,0.3445649597657027,1.0447503376280172,-0.9511897312113419,-0.1420960445125053,-0.23192034667290004,-0.30560444605526793,-0.34099716973523675,-0.24173208127588555,-0.2581988897471611,-0.20301416340319547,-0.5869734364739604,3.0352538538723257,-0.3156839517433792,-0.26726124191242434,-0.20577968041807276,-0.6627822868937354,-0.49837186151879204,1.2220910332321786,-0.4114677687570971,-0.5210788604500733,-0.37976217386784894,-0.42008402520840293,2.4405986435975984,-0.46885190548373656,-0.7052275866883528
-2.505209460996352,-0.7503443284948261,0.5584293994876329,0.8445928930420351,0.5483381816695062,1.3054598240132387,0.7668599362215676,1.340244733748648,-0.08775260831353203,1.0106378260597584,1.5945016225624369,0.539222451273143,0.706117397470918,0.31965825609369647,-0.21654569785255828,-0.1764916480346692,-0.282603993023614,0.6947252384753362,1.0447503376280172,-0.9511897312113419,-0.1420960445125053,-0.23192034667290004,-0.30560444605526793,-0.34099716973523675,-0.24173208127588555,-0.2581988897471611,-0.20301416340319547,-0.5869734364739604,-0.32946173471593376,-0.3156839517433792,3.741657386773941,-0.20577968041807276,1.508791076307582,-0.49837186151879204,-0.8182696483380675,-0.4114677687570971,-0.5210788604500733,-0.37976217386784894,2.3804761428476167,-0.4097355387061661,-0.46885190548373656,-0.3721073260731462
2.0708670323642995,-0.3318538675319098,0.22607216234682218,1.1647890195822488,-0.7201067686985057,1.3054598240132387,-0.31984615910094805,-0.5284172033323087,-0.9592267874272302,-0.4982460200014673,-0.6271552100354432,0.44410051940577494,0.24245617888536294,0.31965825609369647,-0.21654569785255828,-0.1764916480346692,-0.282603993023614,0.4925593321657875,1.0447503376280172,-0.9511897312113419,-0.1420960445125053,-0.23192034667290004,-0.30560444605526793,-0.34099716973523675,-0.24173208127588555,-0.2581988897471611,-0.20301416340319547,-0.5869734364739604,-0.32946173471593376,-0.3156839517433792,-0.26726124191242434,-0.20577968041807276,-0.6627822868937354,2.0065338298845607,-0.8182696483380675,-0.4114677687570971,-0.5210788604500733,-0.37976217386784894,2.3804761428476167,-0.4097355387061661,-0.46885190548373656,-0.09171609639030834
1.4831140882629315,1.002451449366325,0.5584293994876329,-0.08389230893872864,0.07267132528150075,1.3054598240132387,-1.2260188224585942,-0.7201794545174725,0.4932301777622668,-1.001207302021876,-0.6271552100354432,-0.031509139931065404,-0.22120503970019206,0.31965825609369647,-0.21654569785255828,-0.1764916480346692,3.53852041969004,0.45629324794342957,1.0447503376280172,-0.9511897312113419,-0.1420960445125053,-0.23192034667290004,-0.30560444605526793,-0.34099716973523675,-0.24173208127588555,3.8729833462074166,-0.20301416340319547,-0.5869734364739604,-0.32946173471593376,-0.3156839517433792,-0.26726124191242434,-0.20577968041807276,1.508791076307582,-0.49837186151879204,-0.8182696483380675,-0.4114677687570971,1.919095315316124,-0.37976217386784894,-0.42008402520840293,-0.4097355387061661,-0.46885190548373656,-0.5989363859473381
-0.02825062514058655,-1.728268072265989,0.8907866366284438,0.030546339211911085,0.706893800465507,-0.7660136157433054,-1.672970522954145,-1.1771448190438198,-0.6687353943893308,0.5076765440393498,-0.6271552100354432,0.2538566556710388,0.706117397470918,0.31965825609369647,4.617962905367348,-0.1764916480346692,-0.282603993023614,0.7700719556878833,-0.9571664769885428,1.0513149660756937,-0.1420960445125053,-0.23192034667290004,-0.30560444605526793,-0.34099716973523675,-0.24173208127588555,-0.2581988897471611,-0.20301416340319547,-0.5869734364739604,-0.32946173471593376,3.1677251709421848,-0.26726124191242434,-0.20577968041807276,1.508791076307582,-0.49837186151879204,-0.8182696483380675,-0.4114677687570971,-0.5210788604500733,-0.37976217386784894,-0.42008402520840293,-0.4097355387061661,2.1328696509578076,-0.7111980829855369
0.13967878745980433,-0.03999765822058999,-0.7709995490756102,-0.25925573716994704,0.07267132528150075,-0.7660136157433054,-0.3321154214674926,0.3243128072570362,-0.9592267874272302,-0.4982460200014673,-0.6271552100354432,0.44410051940577494,0.24245617888536294,0.31965825609369647,-0.21654569785255828,-0.1764916480346692,3.53852041969004,-0.7263044472889354,-0.9571664769885428,1.0513149660756937,-0.1420960445125053,-0.23192034667290004,-0.30560444605526793,-0.34099716973523675,-0.24173208127588555,3.8729833462074166,-0.20301416340319547,-0.5869734364739604,-0.32946173471593376,-0.3156839517433792,-0.26726124191242434,-0.20577968041807276,-0.6627822868937354,-0.49837186151879204,-0.8182696483380675,-0.4114677687570971,-0.5210788604500733,-0.37976217386784894,-0.42008402520840293,2.4405986435975984,-0.46885190548373656,0.3392963914708808
-1.1197918070431274,-2.8799743039654553,-0.7709995490756102,-0.026812224819160107,-1.9885517190665176,1.3054598240132387,-0.5687369099651371,0.12847050817431582,0.20273878472436738,0.5076765440393498,-0.6271552100354432,0.2538566556710388,0.24245617888536294,0.31965825609369647,-0.21654569785255828,-0.1764916480346692,-0.282603993023614,-0.6666137066957707,-0.9571664769885428,1.0513149660756937,-0.1420960445125053,-0.23192034667290004,-0.30560444605526793,-0.34099716973523675,4.1368112776835515,-0.2581988897471611,-0.20301416340319547,-0.5869734364739604,-0.32946173471593376,-0.3156839517433792,-0.26726124191242434,-0.20577968041807276,-0.6627822868937354,2.0065338298845607,-0.8182696483380675,-0.4114677687570971,-0.5210788604500733,-0.37976217386784894,-0.42008402520840293,2.4405986435975984,-0.46885190548373656,0.4339396937513128
-1.9594388700450818,-0.21076529709306446,2.5525728223324977,1.5327929140256864,1.3411162756495132,-0.7660136157433054,-0.43728052746644575,-1.2240653698657216,-0.37824400135143144,1.513599108080167,1.5945016225624369,-0.031509139931065404,-0.22120503970019206,0.31965825609369647,-0.21654569785255828,-0.1764916480346692,-0.282603993023614,2.577800176177644,1.0447503376280172,-0.9511897312113419,-0.1420960445125053,-0.23192034667290004,-0.30560444605526793,-0.34099716973523675,-0.24173208127588555,-0.2581988897471611,-0.20301416340319547,1.7036546083024706,-0.32946173471593376,-0.3156839517433792,-0.26726124191242434,-0.20577968041807276,-0.6627822868937354,-0.49837186151879204,1.2220910332321786,-0.4114677687570971,-0.5210788604500733,-0.37976217386784894,-0.42008402520840293,-0.4097355387061661,-0.46885190548373656,-0.920008289509623
-0.867897688142541,-0.7252637946097437,-0.4386423119347994,-2.050231761939896,-0.5615511499025041,-0.7660136157433054,0.19721561206057148,0.21211149007422764,-0.37824400135143144,-1.001207302021876,-0.6271552100354432,0.44410051940577494,0.24245617888536294,0.31965825609369647,-0.21654569785255828,-0.1764916480346692,-0.282603993023614,-0.9018300518630427,-0.9571664769885428,1.0513149660756937,-0.1420960445125053,-0.23192034667290004,-0.30560444605526793,-0.34099716973523675,-0.24173208127588555,-0.2581988897471611,-0.20301416340319547,1.7036546083024706,-0.32946173471593376,-0.3156839517433792,-0.26726124191242434,-0.20577968041807276,-0.6627822868937354,-0.49837186151879204,-0.8182696483380675,-0.4114677687570971,-0.5210788604500733,-0.37976217386784894,-0.42008402520840293,-0.4097355387061661,-0.46885190548373656,-0.6361381880469095
0.39157290636039066,-1.5587033345355021,0.22607216234682218,0.4366573024107058,-0.40299553110650327,1.3054598240132387,-0.5775006687983832,-0.24893392234967654,0.4932301777622668,-0.4982460200014673,-0.6271552100354432,0.2538566556710388,0.24245617888536294,0.31965825609369647,-0.21654569785255828,-0.1764916480346692,-0.282603993023614,0.3055774671621675,1.0447503376280172,-0.9511897312113419,-0.1420960445125053,-0.23192034667290004,-0.30560444605526793,-0.34099716973523675,-0.24173208127588555,-0.2581988897471611,-0.20301416340319547,-0.5869734364739604,-0.32946173471593376,-0.3156839517433792,-0.26726124191242434,4.859566299103718,-0.6627822868937354,2.0065338298845607,-0.8182696483380675,-0.4114677687570971,1.919095315316124,-0.37976217386784894,-0.42008402520840293,-0.4097355387061661,-0.46885190548373656,-0.289363514785416
-0.112215331440782,0.5884640029295022,-1.4357140233572319,0.1868256614133583,-0.2444399123105017,1.3054598240132387,1.3119657356494747,-0.37541540717393346,0.4932301777622668,-0.4982460200014673,-0.6271552100354432,0.15873472380367074,0.24245617888536294,0.31965825609369647,-0.21654569785255828,-0.1764916480346692,-0.282603993023614,-1.1805346575570934,-0.9571664769885428,-0.9511897312113419,-0.1420960445125053,-0.23192034667290004,3.272203702884454,-0.34099716973523675,-0.24173208127588555,-0.2581988897471611,-0.20301416340319547,-0.5869734364739604,-0.32946173471593376,-0.3156839517433792,-0.26726124191242434,-0.20577968041807276,1.508791076307582,-0.49837186151879204,-0.8182696483380675,-0.4114677687570971,-0.5210788604500733,-0.37976217386784894,-0.42008402520840293,-0.4097355387061661,2.1328696509578076,1.8380833640165495
-0.02825062514058655,0.9185500896598607,0.22607216234682218,0.12851372293646932,-0.5615511499025041,1.3054598240132387,1.387334061615391,-0.0877720303961879,0.20273878472436738,-1.001207302021876,-0.6271552100354432,0.2538566556710388,0.706117397470918,0.31965825609369647,4.617962905367348,-0.1764916480346692,-0.282603993023614,0.22644719468509292,1.0447503376280172,-0.9511897312113419,-0.1420960445125053,-0.23192034667290004,-0.30560444605526793,-0.34099716973523675,-0.24173208127588555,-0.2581988897471611,-0.20301416340319547,1.7036546083024706,-0.32946173471593376,-0.3156839517433792,-0.26726124191242434,-0.20577968041807276,-0.6627822868937354,2.0065338298845607,-0.8182696483380675,-0.4114677687570971,1.919095315316124,-0.37976217386784894,-0.42008402520840293,-0.4097355387061661,-0.46885190548373656,-0.37300742363022443
0.13967878745980433,-0.5499385175491881,0.22607216234682218,0.07889558695989529,0.07267132528150075,-0.7660136157433054,1.154218076651045,2.158294337208761,1.364704356875965,-1.001207302021876,-0.6271552100354432,0.15873472380367074,0.24245617888536294,0.31965825609369647,-0.21654569785255828,-0.1764916480346692,3.53852041969004,0.21370541818489813,1.0447503376280172,-0.9511897312113419,-0.1420960445125053,-0.23192034667290004,-0.30560444605526793,2.932575659723036,-0.24173208127588555,-0.2581988897471611,-0.20301416340319547,-0.5869734364739604,-0.32946173471593376,-0.3156839517433792,-0.26726124191242434,-0.20577968041807276,1.508791076307582,-0.49837186151879204,-0.8182696483380675,-0.4114677687570971,-0.5210788604500733,-0.37976217386784894,2.3804761428476167,-0.4097355387061661,-0.46885190548373656,-0.38647599840875835
-1.3716859259437137,-1.2986308140344471,-0.7709995490756102,-0.5644666334654816,1.182560656853511,-0.7660136157433054,-0.4986268392991684,-0.39785567061049515,-0.08775260831353203,1.513599108080167,1.5945016225624369,0.2538566556710388,0.24245617888536294,0.31965825609369647,-0.21654569785255828,-0.1764916480346692,-0.282603993023614,-0.8046816162309121,-0.9571664769885428,-0.9511897312113419,7.037493572961446,-0.23192034667290004,-0.30560444605526793,2.932575659723036,-0.24173208127588555,-0.2581988897471611,-0.20301416340319547,-0.5869734364739604,-0.32946173471593376,-0.3156839517433792,-0.26726124191242434,-0.20577968041807276,1.508791076307582,-0.49837186151879204,-0.8182696483380675,-0.4114677687570971,1.919095315316124,-0.37976217386784894,-0.42008402520840293,-0.4097355387061661,-0.46885190548373656,0.21502461969612366
0.055714081159608894,1.2498466082141868,-1.103356786216421,-0.4266815120330174,1.182560656853511,1.3054598240132387,1.5328124582472762,1.0607614527660159,-0.6687353943893308,-0.4982460200014673,-0.6271552100354432,-3.075410959686844,-3.003172351213522,-3.1283409107596607,-0.21654569785255828,-0.1764916480346692,-0.282603993023614,-1.0536900774352316,1.0447503376280172,-0.9511897312113419,-0.1420960445125053,-0.23192034667290004,-0.30560444605526793,-0.34099716973523675,-0.24173208127588555,-0.2581988897471611,-0.20301416340319547,-0.5869734364739604,3.0352538538723257,-0.3156839517433792,-0.26726124191242434,-0.20577968041807276,1.508791076307582,-0.49837186151879204,-0.8182696483380675,-0.4114677687570971,-0.5210788604500733,-0.37976217386784894,-0.42008402520840293,-0.4097355387061661,-0.46885190548373656,0.7480291560563208
-2.505209460996352,-1.1713649620055988,0.22607216234682218,-1.8806942594520688,-1.0372180062905088,-0.7660136157433054,1.0841080059850763,1.091361811997691,1.6551957499138643,1.513599108080167,1.5945016225624369,0.44410051940577494,0.24245617888536294,0.31965825609369647,-0.21654569785255828,-0.1764916480346692,-0.282603993023614,-0.2895109030977297,1.0447503376280172,-0.9511897312113419,-0.1420960445125053,-0.23192034667290004,-0.30560444605526793,-0.34099716973523675,-0.24173208127588555,-0.2581988897471611,-0.20301416340319547,-0.5869734364739604,-0.32946173471593376,3.1677251709421848,-0.26726124191242434,-0.20577968041807276,-0.6627822868937354,2.0065338298845607,-0.8182696483380675,-0.4114677687570971,-0.5210788604500733,-0.37976217386784894,2.3804761428476167,-0.4097355387061661,-0.46885190548373656,-0.9183960688063274
2.154831738664495,1.662577404392838,-0.4386423119347994,0.28466473977309453,1.499671894445514,-0.7660136157433054,-0.3689232085671262,0.1488707476620992,-0.6687353943893308,-0.4982460200014673,-0.6271552100354432,0.539222451273143,0.706117397470918,0.31965825609369647,-0.21654569785255828,-0.1764916480346692,-0.282603993023614,-0.3022361979149559,-0.9571664769885428,1.0513149660756937,-0.1420960445125053,4.3118252207961625,-0.30560444605526793,-0.34099716973523675,-0.24173208127588555,-0.2581988897471611,-0.20301416340319547,-0.5869734364739604,-0.32946173471593376,-0.3156839517433792,-0.26726124191242434,-0.20577968041807276,-0.6627822868937354,-0.49837186151879204,1.2220910332321786,2.430324015464581,-0.5210788604500733,-0.37976217386784894,-0.42008402520840293,-0.4097355387061661,-0.46885190548373656,0.1787411402200032
-0.02825062514058655,0.09905204063617316,1.5555011109100654,-1.3168084464869028,0.8654494192615079,-0.7660136157433054,0.10431976842816287,-0.9976227115513262,0.20273878472436738,1.0106378260597584,1.5945016225624369,0.44410051940577494,0.24245617888536294,0.31965825609369647,-0.21654569785255828,-0.1764916480346692,-0.282603993023614,0.9928580812846345,1.0447503376280172,-0.9511897312113419,-0.1420960445125053,-0.23192034667290004,3.272203702884454,-0.34099716973523675,-0.24173208127588555,-0.2581988897471611,-0.20301416340319547,-0.5869734364739604,-0.32946173471593376,-0.3156839517433792,-0.26726124191242434,-0.20577968041807276,-0.6627822868937354,-0.49837186151879204,1.2220910332321786,-0.4114677687570971,-0.5210788604500733,-0.37976217386784894,-0.42008402520840293,-0.4097355387061661,2.1328696509578076,-1.1801189321895653
-0.6999682755421501,1.6063021381782714,1.5555011109100654,1.2387390040392932,0.07267132528150075,-0.7660136157433054,0.03245694599554491,1.103601955690361,0.4932301777622668,0.5076765440393498,-0.6271552100354432,0.15873472380367074,0.24245617888536294,0.31965825609369647,-0.21654569785255828,-0.1764916480346692,-0.282603993023614,1.6491143837306097,1.0447503376280172,-0.9511897312113419,-0.1420960445125053,-0.23192034667290004,-0.30560444605526793,-0.34099716973523675,-0.24173208127588555,-0.2581988897471611,-0.20301416340319547,1.7036546083024706,-0.32946173471593376,-0.3156839517433792,-0.26726124191242434,-0.20577968041807276,1.508791076307582,-0.49837186151879204,-0.8182696483380675,-0.4114677687570971,-0.5210788604500733,-0.37976217386784894,2.3804761428476167,-0.4097355387061661,-0.46885190548373656,-0.6998723273473545
-0.3641094503413683,-1.356909008174343,0.22607216234682218,0.6970802985915902,-1.6714404814745143,1.3054598240132387,-1.6764760264874434,-0.9384620170367545,-0.6687353943893308,1.513599108080167,1.5945016225624369,-0.031509139931065404,-0.22120503970019206,0.31965825609369647,-0.21654569785255828,-0.1764916480346692,-0.282603993023614,0.37245324851789163,-0.9571664769885428,1.0513149660756937,-0.1420960445125053,-0.23192034667290004,-0.30560444605526793,-0.34099716973523675,-0.24173208127588555,-0.2581988897471611,-0.20301416340319547,-0.5869734364739604,-0.32946173471593376,-0.3156839517433792,-0.26726124191242434,4.859566299103718,-0.6627822868937354,2.0065338298845607,-0.8182696483380675,-0.4114677687570971,1.919095315316124,-0.37976217386784894,-0.42008402520840293,-0.4097355387061661,-0.46885190548373656,-0.2186731003013229
-0.2801447440411729,-1.85776344392839,-0.7709995490756102,-0.9444300507778012,1.499671894445514,1.3054598240132387,-1.352216949657338,-0.7568998855954825,1.0742129638380655,0.004715262018941286,-0.6271552100354432,0.44410051940577494,0.24245617888536294,0.31965825609369647,-0.21654569785255828,-0.1764916480346692,-0.282603993023614,-0.9022549902877222,-0.9571664769885428,1.0513149660756937,-0.1420960445125053,-0.23192034667290004,-0.30560444605526793,-0.34099716973523675,-0.24173208127588555,-0.2581988897471611,-0.20301416340319547,-0.5869734364739604,3.0352538538723257,-0.3156839517433792,-0.26726124191242434,-0.20577968041807276,1.508791076307582,-0.49837186151879204,-0.8182696483380675,-0.4114677687570971,-0.5210788604500733,-0.37976217386784894,-0.42008402520840293,2.4405986435975984,-0.46885190548373656,0.06031609633701115
1.0632905567619542,-0.046170199922801185,-1.103356786216421,-2.0243643879780917,-0.5615511499025041,-0.7660136157433054,-0.5319291228655035,-0.1816131320399914,0.20273878472436738,0.5076765440393498,-0.6271552100354432,-0.031509139931065404,-0.22120503970019206,0.31965825609369647,-0.21654569785255828,-0.1764916480346692,-0.282603993023614,-1.463969861687752,-0.9571664769885428,1.0513149660756937,-0.1420960445125053,-0.23192034667290004,-0.30560444605526793,-0.34099716973523675,-0.24173208127588555,-0.2581988897471611,-0.20301416340319547,1.7036546083024706,-0.32946173471593376,-0.3156839517433792,-0.26726124191242434,-0.20577968041807276,-0.6627822868937354,-0.49837186151879204,-0.8182696483380675,-0.4114677687570971,-0.5210788604500733,-0.37976217386784894,-0.42008402520840293,-0.4097355387061661,2.1328696509578076,-0.032599127420026186
0.9793258504617588,-0.3162452817991097,0.8907866366284438,1.5327929140256864,-0.08588429351450011,-0.7660136157433054,-1.16817801415917,-0.17345303624487807,0.20273878472436738,0.004715262018941286,-0.6271552100354432,0.539222451273143,0.706117397470918,0.31965825609369647,-0.21654569785255828,-0.1764916480346692,-0.282603993023614,1.1558440071308835,1.0447503376280172,-0.9511897312113419,-0.1420960445125053,-0.23192034667290004,-0.30560444605526793,-0.34099716973523675,-0.24173208127588555,-0.2581988897471611,-0.20301416340319547,-0.5869734364739604,3.0352538538723257,-0.3156839517433792,-0.26726124191242434,-0.20577968041807276,-0.6627822868937354,-0.49837186151879204,1.2220910332321786,-0.4114677687570971,1.919095315316124,-0.37976217386784894,-0.42008402520840293,-0.4097355387061661,-0.46885190548373656,-0.3775625916034494
-1.0358271007429318,0.30370083485996274,-0.4386423119347994,-2.3542223975262964,1.499671894445514,-0.7660136157433054,0.097308761361566,-0.4304960537909485,0.20273878472436738,-0.4982460200014673,-0.6271552100354432,0.44410051940577494,0.24245617888536294,0.31965825609369647,-0.21654569785255828,-0.1764916480346692,-0.282603993023614,-0.9798938618099309,-0.9571664769885428,1.0513149660756937,-0.1420960445125053,-0.23192034667290004,-0.30560444605526793,-0.34099716973523675,-0.24173208127588555,-0.2581988897471611,-0.20301416340319547,1.7036546083024706,-0.32946173471593376,-0.3156839517433792,-0.26726124191242434,-0.20577968041807276,1.508791076307582,-0.49837186151879204,-0.8182696483380675,-0.4114677687570971,-0.5210788604500733,-0.37976217386784894,-0.42008402520840293,-0.4097355387061661,2.1328696509578076,-0.7422309783458977
-0.3641094503413683,-1.37119210693233,1.2231438737692546,1.1195172936180142,-0.8786623874945072,-0.7660136157433054,-0.928051022128227,-0.21221349127166647,-1.2497181804651296,1.513599108080167,1.5945016225624369,-0.031509139931065404,-0.22120503970019206,0.31965825609369647,-0.21654569785255828,-0.1764916480346692,-0.282603993023614,1.3341074010975587,1.0447503376280172,-0.9511897312113419,-0.1420960445125053,-0.23192034667290004,-0.30560444605526793,-0.34099716973523675,-0.24173208127588555,-0.2581988897471611,-0.20301416340319547,-0.5869734364739604,3.0352538538723257,-0.3156839517433792,-0.26726124191242434,-0.20577968041807276,1.508791076307582,-0.49837186151879204,-0.8182696483380675,-0.4114677687570971,1.919095315316124,-0.37976217386784894,-0.42008402520840293,-0.4097355387061661,-0.46885190548373656,-0.6063508524763461
0.8953611441615633,0.014875406116053029,-0.7709995490756102,0.6667371271722567,1.182560656853511,-0.7660136157433054,-1.1699307659258191,-0.13469258121808966,0.20273878472436738,0.5076765440393498,-0.6271552100354432,0.44410051940577494,0.24245617888536294,0.31965825609369647,-0.21654569785255828,5.665990493802656,-0.282603993023614,-0.48851248098463274,-0.9571664769885428,1.0513149660756937,-0.1420960445125053,-0.23192034667290004,-0.30560444605526793,-0.34099716973523675,-0.24173208127588555,-0.2581988897471611,-0.20301416340319547,-0.5869734364739604,-0.32946173471593376,-0.3156839517433792,3.741657386773941,-0.20577968041807276,-0.6627822868937354,-0.49837186151879204,1.2220910332321786,-0.4114677687570971,-0.5210788604500733,-0.37976217386784894,2.3804761428476167,-0.4097355387061661,-0.46885190548373656,0.7163300272266677
-0.02825062514058655,-1.2642630600945124,-0.7709995490756102,-0.38641791629480104,-0.8786623874945072,-0.7660136157433054,1.042041963585495,1.260683799746293,-1.540209573503029,-0.4982460200014673,-0.6271552100354432,-0.031509139931065404,-0.22120503970019206,0.31965825609369647,4.617962905367348,-0.1764916480346692,-0.282603993023614,-0.7589592827396588,1.0447503376280172,-0.9511897312113419,-0.1420960445125053,-0.23192034667290004,-0.30560444605526793,-0.34099716973523675,-0.24173208127588555,-0.2581988897471611,-0.20301416340319547,1.7036546083024706,-0.32946173471593376,-0.3156839517433792,-0.26726124191242434,-0.20577968041807276,-0.6627822868937354,-0.49837186151879204,-0.8182696483380675,-0.4114677687570971,-0.5210788604500733,2.633226974174589,-0.42008402520840293,-0.4097355387061661,-0.46885190548373656,0.28752016233100447
-0.02825062514058655,0.9550730266442263,0.22607216234682218,1.1550825665536923,1.182560656853511,-0.7660136157433054,0.9999759211859137,2.3418964925988113,-1.2497181804651296,1.0106378260597584,1.5945016225624369,-0.031509139931065404,-0.22120503970019206,0.31965825609369647,4.617962905367348,-0.1764916480346692,-0.282603993023614,0.4900667464878831,1.0447503376280172,-0.9511897312113419,-0.1420960445125053,-0.23192034667290004,-0.30560444605526793,-0.34099716973523675,-0.24173208127588555,-0.2581988897471611,-0.20301416340319547,-0.5869734364739604,-0.32946173471593376,-0.3156839517433792,3.741657386773941,-0.20577968041807276,-0.6627822868937354,2.0065338298845607,-0.8182696483380675,2.430324015464581,-0.5210788604500733,-0.37976217386784894,-0.42008402520840293,-0.4097355387061661,-0.46885190548373656,-0.09435086059247748
-0.6160035692419547,-0.22171092925743247,-0.7709995490756102,0.2187021278946422,-0.5615511499025041,-0.7660136157433054,-0.600286441764823,-0.3284948563520317,0.4932301777622668,-1.001207302021876,-0.6271552100354432,0.2538566556710388,0.24245617888536294,0.31965825609369647,-0.21654569785255828,-0.1764916480346692,-0.282603993023614,-0.6035664166616129,1.0447503376280172,-0.9511897312113419,-0.1420960445125053,-0.23192034667290004,-0.30560444605526793,-0.34099716973523675,-0.24173208127588555,-0.2581988897471611,-0.20301416340319547,-0.5869734364739604,-0.32946173471593376,-0.3156839517433792,3.741657386773941,-0.20577968041807276,-0.6627822868937354,-0.49837186151879204,1.2220910332321786,-0.4114677687570971,-0.5210788604500733,2.633226974174589,-0.42008402520840293,-0.4097355387061661,-0.46885190548373656,0.5339050094664295
1.5670787945631268,1.6216651550367185,-0.1062850747939886,1.5327929140256864,-1.1957736250865103,1.3054598240132387,0.29536971099292775,0.5568755374177666,-0.9592267874272302,-1.001207302021876,-0.6271552100354432,0.539222451273143,0.706117397470918,0.31965825609369647,-0.21654569785255828,-0.1764916480346692,-0.282603993023614,0.3026703057028273,1.0447503376280172,-0.9511897312113419,-0.1420960445125053,-0.23192034667290004,-0.30560444605526793,-0.34099716973523675,-0.24173208127588555,-0.2581988897471611,-0.20301416340319547,1.7036546083024706,-0.32946173471593376,-0.3156839517433792,-0.26726124191242434,-0.20577968041807276,-0.6627822868937354,-0.49837186151879204,1.2220910332321786,2.430324015464581,-0.5210788604500733,-0.37976217386784894,-0.42008402520840293,-0.4097355387061661,-0.46885190548373656,0.2733722458839589
0.4755376126605861,0.26934238594433907,-1.7680712604980426,-0.47610062747737736,0.5483381816695062,-0.7660136157433054,0.5214746888906769,-0.39173559876416014,1.364704356875965,1.0106378260597584,1.5945016225624369,0.539222451273143,0.706117397470918,0.31965825609369647,-0.21654569785255828,-0.1764916480346692,-0.282603993023614,-1.6351632137265093,-0.9571664769885428,1.0513149660756937,-0.1420960445125053,-0.23192034667290004,-0.30560444605526793,2.932575659723036,-0.24173208127588555,-0.2581988897471611,-0.20301416340319547,-0.5869734364739604,-0.32946173471593376,-0.3156839517433792,-0.26726124191242434,-0.20577968041807276,-0.6627822868937354,2.0065338298845607,-0.8182696483380675,-0.4114677687570971,-0.5210788604500733,-0.37976217386784894,-0.42008402520840293,-0.4097355387061661,2.1328696509578076,2.6153974881698034
-0.6160035692419547,-0.35746280573721156,1.2231438737692546,0.1979247881342941,-0.2444399123105017,1.3054598240132387,0.5477659653904152,0.19171125058644428,1.0742129638380655,0.5076765440393498,-0.6271552100354432,-3.075410959686844,-3.003172351213522,-3.1283409107596607,-0.21654569785255828,-0.1764916480346692,-0.282603993023614,1.0974454326860004,1.0447503376280172,-0.9511897312113419,-0.1420960445125053,-0.23192034667290004,-0.30560444605526793,-0.34099716973523675,-0.24173208127588555,-0.2581988897471611,-0.20301416340319547,-0.5869734364739604,3.0352538538723257,-0.3156839517433792,-0.26726124191242434,-0.20577968041807276,-0.6627822868937354,2.0065338298845607,-0.8182696483380675,-0.4114677687570971,-0.5210788604500733,-0.37976217386784894,2.3804761428476167,-0.4097355387061661,-0.46885190548373656,-0.7939718301361712
-1.0358271007429318,0.791227896347527,1.8878583480508762,0.8424608792091162,0.07267132528150075,-0.7660136157433054,-1.5012008498225216,-1.1832648908901549,-1.540209573503029,0.5076765440393498,-0.6271552100354432,0.44410051940577494,0.24245617888536294,0.31965825609369647,-0.21654569785255828,-0.1764916480346692,-0.282603993023614,1.8317426794705742,-0.9571664769885428,1.0513149660756937,-0.1420960445125053,-0.23192034667290004,-0.30560444605526793,-0.34099716973523675,-0.24173208127588555,-0.2581988897471611,-0.20301416340319547,-0.5869734364739604,3.0352538538723257,-0.3156839517433792,-0.26726124191242434,-0.20577968041807276,-0.6627822868937354,-0.49837186151879204,1.2220910332321786,-0.4114677687570971,1.919095315316124,-0.37976217386784894,-0.42008402520840293,-0.4097355387061661,-0.46885190548373656,-0.8699883623577916
-2.2952976952458637,-1.2280800904695655,-0.4386423119347994,-0.0621863451196714,-0.40299553110650327,1.3054598240132387,1.3750647992488465,1.3994054282632198,0.20273878472436738,-1.001207302021876,-0.6271552100354432,0.44410051940577494,0.24245617888536294,0.31965825609369647,-0.21654569785255828,-0.1764916480346692,-0.282603993023614,-0.3913064323276381,1.0447503376280172,-0.9511897312113419,-0.1420960445125053,-0.23192034667290004,-0.30560444605526793,-0.34099716973523675,-0.24173208127588555,-0.2581988897471611,4.925764701519638,-0.5869734364739604,-0.32946173471593376,-0.3156839517433792,-0.26726124191242434,-0.20577968041807276,1.508791076307582,-0.49837186151879204,-0.8182696483380675,-0.4114677687570971,1.919095315316124,-0.37976217386784894,-0.42008402520840293,-0.4097355387061661,-0.46885190548373656,0.05769004486793597
0.22364349375999978,-0.6118612445311467,0.5584293994876329,-0.021406287928598,0.5483381816695062,-0.7660136157433054,-0.8579409514622582,-0.8303407477515026,-1.540209573503029,-1.001207302021876,-0.6271552100354432,-0.031509139931065404,-0.22120503970019206,0.31965825609369647,-0.21654569785255828,-0.1764916480346692,-0.282603993023614,0.47233945561381596,-0.9571664769885428,1.0513149660756937,-0.1420960445125053,-0.23192034667290004,-0.30560444605526793,-0.34099716973523675,-0.24173208127588555,-0.2581988897471611,-0.20301416340319547,1.7036546083024706,-0.32946173471593376,-0.3156839517433792,-0.26726124191242434,-0.20577968041807276,-0.6627822868937354,-0.49837186151879204,1.2220910332321786,-0.4114677687570971,-0.5210788604500733,-0.37976217386784894,-0.42008402520840293,-0.4097355387061661,2.1328696509578076,-0.5836710426001637
0.39157290636039066,0.18169807416426967,-0.7709995490756102,0.5826085294630794,-0.7201067686985057,-0.7660136157433054,-0.9613533056945621,-0.3692953353275984,-0.9592267874272302,0.5076765440393498,-0.6271552100354432,0.44410051940577494,0.24245617888536294,0.31965825609369647,-0.21654569785255828,-0.1764916480346692,-0.282603993023614,-0.5101164322050343,1.0447503376280172,-0.9511897312113419,-0.1420960445125053,-0.23192034667290004,-0.30560444605526793,-0.34099716973523675,-0.24173208127588555,-0.2581988897471611,-0.20301416340319547,-0.5869734364739604,-0.32946173471593376,-0.3156839517433792,-0.26726124191242434,-0.20577968041807276,-0.6627822868937354,-0.49837186151879204,1.2220910332321786,-0.4114677687570971,-0.5210788604500733,-0.37976217386784894,-0.42008402520840293,-0.4097355387061661,2.1328696509578076,0.6820756476447483
0.9793258504617588,1.145027236179585,0.5584293994876329,-0.25613417785231046,0.706893800465507,-0.7660136157433054,0.4636338805912527,-0.7181394305686941,1.6551957499138643,0.004715262018941286,-0.6271552100354432,0.2538566556710388,0.24245617888536294,0.31965825609369647,-0.21654569785255828,-0.1764916480346692,-0.282603993023614,0.4120620942638775,-0.9571664769885428,1.0513149660756937,-0.1420960445125053,4.3118252207961625,-0.30560444605526793,-0.34099716973523675,-0.24173208127588555,-0.2581988897471611,-0.20301416340319547,-0.5869734364739604,-0.32946173471593376,-0.3156839517433792,-0.26726124191242434,-0.20577968041807276,-0.6627822868937354,-0.49837186151879204,1.2220910332321786,-0.4114677687570971,-0.5210788604500733,-0.37976217386784894,-0.42008402520840293,2.4405986435975984,-0.46885190548373656,-0.6410150977171041
0.4755376126605861,-1.0965496351307178,-1.4357140233572319,0.3939237563011438,-0.2444399123105017,-0.7660136157433054,-0.4320222721664981,0.5854358727006633,-0.37824400135143144,0.004715262018941286,-0.6271552100354432,-3.075410959686844,-3.003172351213522,-3.1283409107596607,-0.21654569785255828,-0.1764916480346692,-0.282603993023614,-1.1273525380207567,1.0447503376280172,-0.9511897312113419,-0.1420960445125053,-0.23192034667290004,-0.30560444605526793,-0.34099716973523675,-0.24173208127588555,-0.2581988897471611,-0.20301416340319547,1.7036546083024706,-0.32946173471593376,-0.3156839517433792,-0.26726124191242434,-0.20577968041807276,-0.6627822868937354,-0.49837186151879204,1.2220910332321786,-0.4114677687570971,-0.5210788604500733,-0.37976217386784894,-0.42008402520840293,2.4405986435975984,-0.46885190548373656,1.9645685951891025
0.13967878745980433,0.3296714443963347,-0.7709995490756102,0.32347002010500964,-0.8786623874945072,-0.7660136157433054,0.842228262187484,-0.4304960537909485,-0.37824400135143144,0.5076765440393498,-0.6271552100354432,0.44410051940577494,0.24245617888536294,0.31965825609369647,-0.21654569785255828,-0.1764916480346692,-0.282603993023614,-0.5766623615078428,-0.9571664769885428,1.0513149660756937,-0.1420960445125053,-0.23192034667290004,-0.30560444605526793,-0.34099716973523675,-0.24173208127588555,-0.2581988897471611,-0.20301416340319547,-0.5869734364739604,3.0352538538723257,-0.3156839517433792,-0.26726124191242434,-0.20577968041807276,-0.6627822868937354,-0.49837186151879204,1.2220910332321786,-0.4114677687570971,-0.5210788604500733,-0.37976217386784894,-0.42008402520840293,2.4405986435975984,-0.46885190548373656,0.576563026424914
-0.02825062514058655,-0.09243953024105271,1.2231438737692546,0.4456765389235,-1.3543292438825112,-0.7660136157433054,-0.9262982703615777,0.12031041237920248,-1.2497181804651296,1.0106378260597584,1.5945016225624369,-0.031509139931065404,-0.22120503970019206,0.31965825609369647,-0.21654569785255828,-0.1764916480346692,-0.282603993023614,1.1610672792942351,-0.9571664769885428,-0.9511897312113419,-0.1420960445125053,-0.23192034667290004,-0.30560444605526793,-0.34099716973523675,-0.24173208127588555,-0.2581988897471611,-0.20301416340319547,-0.5869734364739604,-0.32946173471593376,-0.3156839517433792,3.741657386773941,-0.20577968041807276,1.508791076307582,-0.49837186151879204,-0.8182696483380675,2.430324015464581,-0.5210788604500733,-0.37976217386784894,-0.42008402520840293,-0.4097355387061661,-0.46885190548373656,-0.7435336750693543
-0.19618003774097745,1.7899473330309645,-1.103356786216421,1.1487753213185166,0.07267132528150075,-0.7660136157433054,1.3820758063154435,-1.001702759448883,0.20273878472436738,0.5076765440393498,-0.6271552100354432,0.539222451273143,0.706117397470918,0.31965825609369647,-0.21654569785255828,-0.1764916480346692,3.53852041969004,-0.6491178688833469,1.0447503376280172,-0.9511897312113419,-0.1420960445125053,-0.23192034667290004,-0.30560444605526793,-0.34099716973523675,-0.24173208127588555,3.8729833462074166,-0.20301416340319547,-0.5869734364739604,-0.32946173471593376,-0.3156839517433792,-0.26726124191242434,-0.20577968041807276,1.508791076307582,-0.49837186151879204,-0.8182696483380675,-0.4114677687570971,1.919095315316124,-0.37976217386784894,-0.42008402520840293,-0.4097355387061661,-0.46885190548373656,1.5177977891355237
-0.5320388629417592,1.7899473330309645,-1.103356786216421,-0.9951244528599793,-2.1471073378625185,1.3054598240132387,-1.7045200547538308,-1.0669835258097897,-0.37824400135143144,-1.001207302021876,-0.6271552100354432,0.539222451273143,0.706117397470918,0.31965825609369647,-0.21654569785255828,-0.1764916480346692,-0.282603993023614,-1.199664382244875,-0.9571664769885428,1.0513149660756937,-0.1420960445125053,-0.23192034667290004,-0.30560444605526793,-0.34099716973523675,-0.24173208127588555,-0.2581988897471611,-0.20301416340319547,1.7036546083024706,-0.32946173471593376,-0.3156839517433792,-0.26726124191242434,-0.20577968041807276,-0.6627822868937354,-0.49837186151879204,1.2220910332321786,-0.4114677687570971,-0.5210788604500733,-0.37976217386784894,-0.42008402520840293,2.4405986435975984,-0.46885190548373656,0.47028778207463406
1.8189729134637131,0.43210224298149846,0.8907866366284438,0.7796990400034202,-2.30566295665852,1.3054598240132387,-0.8298969231958707,-0.27341420973501657,1.6551957499138643,1.513599108080167,1.5945016225624369,-0.031509139931065404,-0.22120503970019206,0.31965825609369647,-0.21654569785255828,-0.1764916480346692,-0.282603993023614,0.9624519411534719,1.0447503376280172,-0.9511897312113419,-0.1420960445125053,-0.23192034667290004,-0.30560444605526793,-0.34099716973523675,-0.24173208127588555,-0.2581988897471611,-0.20301416340319547,-0.5869734364739604,-0.32946173471593376,-0.3156839517433792,-0.26726124191242434,-0.20577968041807276,-0.6627822868937354,-0.49837186151879204,1.2220910332321786,-0.4114677687570971,-0.5210788604500733,-0.37976217386784894,-0.42008402520840293,-0.4097355387061661,2.1328696509578076,-0.5448179869085813
-0.02825062514058655,0.21256829630223023,0.22607216234682218,-0.8542763358841103,-0.7201067686985057,1.3054598240132387,-0.12529071300288477,0.8669591776320739,1.364704356875965,0.004715262018941286,-0.6271552100354432,0.539222451273143,0.706117397470918,0.31965825609369647,4.617962905367348,-0.1764916480346692,-0.282603993023614,-0.025930107074440358,1.0447503376280172,-0.9511897312113419,-0.1420960445125053,-0.23192034667290004,-0.30560444605526793,2.932575659723036,-0.24173208127588555,-0.2581988897471611,-0.20301416340319547,-0.5869734364739604,-0.32946173471593376,-0.3156839517433792,-0.26726124191242434,-0.20577968041807276,-0.6627822868937354,2.0065338298845607,-0.8182696483380675,-0.4114677687570971,-0.5210788604500733,-0.37976217386784894,-0.42008402520840293,-0.4097355387061661,2.1328696509578076,-0.6397804722000897
1.4831140882629315,0.8229354142342833,-0.1062850747939886,-0.8715288527943728,1.3411162756495132,-0.7660136157433054,0.9351241058198926,0.6527566630103484,-0.9592267874272302,-1.5041685840422845,-0.6271552100354432,-0.031509139931065404,-0.22120503970019206,0.31965825609369647,-0.21654569785255828,-0.1764916480346692,-0.282603993023614,-0.31475173130878065,1.0447503376280172,-0.9511897312113419,-0.1420960445125053,-0.23192034667290004,-0.30560444605526793,-0.34099716973523675,-0.24173208127588555,-0.2581988897471611,-0.20301416340319547,1.7036546083024706,-0.32946173471593376,-0.3156839517433792,-0.26726124191242434,-0.20577968041807276,-0.6627822868937354,-0.49837186151879204,1.2220910332321786,-0.4114677687570971,1.919095315316124,-0.37976217386784894,-0.42008402520840293,-0.4097355387061661,-0.46885190548373656,-0.46084791836771266
1.1472552630621498,0.9219064078237245,-0.1062850747939886,0.06803406846495233,-1.1957736250865103,1.3054598240132387,1.1419488142845005,2.146054193516091,1.364704356875965,-1.001207302021876,-0.6271552100354432,-3.075410959686844,-3.003172351213522,-3.1283409107596607,-0.21654569785255828,-0.1764916480346692,-0.282603993023614,-0.0734750183704144,1.0447503376280172,-0.9511897312113419,-0.1420960445125053,4.3118252207961625,-0.30560444605526793,-0.34099716973523675,-0.24173208127588555,-0.2581988897471611,-0.20301416340319547,-0.5869734364739604,-0.32946173471593376,-0.3156839517433792,-0.26726124191242434,-0.20577968041807276,1.508791076307582,-0.49837186151879204,-0.8182696483380675,-0.4114677687570971,-0.5210788604500733,-0.37976217386784894,-0.42008402520840293,-0.4097355387061661,2.1328696509578076,-0.17392873313561788
-1.6235800448443,-1.1714600857433044,1.8878583480508762,0.4866416887817866,0.07267132528150075,1.3054598240132387,-1.0945624399599028,-0.38153547902026846,-0.37824400135143144,0.004715262018941286,-0.6271552100354432,0.15873472380367074,0.24245617888536294,0.31965825609369647,-0.21654569785255828,-0.1764916480346692,-0.282603993023614,1.7403694646233683,1.0447503376280172,-0.9511897312113419,-0.1420960445125053,-0.23192034667290004,-0.30560444605526793,-0.34099716973523675,-0.24173208127588555,-0.2581988897471611,-0.20301416340319547,-0.5869734364739604,-0.32946173471593376,3.1677251709421848,-0.26726124191242434,-0.20577968041807276,-0.6627822868937354,-0.49837186151879204,1.2220910332321786,-0.4114677687570971,1.919095315316124,-0.37976217386784894,-0.42008402520840293,-0.4097355387061661,-0.46885190548373656,-0.9320788453122133
1.399149381962736,1.3765299069105261,-0.7709995490756102,-0.3062632082087471,1.499671894445514,-0.7660136157433054,-0.5810061723316817,-0.6569387121053439,0.4932301777622668,0.5076765440393498,-0.6271552100354432,0.44410051940577494,0.24245617888536294,0.31965825609369647,-0.21654569785255828,-0.1764916480346692,-0.282603993023614,-0.7383758134946019,-0.9571664769885428,1.0513149660756937,-0.1420960445125053,-0.23192034667290004,-0.30560444605526793,-0.34099716973523675,-0.24173208127588555,-0.2581988897471611,-0.20301416340319547,-0.5869734364739604,-0.32946173471593376,3.1677251709421848,-0.26726124191242434,-0.20577968041807276,-0.6627822868937354,-0.49837186151879204,-0.8182696483380675,-0.4114677687570971,-0.5210788604500733,-0.37976217386784894,2.3804761428476167,-0.4097355387061661,-0.46885190548373656,0.3201565056294992
-0.6999682755421501,0.7213204917555823,2.5525728223324977,1.4836203202795708,0.5483381816695062,-0.7660136157433054,0.4163095828917238,0.01830921494028562,-1.540209573503029,-0.4982460200014673,-0.6271552100354432,0.15873472380367074,0.24245617888536294,0.31965825609369647,-0.21654569785255828,-0.1764916480346692,-0.282603993023614,2.565172813478173,1.0447503376280172,-0.9511897312113419,-0.1420960445125053,-0.23192034667290004,-0.30560444605526793,2.932575659723036,-0.24173208127588555,-0.2581988897471611,-0.20301416340319547,-0.5869734364739604,-0.32946173471593376,-0.3156839517433792,-0.26726124191242434,-0.20577968041807276,-0.6627822868937354,-0.49837186151879204,1.2220910332321786,-0.4114677687570971,-0.5210788604500733,-0.37976217386784894,-0.42008402520840293,2.4405986435975984,-0.46885190548373656,-0.9275163340557372
0.9793258504617588,1.7722549098990033,-0.4386423119347994,-1.2067442469072016,-0.2444399123105017,-0.7660136157433054,0.2743366897931371,1.3626849971852097,-0.6687353943893308,1.513599108080167,1.5945016225624369,0.44410051940577494,0.24245617888536294,0.31965825609369647,-0.21654569785255828,-0.1764916480346692,-0.282603993023614,-0.6852251918512579,1.0447503376280172,-0.9511897312113419,-0.1420960445125053,-0.23192034667290004,-0.30560444605526793,-0.34099716973523675,-0.24173208127588555,-0.2581988897471611,-0.20301416340319547,-0.5869734364739604,-0.32946173471593376,3.1677251709421848,-0.26726124191242434,-0.20577968041807276,-0.6627822868937354,2.0065338298845607,-0.8182696483380675,-0.4114677687570971,-0.5210788604500733,-0.37976217386784894,-0.42008402520840293,-0.4097355387061661,2.1328696509578076,-0.3417608830369856
0.643467025260977,0.10173826769894417,-0.1062850747939886,-0.6833965752408938,1.499671894445514,1.3054598240132387,0.45311736999135743,-0.8140205561612759,1.6551957499138643,-0.4982460200014673,-0.6271552100354432,0.539222451273143,0.706117397470918,0.31965825609369647,-0.21654569785255828,-0.1764916480346692,-0.282603993023614,-0.26643997219330634,-0.9571664769885428,1.0513149660756937,-0.1420960445125053,-0.23192034667290004,-0.30560444605526793,-0.34099716973523675,-0.24173208127588555,-0.2581988897471611,4.925764701519638,-0.5869734364739604,-0.32946173471593376,-0.3156839517433792,-0.26726124191242434,-0.20577968041807276,-0.6627822868937354,2.0065338298845607,-0.8182696483380675,-0.4114677687570971,1.919095315316124,-0.37976217386784894,-0.42008402520840293,-0.4097355387061661,-0.46885190548373656,-0.40339699244233335
-0.6160035692419547,-1.0644347843378084,0.5584293994876329,0.5872983437523954,1.182560656853511,-0.7660136157433054,-1.0139358586940388,-0.08573200644740957,-0.6687353943893308,1.513599108080167,1.5945016225624369,0.15873472380367074,0.24245617888536294,0.31965825609369647,-0.21654569785255828,-0.1764916480346692,-0.282603993023614,0.6286528321415957,-0.9571664769885428,1.0513149660756937,-0.1420960445125053,-0.23192034667290004,-0.30560444605526793,-0.34099716973523675,-0.24173208127588555,-0.2581988897471611,-0.20301416340319547,1.7036546083024706,-0.32946173471593376,-0.3156839517433792,-0.26726124191242434,-0.20577968041807276,-0.6627822868937354,-0.49837186151879204,1.2220910332321786,2.430324015464581,-0.5210788604500733,-0.37976217386784894,-0.42008402520840293,-0.4097355387061661,-0.46885190548373656,-0.43496441911202055
0.13967878745980433,0.6606468544258842,1.2231438737692546,-0.037782661002904346,0.8654494192615079,1.3054598240132387,0.4075458240584777,0.4242739807471747,-1.540209573503029,-1.5041685840422845,-0.6271552100354432,0.2538566556710388,0.706117397470918,0.31965825609369647,-0.21654569785255828,-0.1764916480346692,-0.282603993023614,1.036916523704913,-0.9571664769885428,1.0513149660756937,-0.1420960445125053,-0.23192034667290004,-0.30560444605526793,-0.34099716973523675,-0.24173208127588555,-0.2581988897471611,-0.20301416340319547,-0.5869734364739604,-0.32946173471593376,3.1677251709421848,-0.26726124191242434,-0.20577968041807276,-0.6627822868937354,-0.49837186151879204,1.2220910332321786,-0.4114677687570971,-0.5210788604500733,-0.37976217386784894,-0.42008402520840293,2.4405986435975984,-0.46885190548373656,-0.8419579647734238
-0.9518623944427365,0.8821018400692305,-0.1062850747939886,1.2968358962114714,0.8654494192615079,-0.7660136157433054,0.4776558947244465,-0.6589787360541223,1.6551957499138643,-0.4982460200014673,-0.6271552100354432,-0.031509139931065404,-0.22120503970019206,0.31965825609369647,-0.21654569785255828,-0.1764916480346692,-0.282603993023614,0.24207730829436472,1.0447503376280172,-0.9511897312113419,-0.1420960445125053,-0.23192034667290004,-0.30560444605526793,-0.34099716973523675,-0.24173208127588555,-0.2581988897471611,-0.20301416340319547,-0.5869734364739604,-0.32946173471593376,-0.3156839517433792,3.741657386773941,-0.20577968041807276,1.508791076307582,-0.49837186151879204,-0.8182696483380675,-0.4114677687570971,-0.5210788604500733,-0.37976217386784894,-0.42008402520840293,-0.4097355387061661,2.1328696509578076,0.20131683185132737
-1.2877212196435182,-1.22249430186716,-0.7709995490756102,0.5532137733355924,-2.1471073378625185,-0.7660136157433054,-1.3557224531906364,-0.5651376344103188,1.0742129638380655,1.0106378260597584,1.5945016225624369,0.44410051940577494,0.24245617888536294,0.31965825609369647,-0.21654569785255828,-0.1764916480346692,-0.282603993023614,-0.517664910306489,1.0447503376280172,-0.9511897312113419,-0.1420960445125053,-0.23192034667290004,-0.30560444605526793,-0.34099716973523675,-0.24173208127588555,-0.2581988897471611,-0.20301416340319547,1.7036546083024706,-0.32946173471593376,-0.3156839517433792,-0.26726124191242434,-0.20577968041807276,1.508791076307582,-0.49837186151879204,-0.8182696483380675,-0.4114677687570971,-0.5210788604500733,-0.37976217386784894,-0.42008402520840293,2.4405986435975984,-0.46885190548373656,0.6701070761776512
-0.6160035692419547,-2.4621702271725074,-1.103356786216421,-1.598937344584418,1.02400503805751,-0.7660136157433054,-1.105078950559798,-0.10613224593519294,-0.37824400135143144,-0.4982460200014673,-0.6271552100354432,0.2538566556710388,0.24245617888536294,0.31965825609369647,-0.21654569785255828,-0.1764916480346692,-0.282603993023614,-1.3547215758065527,1.0447503376280172,-0.9511897312113419,-0.1420960445125053,-0.23192034667290004,-0.30560444605526793,-0.34099716973523675,-0.24173208127588555,-0.2581988897471611,-0.20301416340319547,-0.5869734364739604,-0.32946173471593376,-0.3156839517433792,-0.26726124191242434,-0.20577968041807276,-0.6627822868937354,-0.49837186151879204,1.2220910332321786,-0.4114677687570971,1.919095315316124,-0.37976217386784894,-0.42008402520840293,-0.4097355387061661,-0.46885190548373656,0.17526464055856872
-0.6160035692419547,0.17551462688680314,-1.4357140233572319,-0.7586148114215852,-0.7201067686985057,1.3054598240132387,-0.24447783313503166,0.58951592059822,-1.540209573503029,-1.001207302021876,-0.6271552100354432,0.2538566556710388,0.24245617888536294,0.31965825609369647,-0.21654569785255828,-0.1764916480346692,-0.282603993023614,-1.4233207066901985,-0.9571664769885428,1.0513149660756937,-0.1420960445125053,-0.23192034667290004,-0.30560444605526793,-0.34099716973523675,-0.24173208127588555,-0.2581988897471611,-0.20301416340319547,-0.5869734364739604,-0.32946173471593376,-0.3156839517433792,3.741657386773941,-0.20577968041807276,-0.6627822868937354,2.0065338298845607,-0.8182696483380675,2.430324015464581,-0.5210788604500733,-0.37976217386784894,-0.42008402520840293,-0.4097355387061661,-0.46885190548373656,1.260655276948866
1.4831140882629315,-0.062080827196241535,1.8878583480508762,0.08504460482952295,1.499671894445514,-0.7660136157433054,0.64942556785607,0.5854358727006633,0.7837215708001662,-0.4982460200014673,-0.6271552100354432,-0.031509139931065404,-0.22120503970019206,0.31965825609369647,-0.21654569785255828,-0.1764916480346692,-0.282603993023614,1.637240635090842,-0.9571664769885428,1.0513149660756937,-0.1420960445125053,-0.23192034667290004,-0.30560444605526793,-0.34099716973523675,-0.24173208127588555,-0.2581988897471611,-0.20301416340319547,-0.5869734364739604,-0.32946173471593376,-0.3156839517433792,-0.26726124191242434,-0.20577968041807276,-0.6627822868937354,-0.49837186151879204,1.2220910332321786,-0.4114677687570971,1.919095315316124,-0.37976217386784894,-0.42008402520840293,-0.4097355387061661,-0.46885190548373656,-1.0021575750899323
-1.2877212196435182,1.27682287843384,0.8907866366284438,0.9823271903937133,-1.1957736250865103,1.3054598240132387,0.011423924795754282,-1.0710635737073464,0.7837215708001662,-0.4982460200014673,-0.6271552100354432,0.15873472380367074,0.24245617888536294,0.31965825609369647,-0.21654569785255828,-0.1764916480346692,-0.282603993023614,1.014486193430502,1.0447503376280172,-0.9511897312113419,-0.1420960445125053,-0.23192034667290004,-0.30560444605526793,-0.34099716973523675,-0.24173208127588555,-0.2581988897471611,-0.20301416340319547,-0.5869734364739604,-0.32946173471593376,-0.3156839517433792,3.741657386773941,-0.20577968041807276,-0.6627822868937354,-0.49837186151879204,1.2220910332321786,-0.4114677687570971,-0.5210788604500733,-0.37976217386784894,2.3804761428476167,-0.4097355387061661,-0.46885190548373656,-0.49981609197552795
-0.02825062514058655,0.7281640612795731,-1.4357140233572319,0.32290156897011196,-0.8786623874945072,-0.7660136157433054,-1.5187283674890137,-0.6712188797467923,-1.540209573503029,-1.5041685840422845,-0.6271552100354432,0.44410051940577494,0.24245617888536294,0.31965825609369647,4.617962905367348,-0.1764916480346692,-0.282603993023614,-1.1455908055355675,1.0447503376280172,-0.9511897312113419,-0.1420960445125053,4.3118252207961625,-0.30560444605526793,-0.34099716973523675,-0.24173208127588555,-0.2581988897471611,-0.20301416340319547,-0.5869734364739604,-0.32946173471593376,-0.3156839517433792,-0.26726124191242434,-0.20577968041807276,1.508791076307582,-0.49837186151879204,-0.8182696483380675,-0.4114677687570971,-0.5210788604500733,-0.37976217386784894,-0.42008402520840293,-0.4097355387061661,2.1328696509578076,1.9211917703669648
-0.02825062514058655,-3.465425919974497,2.5525728223324977,1.5327929140256864,-1.5128848626785127,-0.7660136157433054,-1.1786945247590652,-0.6548986881565656,0.20273878472436738,-0.4982460200014673,-0.6271552100354432,-3.075410959686844,-3.003172351213522,-3.1283409107596607,-0.21654569785255828,-0.1764916480346692,-0.282603993023614,2.577800176177644,1.0447503376280172,-0.9511897312113419,-0.1420960445125053,-0.23192034667290004,-0.30560444605526793,2.932575659723036,-0.24173208127588555,-0.2581988897471611,-0.20301416340319547,-0.5869734364739604,-0.32946173471593376,-0.3156839517433792,-0.26726124191242434,-0.20577968041807276,-0.6627822868937354,-0.49837186151879204,1.2220910332321786,-0.4114677687570971,1.919095315316124,-0.37976217386784894,-0.42008402520840293,-0.4097355387061661,-0.46885190548373656,-0.920008289509623
0.5595023189607815,-1.2689752230127842,-1.103356786216421,0.10190193851108907,1.02400503805751,-0.7660136157433054,-1.455629303889642,-0.8935814901636311,1.6551957499138643,1.513599108080167,1.5945016225624369,0.44410051940577494,0.24245617888536294,0.31965825609369647,-0.21654569785255828,-0.1764916480346692,-0.282603993023614,-0.9179515605406284,-0.9571664769885428,1.0513149660756937,-0.1420960445125053,-0.23192034667290004,-0.30560444605526793,-0.34099716973523675,-0.24173208127588555,-0.2581988897471611,-0.20301416340319547,1.7036546083024706,-0.32946173471593376,-0.3156839517433792,-0.26726124191242434,-0.20577968041807276,-0.6627822868937354,2.0065338298845607,-0.8182696483380675,-0.4114677687570971,-0.5210788604500733,-0.37976217386784894,-0.42008402520840293,2.4405986435975984,-0.46885190548373656,1.006295172350806
-1.0358271007429318,-1.481105347176171,-1.7680712604980426,-0.6224693914717027,1.182560656853511,1.3054598240132387,1.1331850554512544,-0.44273619748361853,1.6551957499138643,1.513599108080167,1.5945016225624369,0.539222451273143,0.706117397470918,0.31965825609369647,-0.21654569785255828,-0.1764916480346692,-0.282603993023614,-1.672750237920767,1.0447503376280172,-0.9511897312113419,-0.1420960445125053,-0.23192034667290004,-0.30560444605526793,-0.34099716973523675,-0.24173208127588555,-0.2581988897471611,-0.20301416340319547,-0.5869734364739604,-0.32946173471593376,-0.3156839517433792,3.741657386773941,-0.20577968041807276,-0.6627822868937354,-0.49837186151879204,1.2220910332321786,-0.4114677687570971,-0.5210788604500733,-0.37976217386784894,-0.42008402520840293,2.4405986435975984,-0.46885190548373656,2.4962044589901162
-0.7839329818423455,1.4001563634595364,-1.103356786216421,-0.3802853879540343,-0.7201067686985057,1.3054598240132387,-0.22344481193524104,0.5201551063397566,-1.540209573503029,0.004715262018941286,-0.6271552100354432,0.44410051940577494,0.24245617888536294,0.31965825609369647,-0.21654569785255828,-0.1764916480346692,-0.282603993023614,-1.0417757031473942,1.0447503376280172,-0.9511897312113419,-0.1420960445125053,-0.23192034667290004,-0.30560444605526793,-0.34099716973523675,-0.24173208127588555,-0.2581988897471611,-0.20301416340319547,1.7036546083024706,-0.32946173471593376,-0.3156839517433792,-0.26726124191242434,-0.20577968041807276,1.508791076307582,-0.49837186151879204,-0.8182696483380675,-0.4114677687570971,-0.5210788604500733,-0.37976217386784894,-0.42008402520840293,2.4405986435975984,-0.46885190548373656,0.7706983147767638
-0.5320388629417592,-1.915510248186713,0.5584293994876329,-0.10980764909691898,1.499671894445514,-0.7660136157433054,-1.2295243259918927,-0.33869497609592336,0.4932301777622668,0.004715262018941286,-0.6271552100354432,0.539222451273143,0.706117397470918,0.31965825609369647,-0.21654569785255828,-0.1764916480346692,-0.282603993023614,0.4496382725856674,1.0447503376280172,-0.9511897312113419,-0.1420960445125053,-0.23192034667290004,-0.30560444605526793,-0.34099716973523675,-0.24173208127588555,-0.2581988897471611,-0.20301416340319547,1.7036546083024706,-0.32946173471593376,-0.3156839517433792,-0.26726124191242434,-0.20577968041807276,-0.6627822868937354,2.0065338298845607,-0.8182696483380675,-0.4114677687570971,1.919095315316124,-0.37976217386784894,-0.42008402520840293,-0.4097355387061661,-0.46885190548373656,-0.6052675070377571
-0.6160035692419547,0.014875406116053029,0.5584293994876329,0.6904088538577432,0.23122694407750302,1.3054598240132387,1.4416693663815168,1.7502895474530937,-0.08775260831353203,1.0106378260597584,1.5945016225624369,-0.031509139931065404,-0.22120503970019206,0.31965825609369647,-0.21654569785255828,5.665990493802656,-0.282603993023614,0.6551312769425792,-0.9571664769885428,1.0513149660756937,-0.1420960445125053,-0.23192034667290004,3.272203702884454,-0.34099716973523675,-0.24173208127588555,-0.2581988897471611,-0.20301416340319547,-0.5869734364739604,-0.32946173471593376,-0.3156839517433792,-0.26726124191242434,-0.20577968041807276,1.508791076307582,-0.49837186151879204,-0.8182696483380675,-0.4114677687570971,-0.5210788604500733,-0.37976217386784894,-0.42008402520840293,-0.4097355387061661,-0.46885190548373656,-0.40977450760837003
-0.867897688142541,1.204571144722124,-1.103356786216421,-1.6719059774469451,0.07267132528150075,-0.7660136157433054,-0.035900372903774624,-0.5732977302054322,0.7837215708001662,-1.001207302021876,-0.6271552100354432,0.15873472380367074,0.24245617888536294,0.31965825609369647,-0.21654569785255828,-0.1764916480346692,-0.282603993023614,-1.3734596842251776,1.0447503376280172,-0.9511897312113419,-0.1420960445125053,-0.23192034667290004,-0.30560444605526793,-0.34099716973523675,-0.24173208127588555,-0.2581988897471611,-0.20301416340319547,1.7036546083024706,-0.32946173471593376,-0.3156839517433792,-0.26726124191242434,-0.20577968041807276,1.508791076307582,-0.49837186151879204,-0.8182696483380675,-0.4114677687570971,1.919095315316124,-0.37976217386784894,-0.42008402520840293,-0.4097355387061661,-0.46885190548373656,0.1396121468899511
-0.2801447440411729,-1.8154609139145326,2.220215585191687,1.4677179225476158,-0.40299553110650327,1.3054598240132387,-1.5012008498225216,-1.0955438610926864,-1.540209573503029,0.5076765440393498,-0.6271552100354432,0.15873472380367074,0.24245617888536294,0.31965825609369647,-0.21654569785255828,-0.1764916480346692,-0.282603993023614,2.2766978954729162,-0.9571664769885428,1.0513149660756937,-0.1420960445125053,-0.23192034667290004,-0.30560444605526793,-0.34099716973523675,-0.24173208127588555,-0.2581988897471611,-0.20301416340319547,-0.5869734364739604,-0.32946173471593376,-0.3156839517433792,-0.26726124191242434,4.859566299103718,-0.6627822868937354,2.0065338298845607,-0.8182696483380675,-0.4114677687570971,1.919095315316124,-0.37976217386784894,-0.42008402520840293,-0.4097355387061661,-0.46885190548373656,-0.8510481399374671
2.0708670323642995,-0.5812531054667754,0.8907866366284438,1.1842116434132506,-0.2444399123105017,-0.7660136157433054,1.001728672952563,-0.7344596221589208,-1.2497181804651296,0.5076765440393498,-0.6271552100354432,0.44410051940577494,0.24245617888536294,0.31965825609369647,-0.21654569785255828,-0.1764916480346692,-0.282603993023614,1.0663294666331378,-0.9571664769885428,1.0513149660756937,-0.1420960445125053,-0.23192034667290004,-0.30560444605526793,2.932575659723036,-0.24173208127588555,-0.2581988897471611,-0.20301416340319547,-0.5869734364739604,-0.32946173471593376,-0.3156839517433792,-0.26726124191242434,-0.20577968041807276,1.508791076307582,-0.49837186151879204,-0.8182696483380675,2.430324015464581,-0.5210788604500733,-0.37976217386784894,-0.42008402520840293,-0.4097355387061661,-0.46885190548373656,-0.4549793655586766
0.22364349375999978,-0.7398955811206163,0.8907866366284438,-0.7745825346685656,0.07267132528150075,-0.7660136157433054,1.2734051967831919,1.7482495235043154,0.7837215708001662,0.004715262018941286,-0.6271552100354432,-0.031509139931065404,-0.22120503970019206,0.31965825609369647,-0.21654569785255828,-0.1764916480346692,3.53852041969004,0.5633174703988314,1.0447503376280172,-0.9511897312113419,-0.1420960445125053,-0.23192034667290004,3.272203702884454,-0.34099716973523675,-0.24173208127588555,-0.2581988897471611,-0.20301416340319547,-0.5869734364739604,-0.32946173471593376,-0.3156839517433792,-0.26726124191242434,-0.20577968041807276,1.508791076307582,-0.49837186151879204,-0.8182696483380675,-0.4114677687570971,-0.5210788604500733,2.633226974174589,-0.42008402520840293,-0.4097355387061661,-0.46885190548373656,-0.8900099850837785
1.0632905567619542,-0.38436276475989667,0.5584293994876329,-1.5781739238701016,-0.2444399123105017,-0.7660136157433054,1.5047684299808888,2.243975343057451,-0.37824400135143144,0.5076765440393498,-0.6271552100354432,0.539222451273143,0.706117397470918,0.31965825609369647,-0.21654569785255828,-0.1764916480346692,-0.282603993023614,0.07256657238279851,1.0447503376280172,-0.9511897312113419,-0.1420960445125053,-0.23192034667290004,-0.30560444605526793,-0.34099716973523675,-0.24173208127588555,-0.2581988897471611,-0.20301416340319547,1.7036546083024706,-0.32946173471593376,-0.3156839517433792,-0.26726124191242434,-0.20577968041807276,-0.6627822868937354,-0.49837186151879204,1.2220910332321786,-0.4114677687570971,-0.5210788604500733,-0.37976217386784894,-0.42008402520840293,-0.4097355387061661,2.1328696509578076,-0.9639895856957977
-0.7839329818423455,-0.29050678388059986,0.22607216234682218,-0.3972050033108601,0.07267132528150075,-0.7660136157433054,-1.3837664814570239,-0.4366161256372835,1.364704356875965,-1.5041685840422845,-0.6271552100354432,0.44410051940577494,0.24245617888536294,0.31965825609369647,-0.21654569785255828,-0.1764916480346692,3.53852041969004,0.09144432970497234,1.0447503376280172,-0.9511897312113419,-0.1420960445125053,-0.23192034667290004,-0.30560444605526793,-0.34099716973523675,-0.24173208127588555,-0.2581988897471611,-0.20301416340319547,1.7036546083024706,-0.32946173471593376,-0.3156839517433792,-0.26726124191242434,-0.20577968041807276,-0.6627822868937354,-0.49837186151879204,1.2220910332321786,-0.4114677687570971,-0.5210788604500733,-0.37976217386784894,2.3804761428476167,-0.4097355387061661,-0.46885190548373656,-0.5157109298699741
-0.44807415664156375,-0.8898488896228771,0.22607216234682218,0.9280896435403782,-0.5615511499025041,1.3054598240132387,0.209484874427116,0.18967122663766595,-0.37824400135143144,-1.001207302021876,-0.6271552100354432,0.44410051940577494,0.24245617888536294,0.31965825609369647,-0.21654569785255828,-0.1764916480346692,-0.282603993023614,0.43177569957053935,1.0447503376280172,-0.9511897312113419,-0.1420960445125053,-0.23192034667290004,-0.30560444605526793,-0.34099716973523675,-0.24173208127588555,-0.2581988897471611,-0.20301416340319547,1.7036546083024706,-0.32946173471593376,-0.3156839517433792,-0.26726124191242434,-0.20577968041807276,1.508791076307582,-0.49837186151879204,-0.8182696483380675,2.430324015464581,-0.5210788604500733,-0.37976217386784894,-0.42008402520840293,-0.4097355387061661,-0.46885190548373656,-0.15596686243596153
2.5326729170153746,-0.27548105387832955,0.22607216234682218,0.7939298809088612,-1.1957736250865103,-0.7660136157433054,0.062253726028581625,0.06522976576218738,0.4932301777622668,-1.001207302021876,-0.6271552100354432,0.539222451273143,0.706117397470918,0.31965825609369647,-0.21654569785255828,-0.1764916480346692,-0.282603993023614,0.3973239073553486,-0.9571664769885428,1.0513149660756937,-0.1420960445125053,-0.23192034667290004,-0.30560444605526793,2.932575659723036,-0.24173208127588555,-0.2581988897471611,-0.20301416340319547,-0.5869734364739604,-0.32946173471593376,-0.3156839517433792,-0.26726124191242434,-0.20577968041807276,1.508791076307582,-0.49837186151879204,-0.8182696483380675,-0.4114677687570971,-0.5210788604500733,-0.37976217386784894,-0.42008402520840293,-0.4097355387061661,2.1328696509578076,-0.19238380474363004
-1.3716859259437137,0.9279142443365757,0.22607216234682218,1.3787201373114966,-0.2444399123105017,-0.7660136157433054,0.007918421262455845,-0.46313643697140194,0.7837215708001662,0.5076765440393498,-0.6271552100354432,0.539222451273143,0.706117397470918,0.31965825609369647,-0.21654569785255828,-0.1764916480346692,-0.282603993023614,0.5474961498211292,-0.9571664769885428,1.0513149660756937,-0.1420960445125053,-0.23192034667290004,-0.30560444605526793,-0.34099716973523675,-0.24173208127588555,-0.2581988897471611,-0.20301416340319547,-0.5869734364739604,-0.32946173471593376,-0.3156839517433792,-0.26726124191242434,4.859566299103718,1.508791076307582,-0.49837186151879204,-0.8182696483380675,2.430324015464581,-0.5210788604500733,-0.37976217386784894,-0.42008402520840293,-0.4097355387061661,-0.46885190548373656,-0.03364565097994316
0.643467025260977,-1.0940869847461665,-0.1062850747939886,-0.23754020853286753,1.182560656853511,-0.7660136157433054,-0.13931272713607853,0.7159974054224769,1.364704356875965,0.5076765440393498,-0.6271552100354432,0.15873472380367074,0.24245617888536294,0.31965825609369647,-0.21654569785255828,-0.1764916480346692,-0.282603993023614,-0.15194550229897533,1.0447503376280172,-0.9511897312113419,-0.1420960445125053,4.3118252207961625,-0.30560444605526793,-0.34099716973523675,-0.24173208127588555,-0.2581988897471611,-0.20301416340319547,-0.5869734364739604,-0.32946173471593376,-0.3156839517433792,-0.26726124191242434,-0.20577968041807276,-0.6627822868937354,-0.49837186151879204,1.2220910332321786,2.430324015464581,-0.5210788604500733,-0.37976217386784894,-0.42008402520840293,-0.4097355387061661,-0.46885190548373656,-0.26724352940981233
0.30760820006019524,0.9619386589909384,-0.4386423119347994,-0.3792665933409614,1.499671894445514,1.3054598240132387,0.6932443620223004,-1.1934650106340465,0.4932301777622668,1.0106378260597584,1.5945016225624369,-0.031509139931065404,-0.22120503970019206,0.31965825609369647,-0.21654569785255828,-0.1764916480346692,-0.282603993023614,-0.4727316123740941,-0.9571664769885428,1.0513149660756937,-0.1420960445125053,-0.23192034667290004,-0.30560444605526793,-0.34099716973523675,-0.24173208127588555,-0.2581988897471611,-0.20301416340319547,-0.5869734364739604,-0.32946173471593376,-0.3156839517433792,3.741657386773941,-0.20577968041807276,-0.6627822868937354,-0.49837186151879204,1.2220910332321786,2.430324015464581,-0.5210788604500733,-0.37976217386784894,-0.42008402520840293,-0.4097355387061661,-0.46885190548373656,-0.05297102275870574
0.5595023189607815,0.15747599317358688,-1.4357140233572319,-0.7477970797254667,-1.1957736250865103,-0.7660136157433054,-1.6992617994538832,-1.050663334219563,-0.37824400135143144,1.0106378260597584,1.5945016225624369,0.15873472380367074,0.24245617888536294,0.31965825609369647,-0.21654569785255828,-0.1764916480346692,-0.282603993023614,-1.4205427482522577,-0.9571664769885428,1.0513149660756937,-0.1420960445125053,-0.23192034667290004,-0.30560444605526793,-0.34099716973523675,-0.24173208127588555,-0.2581988897471611,-0.20301416340319547,1.7036546083024706,-0.32946173471593376,-0.3156839517433792,-0.26726124191242434,-0.20577968041807276,1.508791076307582,-0.49837186151879204,-0.8182696483380675,-0.4114677687570971,-0.5210788604500733,-0.37976217386784894,-0.42008402520840293,2.4405986435975984,-0.46885190548373656,1.2672622102240734
0.8113964378613678,1.7899473330309645,-0.4386423119347994,0.37219423565273463,-0.40299553110650327,-0.7660136157433054,-0.5389401299321004,-0.06737179090840453,0.20273878472436738,-1.001207302021876,-0.6271552100354432,0.44410051940577494,0.24245617888536294,0.31965825609369647,-0.21654569785255828,-0.1764916480346692,-0.282603993023614,-0.2797589070671163,1.0447503376280172,-0.9511897312113419,-0.1420960445125053,-0.23192034667290004,-0.30560444605526793,-0.34099716973523675,-0.24173208127588555,3.8729833462074166,-0.20301416340319547,-0.5869734364739604,-0.32946173471593376,-0.3156839517433792,-0.26726124191242434,-0.20577968041807276,1.508791076307582,-0.49837186151879204,-0.8182696483380675,-0.4114677687570971,1.919095315316124,-0.37976217386784894,-0.42008402520840293,-0.4097355387061661,-0.46885190548373656,0.20928895112023535
1.8189729134637131,-0.24431570571623315,0.22607216234682218,0.22300414579658906,0.23122694407750302,-0.7660136157433054,1.3119657356494747,2.0012124931528295,0.4932301777622668,-0.4982460200014673,-0.6271552100354432,0.15873472380367074,0.24245617888536294,0.31965825609369647,-0.21654569785255828,-0.1764916480346692,-0.282603993023614,0.25071202902028455,1.0447503376280172,-0.9511897312113419,-0.1420960445125053,-0.23192034667290004,-0.30560444605526793,-0.34099716973523675,-0.24173208127588555,-0.2581988897471611,-0.20301416340319547,1.7036546083024706,-0.32946173471593376,-0.3156839517433792,-0.26726124191242434,-0.20577968041807276,-0.6627822868937354,-0.49837186151879204,-0.8182696483380675,-0.4114677687570971,-0.5210788604500733,2.633226974174589,-0.42008402520840293,-0.4097355387061661,-0.46885190548373656,-0.347358509153718
0.22364349375999978,-0.6054475431591088,0.5584293994876329,1.5327929140256864,-1.1957736250865103,1.3054598240132387,0.4040403205251793,1.1138020754342526,-1.540209573503029,-0.4982460200014673,-0.6271552100354432,0.44410051940577494,0.24245617888536294,0.31965825609369647,-0.21654569785255828,-0.1764916480346692,-0.282603993023614,0.8714527733215315,1.0447503376280172,-0.9511897312113419,-0.1420960445125053,-0.23192034667290004,-0.30560444605526793,-0.34099716973523675,-0.24173208127588555,-0.2581988897471611,-0.20301416340319547,1.7036546083024706,-0.32946173471593376,-0.3156839517433792,-0.26726124191242434,-0.20577968041807276,-0.6627822868937354,-0.49837186151879204,1.2220910332321786,2.430324015464581,-0.5210788604500733,-0.37976217386784894,-0.42008402520840293,-0.4097355387061661,-0.46885190548373656,-0.20397996827347392
-0.2801447440411729,-0.6633586558370397,-1.7680712604980426,-2.2111356915865947,-2.30566295665852,1.3054598240132387,-1.1892110353589607,-0.15101277280831635,0.20273878472436738,-1.001207302021876,-0.6271552100354432,-0.031509139931065404,-0.22120503970019206,0.31965825609369647,-0.21654569785255828,-0.1764916480346692,-0.282603993023614,-2.0807145947239474,-0.9571664769885428,1.0513149660756937,-0.1420960445125053,-0.23192034667290004,-0.30560444605526793,-0.34099716973523675,-0.24173208127588555,-0.2581988897471611,-0.20301416340319547,-0.5869734364739604,-0.32946173471593376,-0.3156839517433792,-0.26726124191242434,4.859566299103718,-0.6627822868937354,2.0065338298845607,-0.8182696483380675,-0.4114677687570971,-0.5210788604500733,2.633226974174589,-0.42008402520840293,-0.4097355387061661,-0.46885190548373656,1.2024998221611722
0.5595023189607815,-1.1482089460095635,-0.1062850747939886,-1.1050872618942322,-0.8786623874945072,-0.7660136157433054,-0.7299900724968653,0.13051053212309416,1.0742129638380655,1.0106378260597584,1.5945016225624369,0.539222451273143,0.706117397470918,0.31965825609369647,-0.21654569785255828,-0.1764916480346692,-0.282603993023614,-0.3747287737735873,-0.9571664769885428,1.0513149660756937,-0.1420960445125053,-0.23192034667290004,-0.30560444605526793,-0.34099716973523675,-0.24173208127588555,-0.2581988897471611,-0.20301416340319547,-0.5869734364739604,-0.32946173471593376,3.1677251709421848,-0.26726124191242434,-0.20577968041807276,-0.6627822868937354,-0.49837186151879204,-0.8182696483380675,-0.4114677687570971,-0.5210788604500733,-0.37976217386784894,-0.42008402520840293,-0.4097355387061661,2.1328696509578076,-0.5321708568604505
1.5670787945631268,1.1112849625154575,0.22607216234682218,1.5327929140256864,0.23122694407750302,-0.7660136157433054,-0.3163406555676496,-1.1322642921706965,-0.9592267874272302,-1.5041685840422845,-0.6271552100354432,-0.031509139931065404,-0.22120503970019206,0.31965825609369647,-0.21654569785255828,-0.1764916480346692,-0.282603993023614,0.5870615395121794,1.0447503376280172,-0.9511897312113419,-0.1420960445125053,4.3118252207961625,-0.30560444605526793,-0.34099716973523675,-0.24173208127588555,-0.2581988897471611,-0.20301416340319547,-0.5869734364739604,-0.32946173471593376,-0.3156839517433792,-0.26726124191242434,-0.20577968041807276,-0.6627822868937354,2.0065338298845607,-0.8182696483380675,2.430324015464581,-0.5210788604500733,-0.37976217386784894,-0.42008402520840293,-0.4097355387061661,-0.46885190548373656,0.008176571352051874
0.8113964378613678,0.42392216194690363,-0.4386423119347994,0.7774005126109398,-0.40299553110650327,1.3054598240132387,0.30763897335947227,-1.0975838850414648,-0.9592267874272302,-1.001207302021876,-0.6271552100354432,0.44410051940577494,0.24245617888536294,0.31965825609369647,-0.21654569785255828,-0.1764916480346692,-0.282603993023614,-0.17570324846851024,-0.9571664769885428,1.0513149660756937,-0.1420960445125053,-0.23192034667290004,-0.30560444605526793,-0.34099716973523675,-0.24173208127588555,-0.2581988897471611,-0.20301416340319547,-0.5869734364739604,-0.32946173471593376,3.1677251709421848,-0.26726124191242434,-0.20577968041807276,-0.6627822868937354,2.0065338298845607,-0.8182696483380675,-0.4114677687570971,-0.5210788604500733,-0.37976217386784894,-0.42008402520840293,-0.4097355387061661,-0.46885190548373656,0.3507060197290549
-1.6235800448443,0.1834544715379478,-1.4357140233572319,-1.7237283221146558,-0.8786623874945072,-0.7660136157433054,-1.7185420688870248,-1.026183046834223,-0.37824400135143144,-0.4982460200014673,-0.6271552100354432,0.44410051940577494,0.24245617888536294,0.31965825609369647,-0.21654569785255828,-0.1764916480346692,-0.282603993023614,-1.6711587281824922,-0.9571664769885428,1.0513149660756937,-0.1420960445125053,-0.23192034667290004,3.272203702884454,-0.34099716973523675,-0.24173208127588555,-0.2581988897471611,-0.20301416340319547,-0.5869734364739604,-0.32946173471593376,-0.3156839517433792,-0.26726124191242434,-0.20577968041807276,-0.6627822868937354,-0.49837186151879204,1.2220910332321786,-0.4114677687570971,-0.5210788604500733,-0.37976217386784894,-0.42008402520840293,-0.4097355387061661,-0.46885190548373656,0.6712118753863776
0.055714081159608894,-2.290868428080864,-0.4386423119347994,1.3354567121819678,0.706893800465507,1.3054598240132387,0.42682609349161915,-0.3570551916349284,-1.540209573503029,0.004715262018941286,-0.6271552100354432,0.44410051940577494,0.24245617888536294,0.31965825609369647,-0.21654569785255828,-0.1764916480346692,-0.282603993023614,-0.03239622514866219,1.0447503376280172,-0.9511897312113419,-0.1420960445125053,-0.23192034667290004,-0.30560444605526793,-0.34099716973523675,-0.24173208127588555,-0.2581988897471611,-0.20301416340319547,-0.5869734364739604,3.0352538538723257,-0.3156839517433792,-0.26726124191242434,-0.20577968041807276,-0.6627822868937354,2.0065338298845607,-0.8182696483380675,-0.4114677687570971,-0.5210788604500733,-0.37976217386784894,2.3804761428476167,-0.4097355387061661,-0.46885190548373656,0.5454677407338192
1.399149381962736,0.04495930759149266,-1.103356786216421,-0.20076151042246543,0.07267132528150075,-0.7660136157433054,0.7212883902886879,0.7445577407053736,0.20273878472436738,0.004715262018941286,-0.6271552100354432,0.2538566556710388,0.706117397470918,0.31965825609369647,-0.21654569785255828,-0.1764916480346692,3.53852041969004,-0.9956745532566446,1.0447503376280172,-0.9511897312113419,-0.1420960445125053,-0.23192034667290004,-0.30560444605526793,-0.34099716973523675,-0.24173208127588555,-0.2581988897471611,-0.20301416340319547,-0.5869734364739604,-0.32946173471593376,3.1677251709421848,-0.26726124191242434,-0.20577968041807276,1.508791076307582,-0.49837186151879204,-0.8182696483380675,-0.4114677687570971,-0.5210788604500733,-0.37976217386784894,-0.42008402520840293,-0.4097355387061661,2.1328696509578076,0.858413729688242
0.7274317315611725,-0.029891657554513305,-0.7709995490756102,0.5887081330501965,-1.1957736250865103,-0.7660136157433054,0.8474865174874316,1.0852417401513559,-0.37824400135143144,-1.001207302021876,-0.6271552100354432,0.2538566556710388,0.706117397470918,0.31965825609369647,-0.21654569785255828,-0.1764916480346692,-0.282603993023614,-0.5085500737734414,-0.9571664769885428,1.0513149660756937,-0.1420960445125053,-0.23192034667290004,-0.30560444605526793,2.932575659723036,-0.24173208127588555,-0.2581988897471611,-0.20301416340319547,-0.5869734364739604,-0.32946173471593376,-0.3156839517433792,-0.26726124191242434,-0.20577968041807276,-0.6627822868937354,2.0065338298845607,-0.8182696483380675,-0.4114677687570971,-0.5210788604500733,2.633226974174589,-0.42008402520840293,-0.4097355387061661,-0.46885190548373656,0.6845592042742619
-0.02825062514058655,0.5208468077970468,-0.7709995490756102,0.4160717761922316,1.499671894445514,-0.7660136157433054,0.9368768575865418,1.146442458614706,-0.9592267874272302,1.513599108080167,1.5945016225624369,0.15873472380367074,0.24245617888536294,0.31965825609369647,-0.21654569785255828,-0.1764916480346692,-0.282603993023614,-0.5528825306785259,-0.9571664769885428,1.0513149660756937,-0.1420960445125053,-0.23192034667290004,-0.30560444605526793,-0.34099716973523675,-0.24173208127588555,-0.2581988897471611,-0.20301416340319547,-0.5869734364739604,3.0352538538723257,-0.3156839517433792,-0.26726124191242434,-0.20577968041807276,-0.6627822868937354,-0.49837186151879204,1.2220910332321786,-0.4114677687570971,1.919095315316124,-0.37976217386784894,-0.42008402520840293,-0.4097355387061661,-0.46885190548373656,0.6142673955614276
-0.867897688142541,0.6860272632892109,0.22607216234682218,0.343351660493479,1.499671894445514,1.3054598240132387,0.8001622197879027,-0.1591728686034297,-0.08775260831353203,-1.5041685840422845,-0.6271552100354432,0.44410051940577494,0.24245617888536294,0.31965825609369647,-0.21654569785255828,-0.1764916480346692,-0.282603993023614,0.28161688073308744,1.0447503376280172,-0.9511897312113419,-0.1420960445125053,-0.23192034667290004,3.272203702884454,-0.34099716973523675,-0.24173208127588555,-0.2581988897471611,-0.20301416340319547,-0.5869734364739604,-0.32946173471593376,-0.3156839517433792,-0.26726124191242434,-0.20577968041807276,-0.6627822868937354,2.0065338298845607,-0.8182696483380675,-0.4114677687570971,-0.5210788604500733,2.633226974174589,-0.42008402520840293,-0.4097355387061661,-0.46885190548373656,-0.3146908268798202
0.22364349375999978,-0.12246291224821032,0.22607216234682218,0.3387369604984034,-0.7201067686985057,1.3054598240132387,-0.7790671219630434,-0.4406961735348402,1.364704356875965,1.0106378260597584,1.5945016225624369,0.15873472380367074,0.24245617888536294,0.31965825609369647,-0.21654569785255828,-0.1764916480346692,-0.282603993023614,0.28043184073117233,1.0447503376280172,-0.9511897312113419,-0.1420960445125053,-0.23192034667290004,-0.30560444605526793,2.932575659723036,-0.24173208127588555,-0.2581988897471611,-0.20301416340319547,-0.5869734364739604,-0.32946173471593376,-0.3156839517433792,-0.26726124191242434,-0.20577968041807276,-0.6627822868937354,-0.49837186151879204,1.2220910332321786,-0.4114677687570971,-0.5210788604500733,-0.37976217386784894,-0.42008402520840293,2.4405986435975984,-0.46885190548373656,-0.3159434622467255
-1.7075447511444954,0.014875406116053029,-0.1062850747939886,-0.7742762266935276,0.07267132528150075,1.3054598240132387,-0.7632923560632005,-0.6304184007712256,1.364704356875965,0.004715262018941286,-0.6271552100354432,-0.031509139931065404,-0.22120503970019206,0.31965825609369647,-0.21654569785255828,5.665990493802656,-0.282603993023614,-0.2897775721340174,1.0447503376280172,-0.9511897312113419,-0.1420960445125053,-0.23192034667290004,-0.30560444605526793,-0.34099716973523675,-0.24173208127588555,-0.2581988897471611,-0.20301416340319547,1.7036546083024706,-0.32946173471593376,-0.3156839517433792,-0.26726124191242434,-0.20577968041807276,-0.6627822868937354,2.0065338298845607,-0.8182696483380675,-0.4114677687570971,1.919095315316124,-0.37976217386784894,-0.42008402520840293,-0.4097355387061661,-0.46885190548373656,-0.4311493813020567
0.643467025260977,0.014875406116053029,0.22607216234682218,-1.3214419003694566,0.07267132528150075,-0.7660136157433054,-0.9946555892608973,-1.2036651303779382,-0.9592267874272302,-0.4982460200014673,-0.6271552100354432,0.44410051940577494,0.24245617888536294,0.31965825609369647,-0.21654569785255828,5.665990493802656,3.53852041969004,-0.14589670989220974,1.0447503376280172,-0.9511897312113419,-0.1420960445125053,-0.23192034667290004,-0.30560444605526793,-0.34099716973523675,-0.24173208127588555,3.8729833462074166,-0.20301416340319547,-0.5869734364739604,-0.32946173471593376,-0.3156839517433792,-0.26726124191242434,-0.20577968041807276,-0.6627822868937354,-0.49837186151879204,1.2220910332321786,-0.4114677687570971,1.919095315316124,-0.37976217386784894,-0.42008402520840293,-0.4097355387061661,-0.46885190548373656,-0.7665900392140048
2.322761151264886,0.469884506048666,0.22607216234682218,0.0466795373084811,0.706893800465507,1.3054598240132387,0.26907843449318947,1.1423624107171493,-0.6687353943893308,-0.4982460200014673,-0.6271552100354432,0.15873472380367074,0.24245617888536294,0.31965825609369647,-0.21654569785255828,-0.1764916480346692,-0.282603993023614,0.2054324410506642,1.0447503376280172,-0.9511897312113419,-0.1420960445125053,4.3118252207961625,-0.30560444605526793,-0.34099716973523675,-0.24173208127588555,-0.2581988897471611,-0.20301416340319547,-0.5869734364739604,-0.32946173471593376,-0.3156839517433792,-0.26726124191242434,-0.20577968041807276,-0.6627822868937354,-0.49837186151879204,1.2220910332321786,-0.4114677687570971,1.919095315316124,-0.37976217386784894,-0.42008402520840293,-0.4097355387061661,-0.46885190548373656,-0.39522087092883634
-1.0358271007429318,0.5739005845058115,0.22607216234682218,-0.2100147992115442,0.07267132528150075,-0.7660136157433054,1.6397303160128784,-0.030651359830394468,-1.2497181804651296,0.5076765440393498,-0.6271552100354432,-0.031509139931065404,-0.22120503970019206,0.31965825609369647,-0.21654569785255828,-0.1764916480346692,-0.282603993023614,0.13951416741079525,-0.9571664769885428,1.0513149660756937,-0.1420960445125053,-0.23192034667290004,3.272203702884454,-0.34099716973523675,-0.24173208127588555,-0.2581988897471611,-0.20301416340319547,-0.5869734364739604,-0.32946173471593376,-0.3156839517433792,-0.26726124191242434,-0.20577968041807276,-0.6627822868937354,2.0065338298845607,-0.8182696483380675,-0.4114677687570971,-0.5210788604500733,-0.37976217386784894,-0.42008402520840293,2.4405986435975984,-0.46885190548373656,-0.4648991609048727
1.7350082071635178,0.24340015773049184,1.2231438737692546,0.8204221999957091,0.07267132528150075,-0.7660136157433054,-1.3872719849903223,-1.099623908990243,1.364704356875965,-0.4982460200014673,-0.6271552100354432,0.539222451273143,0.706117397470918,0.31965825609369647,-0.21654569785255828,-0.1764916480346692,3.53852041969004,1.257300750459985,1.0447503376280172,-0.9511897312113419,-0.1420960445125053,-0.23192034667290004,-0.30560444605526793,-0.34099716973523675,-0.24173208127588555,-0.2581988897471611,-0.20301416340319547,1.7036546083024706,-0.32946173471593376,-0.3156839517433792,-0.26726124191242434,-0.20577968041807276,-0.6627822868937354,2.0065338298845607,-0.8182696483380675,-0.4114677687570971,-0.5210788604500733,-0.37976217386784894,-0.42008402520840293,-0.4097355387061661,2.1328696509578076,-0.6672416621832019
0.643467025260977,0.5739005845058115,0.22607216234682218,1.2843772354131353,-0.8786623874945072,-0.7660136157433054,0.33393024985921055,1.254563727899958,-0.9592267874272302,-1.5041685840422845,-0.6271552100354432,0.15873472380367074,0.24245617888536294,0.31965825609369647,-0.21654569785255828,-0.1764916480346692,-0.282603993023614,0.5232691983907835,1.0447503376280172,-0.9511897312113419,-0.1420960445125053,-0.23192034667290004,-0.30560444605526793,-0.34099716973523675,-0.24173208127588555,-0.2581988897471611,-0.20301416340319547,1.7036546083024706,-0.32946173471593376,-0.3156839517433792,-0.26726124191242434,-0.20577968041807276,1.508791076307582,-0.49837186151879204,-0.8182696483380675,-0.4114677687570971,-0.5210788604500733,-0.37976217386784894,2.3804761428476167,-0.4097355387061661,-0.46885190548373656,-0.05925452168886861
0.30760820006019524,-0.08934925372533732,-0.7709995490756102,-1.0554326046006752,0.8654494192615079,-0.7660136157433054,-0.8912432350285934,-0.9037816099075228,-1.540209573503029,1.513599108080167,1.5945016225624369,0.539222451273143,0.706117397470918,0.31965825609369647,-0.21654569785255828,-0.1764916480346692,-0.282603993023614,-0.9307600863362658,1.0447503376280172,-0.9511897312113419,-0.1420960445125053,-0.23192034667290004,-0.30560444605526793,-0.34099716973523675,-0.24173208127588555,-0.2581988897471611,-0.20301416340319547,-0.5869734364739604,3.0352538538723257,-0.3156839517433792,-0.26726124191242434,-0.20577968041807276,1.508791076307582,-0.49837186151879204,-0.8182696483380675,-0.4114677687570971,-0.5210788604500733,-0.37976217386784894,2.3804761428476167,-0.4097355387061661,-0.46885190548373656,0.015119531592696798
-0.19618003774097745,1.1908938190583287,0.5584293994876329,0.9381506466093573,0.23122694407750302,-0.7660136157433054,0.842228262187484,1.9583719902284842,-0.37824400135143144,0.5076765440393498,-0.6271552100354432,0.539222451273143,0.706117397470918,0.31965825609369647,-0.21654569785255828,-0.1764916480346692,-0.282603993023614,0.7187505663590348,-0.9571664769885428,1.0513149660756937,-0.1420960445125053,-0.23192034667290004,-0.30560444605526793,-0.34099716973523675,-0.24173208127588555,-0.2581988897471611,-0.20301416340319547,-0.5869734364739604,-0.32946173471593376,-0.3156839517433792,3.741657386773941,-0.20577968041807276,-0.6627822868937354,2.0065338298845607,-0.8182696483380675,-0.4114677687570971,1.919095315316124,-0.37976217386784894,-0.42008402520840293,-0.4097355387061661,-0.46885190548373656,-0.34925115427811443
1.399149381962736,-1.058883952936645,2.220215585191687,1.5327929140256864,-0.40299553110650327,1.3054598240132387,-1.0840459293600075,-0.29789449712035665,-0.37824400135143144,0.5076765440393498,-0.6271552100354432,0.15873472380367074,0.24245617888536294,0.31965825609369647,-0.21654569785255828,-0.1764916480346692,-0.282603993023614,2.293408942368292,1.0447503376280172,-0.9511897312113419,-0.1420960445125053,-0.23192034667290004,-0.30560444605526793,2.932575659723036,-0.24173208127588555,-0.2581988897471611,-0.20301416340319547,-0.5869734364739604,-0.32946173471593376,-0.3156839517433792,-0.26726124191242434,-0.20577968041807276,1.508791076307582,-0.49837186151879204,-0.8182696483380675,2.430324015464581,-0.5210788604500733,-0.37976217386784894,-0.42008402520840293,-0.4097355387061661,-0.46885190548373656,-0.8404495871500509
-0.6160035692419547,0.014875406116053029,-0.1062850747939886,0.3657035097872456,0.706893800465507,-0.7660136157433054,-1.672970522954145,-1.013942903141553,-0.6687353943893308,0.5076765440393498,-0.6271552100354432,-0.031509139931065404,-0.22120503970019206,0.31965825609369647,-0.21654569785255828,5.665990493802656,-0.282603993023614,0.0029655293772331364,1.0447503376280172,-0.9511897312113419,-0.1420960445125053,-0.23192034667290004,-0.30560444605526793,-0.34099716973523675,-0.24173208127588555,-0.2581988897471611,-0.20301416340319547,-0.5869734364739604,-0.32946173471593376,3.1677251709421848,-0.26726124191242434,-0.20577968041807276,1.508791076307582,-0.49837186151879204,-0.8182696483380675,-0.4114677687570971,-0.5210788604500733,-0.37976217386784894,2.3804761428476167,-0.4097355387061661,-0.46885190548373656,-0.08302787738642385
-1.2037565133433228,0.8405572976110461,-1.103356786216421,-0.473296495004836,0.8654494192615079,1.3054598240132387,0.9263603469866465,-1.0955438610926864,-0.9592267874272302,1.0106378260597584,1.5945016225624369,0.44410051940577494,0.24245617888536294,0.31965825609369647,-0.21654569785255828,-0.1764916480346692,-0.282603993023614,-1.0656606539774003,1.0447503376280172,-0.9511897312113419,-0.1420960445125053,-0.23192034667290004,-0.30560444605526793,-0.34099716973523675,-0.24173208127588555,-0.2581988897471611,-0.20301416340319547,-0.5869734364739604,-0.32946173471593376,-0.3156839517433792,-0.26726124191242434,-0.20577968041807276,1.508791076307582,-0.49837186151879204,-0.8182696483380675,-0.4114677687570971,-0.5210788604500733,-0.37976217386784894,-0.42008402520840293,-0.4097355387061661,2.1328696509578076,0.7252530628218955
0.5595023189607815,0.5256228371908294,0.22607216234682218,1.1856605703579044,0.3897825628735039,1.3054598240132387,-0.3426319320673879,-1.0955438610926864,-0.9592267874272302,-1.001207302021876,-0.6271552100354432,0.15873472380367074,0.24245617888536294,0.31965825609369647,-0.21654569785255828,-0.1764916480346692,-0.282603993023614,0.49791907875766717,-0.9571664769885428,1.0513149660756937,-0.1420960445125053,-0.23192034667290004,-0.30560444605526793,-0.34099716973523675,-0.24173208127588555,-0.2581988897471611,-0.20301416340319547,1.7036546083024706,-0.32946173471593376,-0.3156839517433792,-0.26726124191242434,-0.20577968041807276,1.508791076307582,-0.49837186151879204,-0.8182696483380675,-0.4114677687570971,-0.5210788604500733,-0.37976217386784894,-0.42008402520840293,-0.4097355387061661,-0.46885190548373656,-0.08605062676245692
-0.6160035692419547,0.014875406116053029,-0.7709995490756102,0.20480962947561104,-0.2444399123105017,-0.7660136157433054,-0.9087707526950856,0.08767002919874908,-1.2497181804651296,-0.4982460200014673,-0.6271552100354432,0.539222451273143,0.706117397470918,0.31965825609369647,-0.21654569785255828,5.665990493802656,-0.282603993023614,-0.6071339652282942,-0.9571664769885428,1.0513149660756937,-0.1420960445125053,-0.23192034667290004,-0.30560444605526793,-0.34099716973523675,-0.24173208127588555,-0.2581988897471611,-0.20301416340319547,-0.5869734364739604,3.0352538538723257,-0.3156839517433792,-0.26726124191242434,-0.20577968041807276,1.508791076307582,-0.49837186151879204,-0.8182696483380675,-0.4114677687570971,-0.5210788604500733,-0.37976217386784894,2.3804761428476167,-0.4097355387061661,-0.46885190548373656,0.5282484440755293
0.13967878745980433,0.6599550008127213,1.5555011109100654,0.07381639859045158,0.706893800465507,1.3054598240132387,-0.71947356189697,-0.8895014422660744,1.0742129638380655,1.513599108080167,1.5945016225624369,0.44410051940577494,0.24245617888536294,0.31965825609369647,-0.21654569785255828,-0.1764916480346692,-0.282603993023614,1.349966034311319,-0.9571664769885428,1.0513149660756937,-0.1420960445125053,-0.23192034667290004,-0.30560444605526793,-0.34099716973523675,-0.24173208127588555,-0.2581988897471611,-0.20301416340319547,-0.5869734364739604,-0.32946173471593376,3.1677251709421848,-0.26726124191242434,-0.20577968041807276,-0.6627822868937354,-0.49837186151879204,1.2220910332321786,-0.4114677687570971,1.919095315316124,-0.37976217386784894,-0.42008402520840293,-0.4097355387061661,-0.46885190548373656,-0.918788288409066
-1.8754741637448864,1.7899473330309645,1.2231438737692546,0.9030519071823861,0.8654494192615079,1.3054598240132387,0.7493324185550754,1.7482495235043154,0.20273878472436738,-1.001207302021876,-0.6271552100354432,0.44410051940577494,0.24245617888536294,0.31965825609369647,-0.21654569785255828,-0.1764916480346692,-0.282603993023614,1.2785197914523012,1.0447503376280172,-0.9511897312113419,-0.1420960445125053,-0.23192034667290004,-0.30560444605526793,-0.34099716973523675,-0.24173208127588555,-0.2581988897471611,-0.20301416340319547,1.7036546083024706,-0.32946173471593376,-0.3156839517433792,-0.26726124191242434,-0.20577968041807276,-0.6627822868937354,-0.49837186151879204,1.2220910332321786,-0.4114677687570971,-0.5210788604500733,-0.37976217386784894,-0.42008402520840293,2.4405986435975984,-0.46885190548373656,-0.6504196216893154
0.22364349375999978,-1.3639835757995005,-1.4357140233572319,-1.0748473161334244,-0.40299553110650327,-0.7660136157433054,0.9421351128864894,-0.8283007238027242,-0.9592267874272302,0.004715262018941286,-0.6271552100354432,0.44410051940577494,0.24245617888536294,0.31965825609369647,-0.21654569785255828,-0.1764916480346692,-0.282603993023614,-1.5045281889510698,-0.9571664769885428,1.0513149660756937,-0.1420960445125053,-0.23192034667290004,-0.30560444605526793,-0.34099716973523675,-0.24173208127588555,-0.2581988897471611,-0.20301416340319547,-0.5869734364739604,3.0352538538723257,-0.3156839517433792,-0.26726124191242434,-0.20577968041807276,-0.6627822868937354,-0.49837186151879204,1.2220910332321786,-0.4114677687570971,-0.5210788604500733,-0.37976217386784894,2.3804761428476167,-0.4097355387061661,-0.46885190548373656,1.0675161682360335
-0.7839329818423455,1.7899473330309645,-0.1062850747939886,1.2579931705469956,0.07267132528150075,-0.7660136157433054,1.122668544851359,0.7180374293712553,1.6551957499138643,1.0106378260597584,1.5945016225624369,-3.075410959686844,-3.003172351213522,-3.1283409107596607,-0.21654569785255828,-0.1764916480346692,3.53852041969004,0.2321026222378632,1.0447503376280172,-0.9511897312113419,-0.1420960445125053,-0.23192034667290004,-0.30560444605526793,2.932575659723036,-0.24173208127588555,-0.2581988897471611,-0.20301416340319547,-0.5869734364739604,-0.32946173471593376,-0.3156839517433792,-0.26726124191242434,-0.20577968041807276,1.508791076307582,-0.49837186151879204,-0.8182696483380675,-0.4114677687570971,-0.5210788604500733,-0.37976217386784894,-0.42008402520840293,-0.4097355387061661,2.1328696509578076,0.18945522796331146
-1.0358271007429318,-1.0537065987305814,0.5584293994876329,-1.6864665791242104,0.706893800465507,1.3054598240132387,1.4767244017145011,-0.6834590234394623,-0.37824400135143144,1.513599108080167,1.5945016225624369,0.2538566556710388,0.706117397470918,0.31965825609369647,-0.21654569785255828,-0.1764916480346692,-0.282603993023614,0.044757369503593984,-0.9571664769885428,1.0513149660756937,-0.1420960445125053,-0.23192034667290004,-0.30560444605526793,-0.34099716973523675,-0.24173208127588555,-0.2581988897471611,-0.20301416340319547,-0.5869734364739604,3.0352538538723257,-0.3156839517433792,-0.26726124191242434,-0.20577968041807276,-0.6627822868937354,-0.49837186151879204,1.2220910332321786,-0.4114677687570971,-0.5210788604500733,-0.37976217386784894,-0.42008402520840293,-0.4097355387061661,-0.46885190548373656,-0.9904454959571208
-1.3716859259437137,-0.07143563426312793,-0.4386423119347994,-1.3649524302225569,0.07267132528150075,1.3054598240132387,0.9088328293201543,-1.1363443400682531,-0.6687353943893308,-1.001207302021876,-0.6271552100354432,0.44410051940577494,0.24245617888536294,0.31965825609369647,-0.21654569785255828,-0.1764916480346692,3.53852041969004,-0.7258525405541169,1.0447503376280172,-0.9511897312113419,-0.1420960445125053,-0.23192034667290004,-0.30560444605526793,2.932575659723036,-0.24173208127588555,-0.2581988897471611,-0.20301416340319547,-0.5869734364739604,-0.32946173471593376,-0.3156839517433792,-0.26726124191242434,-0.20577968041807276,-0.6627822868937354,-0.49837186151879204,1.2220910332321786,-0.4114677687570971,-0.5210788604500733,2.633226974174589,-0.42008402520840293,-0.4097355387061661,-0.46885190548373656,-0.39697556944889417
-1.0358271007429318,0.014875406116053029,1.8878583480508762,0.5875670134472336,1.499671894445514,-0.7660136157433054,0.27959494509308475,-0.7099793347735807,-0.6687353943893308,0.004715262018941286,-0.6271552100354432,0.44410051940577494,0.24245617888536294,0.31965825609369647,-0.21654569785255828,5.665990493802656,-0.282603993023614,1.7662867608858457,1.0447503376280172,-0.9511897312113419,-0.1420960445125053,-0.23192034667290004,-0.30560444605526793,-0.34099716973523675,-0.24173208127588555,-0.2581988897471611,-0.20301416340319547,-0.5869734364739604,3.0352538538723257,-0.3156839517433792,-0.26726124191242434,-0.20577968041807276,-0.6627822868937354,-0.49837186151879204,1.2220910332321786,-0.4114677687570971,1.919095315316124,-0.37976217386784894,-0.42008402520840293,-0.4097355387061661,-0.46885190548373656,-0.9144673664504817
0.055714081159608894,0.014875406116053029,0.8907866366284438,0.5431929438490796,-1.0372180062905088,1.3054598240132387,-1.4731568215561341,-0.8772612985734044,1.6551957499138643,-0.4982460200014673,-0.6271552100354432,0.2538566556710388,0.706117397470918,0.31965825609369647,-0.21654569785255828,5.665990493802656,-0.282603993023614,0.9017179422068972,-0.9571664769885428,-0.9511897312113419,-0.1420960445125053,-0.23192034667290004,-0.30560444605526793,-0.34099716973523675,-0.24173208127588555,-0.2581988897471611,-0.20301416340319547,1.7036546083024706,-0.32946173471593376,-0.3156839517433792,-0.26726124191242434,-0.20577968041807276,-0.6627822868937354,2.0065338298845607,-0.8182696483380675,2.430324015464581,-0.5210788604500733,-0.37976217386784894,-0.42008402520840293,-0.4097355387061661,-0.46885190548373656,-0.5973438697617969
0.22364349375999978,-0.04611910086015692,0.22607216234682218,0.5443341354447123,-0.7201067686985057,1.3054598240132387,1.089366261285024,2.3745368757792646,1.6551957499138643,0.004715262018941286,-0.6271552100354432,0.539222451273143,0.706117397470918,0.31965825609369647,-0.21654569785255828,-0.1764916480346692,-0.282603993023614,0.33322852889120685,-0.9571664769885428,1.0513149660756937,-0.1420960445125053,-0.23192034667290004,-0.30560444605526793,-0.34099716973523675,4.1368112776835515,-0.2581988897471611,-0.20301416340319547,-0.5869734364739604,-0.32946173471593376,-0.3156839517433792,-0.26726124191242434,-0.20577968041807276,-0.6627822868937354,-0.49837186151879204,-0.8182696483380675,-0.4114677687570971,-0.5210788604500733,2.633226974174589,-0.42008402520840293,-0.4097355387061661,-0.46885190548373656,-0.26013522055205474
1.6510435008633224,0.014875406116053029,-1.103356786216421,0.9567841881953337,-1.3543292438825112,-0.7660136157433054,0.8632612833872746,0.7139573814736986,-0.37824400135143144,1.513599108080167,1.5945016225624369,0.2538566556710388,0.24245617888536294,0.31965825609369647,-0.21654569785255828,5.665990493802656,-0.282603993023614,-0.6984205696020872,-0.9571664769885428,1.0513149660756937,-0.1420960445125053,-0.23192034667290004,-0.30560444605526793,-0.34099716973523675,-0.24173208127588555,-0.2581988897471611,-0.20301416340319547,1.7036546083024706,-0.32946173471593376,-0.3156839517433792,-0.26726124191242434,-0.20577968041807276,-0.6627822868937354,-0.49837186151879204,1.2220910332321786,-0.4114677687570971,-0.5210788604500733,-0.37976217386784894,2.3804761428476167,-0.4097355387061661,-0.46885190548373656,1.4239908697842887
-0.112215331440782,-0.47932173184947396,1.5555011109100654,0.40268805627717746,-1.1957736250865103,-0.7660136157433054,0.281347696859734,1.285164087131633,-0.9592267874272302,-0.4982460200014673,-0.6271552100354432,0.44410051940577494,0.24245617888536294,0.31965825609369647,-0.21654569785255828,-0.1764916480346692,-0.282603993023614,1.4344192100910642,1.0447503376280172,-0.9511897312113419,-0.1420960445125053,-0.23192034667290004,-0.30560444605526793,-0.34099716973523675,-0.24173208127588555,-0.2581988897471611,-0.20301416340319547,1.7036546083024706,-0.32946173471593376,-0.3156839517433792,-0.26726124191242434,-0.20577968041807276,-0.6627822868937354,-0.49837186151879204,1.2220910332321786,2.430324015464581,-0.5210788604500733,-0.37976217386784894,-0.42008402520840293,-0.4097355387061661,-0.46885190548373656,-0.8569856805176101
1.9029376197639087,1.7899473330309645,-1.103356786216421,-0.6432923025995759,0.07267132528150075,1.3054598240132387,-0.1813787695356598,0.27739225643513443,1.6551957499138643,-1.5041685840422845,-0.6271552100354432,-0.031509139931065404,-0.22120503970019206,0.31965825609369647,-0.21654569785255828,-0.1764916480346692,-0.282603993023614,-1.1093150263900398,-0.9571664769885428,1.0513149660756937,-0.1420960445125053,-0.23192034667290004,-0.30560444605526793,-0.34099716973523675,-0.24173208127588555,-0.2581988897471611,-0.20301416340319547,1.7036546083024706,-0.32946173471593376,-0.3156839517433792,-0.26726124191242434,-0.20577968041807276,-0.6627822868937354,-0.49837186151879204,1.2220910332321786,-0.4114677687570971,1.919095315316124,-0.37976217386784894,-0.42008402520840293,-0.4097355387061661,-0.46885190548373656,0.642193065447661
1.6510435008633224,-0.050467677140254366,0.5584293994876329,0.675125416114995,0.3897825628735039,-0.7660136157433054,0.5915847595566457,1.1566425783585976,1.0742129638380655,-1.5041685840422845,-0.6271552100354432,0.15873472380367074,0.24245617888536294,0.31965825609369647,-0.21654569785255828,-0.1764916480346692,-0.282603993023614,0.6512065396657761,1.0447503376280172,-0.9511897312113419,-0.1420960445125053,-0.23192034667290004,-0.30560444605526793,-0.34099716973523675,-0.24173208127588555,-0.2581988897471611,-0.20301416340319547,1.7036546083024706,-0.32946173471593376,-0.3156839517433792,-0.26726124191242434,-0.20577968041807276,-0.6627822868937354,-0.49837186151879204,1.2220910332321786,-0.4114677687570971,-0.5210788604500733,-0.37976217386784894,-0.42008402520840293,-0.4097355387061661,2.1328696509578076,-0.41350825350699894
1.0632905567619542,-0.5162391065424181,0.8907866366284438,-0.8044684024423444,0.706893800465507,-0.7660136157433054,-0.4267640168665504,-0.16733296439854306,-0.37824400135143144,-1.5041685840422845,-0.6271552100354432,-0.031509139931065404,-0.22120503970019206,0.31965825609369647,-0.21654569785255828,-0.1764916480346692,-0.282603993023614,0.5556428764183631,-0.9571664769885428,1.0513149660756937,-0.1420960445125053,-0.23192034667290004,-0.30560444605526793,-0.34099716973523675,4.1368112776835515,-0.2581988897471611,-0.20301416340319547,-0.5869734364739604,-0.32946173471593376,-0.3156839517433792,-0.26726124191242434,-0.20577968041807276,1.508791076307582,-0.49837186151879204,-0.8182696483380675,-0.4114677687570971,-0.5210788604500733,-0.37976217386784894,2.3804761428476167,-0.4097355387061661,-0.46885190548373656,-0.8966473682852151
-0.6160035692419547,1.7899473330309645,-1.4357140233572319,-0.16317900350370093,0.5483381816695062,1.3054598240132387,1.227833650850312,2.5683391509132067,1.0742129638380655,-1.001207302021876,-0.6271552100354432,0.15873472380367074,0.24245617888536294,0.31965825609369647,-0.21654569785255828,-0.1764916480346692,-0.282603993023614,-1.2704147210988672,1.0447503376280172,-0.9511897312113419,-0.1420960445125053,-0.23192034667290004,-0.30560444605526793,-0.34099716973523675,-0.24173208127588555,3.8729833462074166,-0.20301416340319547,-0.5869734364739604,-0.32946173471593376,-0.3156839517433792,-0.26726124191242434,-0.20577968041807276,1.508791076307582,-0.49837186151879204,-0.8182696483380675,-0.4114677687570971,-0.5210788604500733,2.633226974174589,-0.42008402520840293,-0.4097355387061661,-0.46885190548373656,1.6243178970889385
0.22364349375999978,0.8057789163725441,-0.7709995490756102,-0.32478196347701804,0.3897825628735039,-0.7660136157433054,-0.3689232085671262,0.4589543878764064,-0.6687353943893308,-0.4982460200014673,-0.6271552100354432,0.539222451273143,0.706117397470918,0.31965825609369647,-0.21654569785255828,-0.1764916480346692,-0.282603993023614,-0.74313136982589,-0.9571664769885428,1.0513149660756937,-0.1420960445125053,-0.23192034667290004,-0.30560444605526793,-0.34099716973523675,-0.24173208127588555,-0.2581988897471611,-0.20301416340319547,1.7036546083024706,-0.32946173471593376,-0.3156839517433792,-0.26726124191242434,-0.20577968041807276,-0.6627822868937354,-0.49837186151879204,1.2220910332321786,2.430324015464581,-0.5210788604500733,-0.37976217386784894,-0.42008402520840293,-0.4097355387061661,-0.46885190548373656,0.3126162816198597
0.4755376126605861,-0.1948304418810682,-0.4386423119347994,-0.29012403451175506,0.07267132528150075,-0.7660136157433054,0.4513646182247082,0.6099161600860034,1.6551957499138643,0.004715262018941286,-0.6271552100354432,0.2538566556710388,0.24245617888536294,0.31965825609369647,-0.21654569785255828,-0.1764916480346692,3.53852041969004,-0.44984009218894405,-0.9571664769885428,-0.9511897312113419,-0.1420960445125053,-0.23192034667290004,-0.30560444605526793,-0.34099716973523675,-0.24173208127588555,-0.2581988897471611,-0.20301416340319547,-0.5869734364739604,3.0352538538723257,-0.3156839517433792,-0.26726124191242434,-0.20577968041807276,1.508791076307582,-0.49837186151879204,-0.8182696483380675,-0.4114677687570971,-0.5210788604500733,-0.37976217386784894,-0.42008402520840293,-0.4097355387061661,2.1328696509578076,-0.021860252578766295
0.7274317315611725,1.7899473330309645,1.2231438737692546,0.6245300529527477,0.5483381816695062,1.3054598240132387,1.6905601172457059,0.595635992444555,-1.540209573503029,0.004715262018941286,-0.6271552100354432,-0.031509139931065404,-0.22120503970019206,0.31965825609369647,-0.21654569785255828,-0.1764916480346692,-0.282603993023614,1.2069962820103202,1.0447503376280172,-0.9511897312113419,-0.1420960445125053,-0.23192034667290004,-0.30560444605526793,-0.34099716973523675,-0.24173208127588555,-0.2581988897471611,-0.20301416340319547,1.7036546083024706,-0.32946173471593376,-0.3156839517433792,-0.26726124191242434,-0.20577968041807276,1.508791076307582,-0.49837186151879204,-0.8182696483380675,-0.4114677687570971,-0.5210788604500733,-0.37976217386784894,2.3804761428476167,-0.4097355387061661,-0.46885190548373656,-0.7071220604344786
0.4755376126605861,0.40844444028655125,-0.7709995490756102,0.45447145400664685,-0.40299553110650327,1.3054598240132387,0.45311736999135743,-0.687539071337019,1.6551957499138643,-0.4982460200014673,-0.6271552100354432,0.2538566556710388,0.24245617888536294,0.31965825609369647,-0.21654569785255828,-0.1764916480346692,-0.282603993023614,-0.5430216178739464,1.0447503376280172,-0.9511897312113419,-0.1420960445125053,-0.23192034667290004,-0.30560444605526793,-0.34099716973523675,-0.24173208127588555,-0.2581988897471611,-0.20301416340319547,1.7036546083024706,-0.32946173471593376,-0.3156839517433792,-0.26726124191242434,-0.20577968041807276,-0.6627822868937354,2.0065338298845607,-0.8182696483380675,2.430324015464581,-0.5210788604500733,-0.37976217386784894,-0.42008402520840293,-0.4097355387061661,-0.46885190548373656,0.6299024729963973
0.5595023189607815,1.7899473330309645,-1.4357140233572319,-1.6929414161881582,0.8654494192615079,1.3054598240132387,-0.4618190521995348,0.09175007709630575,-0.37824400135143144,1.513599108080167,1.5945016225624369,0.44410051940577494,0.24245617888536294,0.31965825609369647,-0.21654569785255828,-0.1764916480346692,-0.282603993023614,-1.6632527505247834,-0.9571664769885428,1.0513149660756937,-0.1420960445125053,-0.23192034667290004,-0.30560444605526793,-0.34099716973523675,4.1368112776835515,-0.2581988897471611,-0.20301416340319547,-0.5869734364739604,-0.32946173471593376,-0.3156839517433792,-0.26726124191242434,-0.20577968041807276,1.508791076307582,-0.49837186151879204,-0.8182696483380675,-0.4114677687570971,-0.5210788604500733,-0.37976217386784894,-0.42008402520840293,-0.4097355387061661,2.1328696509578076,0.6900149885454372
0.055714081159608894,0.3305016972855858,2.5525728223324977,1.1507291613887527,-0.8786623874945072,1.3054598240132387,-0.9613533056945621,-0.2020133715277748,-0.9592267874272302,0.5076765440393498,-0.6271552100354432,-3.075410959686844,-3.003172351213522,-3.1283409107596607,-0.21654569785255828,-0.1764916480346692,-0.282603993023614,2.4796874428169224,1.0447503376280172,-0.9511897312113419,-0.1420960445125053,-0.23192034667290004,-0.30560444605526793,-0.34099716973523675,4.1368112776835515,-0.2581988897471611,-0.20301416340319547,-0.5869734364739604,-0.32946173471593376,-0.3156839517433792,-0.26726124191242434,-0.20577968041807276,-0.6627822868937354,2.0065338298845607,-0.8182696483380675,2.430324015464581,-0.5210788604500733,-0.37976217386784894,-0.42008402520840293,-0.4097355387061661,-0.46885190548373656,-0.9783446808959374
-0.19618003774097745,-0.6975945739081223,0.22607216234682218,0.8728074151439639,-1.9885517190665176,-0.7660136157433054,-0.8334024267291692,-1.2220253459169432,1.6551957499138643,-1.001207302021876,-0.6271552100354432,0.44410051940577494,0.24245617888536294,0.31965825609369647,-0.21654569785255828,-0.1764916480346692,-0.282603993023614,0.41757940249496206,1.0447503376280172,-0.9511897312113419,-0.1420960445125053,4.3118252207961625,-0.30560444605526793,-0.34099716973523675,-0.24173208127588555,-0.2581988897471611,-0.20301416340319547,-0.5869734364739604,-0.32946173471593376,-0.3156839517433792,-0.26726124191242434,-0.20577968041807276,-0.6627822868937354,2.0065338298845607,-0.8182696483380675,-0.4114677687570971,-0.5210788604500733,2.633226974174589,-0.42008402520840293,-0.4097355387061661,-0.46885190548373656,-0.1709729244821583
1.0632905567619542,-0.8647009732031584,-0.7709995490756102,-0.011595469543699178,-1.5128848626785127,-0.7660136157433054,0.786140205654709,1.8747310083285724,-0.08775260831353203,-1.001207302021876,-0.6271552100354432,-3.075410959686844,-3.003172351213522,-3.1283409107596607,-0.21654569785255828,-0.1764916480346692,-0.282603993023614,-0.6627060932604405,-0.9571664769885428,1.0513149660756937,-0.1420960445125053,-0.23192034667290004,-0.30560444605526793,2.932575659723036,-0.24173208127588555,-0.2581988897471611,-0.20301416340319547,-0.5869734364739604,-0.32946173471593376,-0.3156839517433792,-0.26726124191242434,-0.20577968041807276,1.508791076307582,-0.49837186151879204,-0.8182696483380675,-0.4114677687570971,1.919095315316124,-0.37976217386784894,-0.42008402520840293,-0.4097355387061661,-0.46885190548373656,0.4401354526894647
0.8113964378613678,-0.10617369884471803,-0.4386423119347994,0.8944315522546218,0.706893800465507,-0.7660136157433054,-0.12003245770293713,1.0016007582514441,1.364704356875965,-1.5041685840422845,-0.6271552100354432,0.15873472380367074,0.24245617888536294,0.31965825609369647,-0.21654569785255828,-0.1764916480346692,-0.282603993023614,-0.14565005680026014,1.0447503376280172,-0.9511897312113419,-0.1420960445125053,-0.23192034667290004,-0.30560444605526793,-0.34099716973523675,-0.24173208127588555,-0.2581988897471611,-0.20301416340319547,-0.5869734364739604,-0.32946173471593376,-0.3156839517433792,-0.26726124191242434,4.859566299103718,-0.6627822868937354,-0.49837186151879204,1.2220910332321786,-0.4114677687570971,-0.5210788604500733,2.633226974174589,-0.42008402520840293,-0.4097355387061661,-0.46885190548373656,0.39154987507821365
-0.44807415664156375,-0.4948362758582803,-0.7709995490756102,0.1703408679514174,-1.0372180062905088,1.3054598240132387,-0.24973608843497933,-1.0975838850414648,-1.540209573503029,0.5076765440393498,-0.6271552100354432,0.44410051940577494,0.24245617888536294,0.31965825609369647,-0.21654569785255828,-0.1764916480346692,-0.282603993023614,-0.6159854314701365,1.0447503376280172,-0.9511897312113419,-0.1420960445125053,-0.23192034667290004,-0.30560444605526793,-0.34099716973523675,-0.24173208127588555,-0.2581988897471611,-0.20301416340319547,-0.5869734364739604,-0.32946173471593376,-0.3156839517433792,-0.26726124191242434,-0.20577968041807276,-0.6627822868937354,2.0065338298845607,-0.8182696483380675,-0.4114677687570971,-0.5210788604500733,-0.37976217386784894,-0.42008402520840293,-0.4097355387061661,-0.46885190548373656,0.5142139056056266
0.8953611441615633,1.4606561347148759,1.2231438737692546,1.37015080843633,-0.5615511499025041,-0.7660136157433054,1.2313391543836105,1.6380882302702853,1.0742129638380655,1.513599108080167,1.5945016225624369,-0.031509139931065404,-0.22120503970019206,0.31965825609369647,-0.21654569785255828,-0.1764916480346692,-0.282603993023614,1.3984692753683103,1.0447503376280172,-0.9511897312113419,-0.1420960445125053,-0.23192034667290004,-0.30560444605526793,2.932575659723036,-0.24173208127588555,-0.2581988897471611,-0.20301416340319547,-0.5869734364739604,-0.32946173471593376,-0.3156839517433792,-0.26726124191242434,-0.20577968041807276,-0.6627822868937354,2.0065338298845607,-0.8182696483380675,-0.4114677687570971,-0.5210788604500733,-0.37976217386784894,-0.42008402520840293,2.4405986435975984,-0.46885190548373656,-0.5553260179592198
0.7274317315611725,-0.48055541738100005,-0.1062850747939886,1.5327929140256864,-2.1471073378625185,1.3054598240132387,-1.0893041846599552,-0.12449246147419797,-0.37824400135143144,-1.5041685840422845,-0.6271552100354432,0.44410051940577494,0.24245617888536294,0.31965825609369647,-0.21654569785255828,-0.1764916480346692,-0.282603993023614,0.3026703057028273,-0.9571664769885428,1.0513149660756937,-0.1420960445125053,-0.23192034667290004,-0.30560444605526793,-0.34099716973523675,-0.24173208127588555,3.8729833462074166,-0.20301416340319547,-0.5869734364739604,-0.32946173471593376,-0.3156839517433792,-0.26726124191242434,-0.20577968041807276,-0.6627822868937354,-0.49837186151879204,1.2220910332321786,-0.4114677687570971,-0.5210788604500733,-0.37976217386784894,2.3804761428476167,-0.4097355387061661,-0.46885190548373656,0.2733722458839589
-0.5320388629417592,-0.948940488981459,-0.4386423119347994,0.18305808707837098,0.07267132528150075,-0.7660136157433054,-0.7352483277968129,-0.1632529165009864,1.364704356875965,-1.001207302021876,-0.6271552100354432,0.15873472380367074,0.24245617888536294,0.31965825609369647,-0.21654569785255828,-0.1764916480346692,3.53852041969004,-0.32832845700708163,-0.9571664769885428,1.0513149660756937,-0.1420960445125053,-0.23192034667290004,3.272203702884454,-0.34099716973523675,-0.24173208127588555,-0.2581988897471611,-0.20301416340319547,-0.5869734364739604,-0.32946173471593376,-0.3156839517433792,-0.26726124191242434,-0.20577968041807276,-0.6627822868937354,2.0065338298845607,-0.8182696483380675,2.430324015464581,-0.5210788604500733,-0.37976217386784894,-0.42008402520840293,-0.4097355387061661,-0.46885190548373656,0.14328039888325356
-0.02825062514058655,-1.832236122038251,0.5584293994876329,-0.77205802394039,-0.5615511499025041,-0.7660136157433054,-0.887737731495295,-0.0061710724450544235,-1.540209573503029,0.5076765440393498,-0.6271552100354432,0.44410051940577494,0.24245617888536294,0.31965825609369647,4.617962905367348,-0.1764916480346692,-0.282603993023614,0.2795745227622195,1.0447503376280172,-0.9511897312113419,-0.1420960445125053,-0.23192034667290004,3.272203702884454,-0.34099716973523675,-0.24173208127588555,-0.2581988897471611,-0.20301416340319547,-0.5869734364739604,-0.32946173471593376,-0.3156839517433792,-0.26726124191242434,-0.20577968041807276,1.508791076307582,-0.49837186151879204,-0.8182696483380675,2.430324015464581,-0.5210788604500733,-0.37976217386784894,-0.42008402520840293,-0.4097355387061661,-0.46885190548373656,-0.7670553627909905
-0.6160035692419547,-1.3657830201416683,-0.7709995490756102,1.2050570066122466,1.499671894445514,1.3054598240132387,1.6484940748461245,2.5928194382985468,-1.2497181804651296,1.513599108080167,1.5945016225624369,0.44410051940577494,0.24245617888536294,0.31965825609369647,-0.21654569785255828,-0.1764916480346692,-0.282603993023614,-0.3502736807065514,1.0447503376280172,-0.9511897312113419,-0.1420960445125053,-0.23192034667290004,-0.30560444605526793,-0.34099716973523675,-0.24173208127588555,-0.2581988897471611,-0.20301416340319547,1.7036546083024706,-0.32946173471593376,-0.3156839517433792,-0.26726124191242434,-0.20577968041807276,-0.6627822868937354,2.0065338298845607,-0.8182696483380675,-0.4114677687570971,1.919095315316124,-0.37976217386784894,-0.42008402520840293,-0.4097355387061661,-0.46885190548373656,0.9355160589560337
-0.112215331440782,-0.1277471853590991,-1.103356786216421,0.8636857744721576,1.3411162756495132,-0.7660136157433054,0.3199082357260168,-0.24485387445211987,-0.9592267874272302,-1.001207302021876,-0.6271552100354432,-0.031509139931065404,-0.22120503970019206,0.31965825609369647,-0.21654569785255828,-0.1764916480346692,-0.282603993023614,-0.7223279405025871,-0.9571664769885428,1.0513149660756937,-0.1420960445125053,-0.23192034667290004,-0.30560444605526793,-0.34099716973523675,-0.24173208127588555,-0.2581988897471611,-0.20301416340319547,1.7036546083024706,-0.32946173471593376,-0.3156839517433792,-0.26726124191242434,-0.20577968041807276,1.508791076307582,-0.49837186151879204,-0.8182696483380675,-0.4114677687570971,-0.5210788604500733,-0.37976217386784894,-0.42008402520840293,2.4405986435975984,-0.46885190548373656,1.3785029597657847
-0.19618003774097745,-0.7268258429589816,-0.4386423119347994,0.2100476303829321,1.182560656853511,-0.7660136157433054,-0.5810061723316817,-0.2591340420935682,0.4932301777622668,0.5076765440393498,-0.6271552100354432,0.15873472380367074,0.24245617888536294,0.31965825609369647,-0.21654569785255828,-0.1764916480346692,-0.282603993023614,-0.3213976297629586,-0.9571664769885428,1.0513149660756937,-0.1420960445125053,-0.23192034667290004,3.272203702884454,-0.34099716973523675,-0.24173208127588555,-0.2581988897471611,-0.20301416340319547,-0.5869734364739604,-0.32946173471593376,-0.3156839517433792,-0.26726124191242434,-0.20577968041807276,-0.6627822868937354,2.0065338298845607,-0.8182696483380675,-0.4114677687570971,-0.5210788604500733,2.633226974174589,-0.42008402520840293,-0.4097355387061661,-0.46885190548373656,0.1526997546885821
-0.02825062514058655,1.2508455314552376,-0.4386423119347994,-1.5048624149865704,-1.6714404814745143,-0.7660136157433054,-0.479346569866027,0.09787014894264076,-0.08775260831353203,-0.4982460200014673,-0.6271552100354432,0.2538566556710388,0.24245617888536294,0.31965825609369647,-0.21654569785255828,-0.1764916480346692,-0.282603993023614,-0.7617809711757431,-0.9571664769885428,1.0513149660756937,-0.1420960445125053,-0.23192034667290004,-0.30560444605526793,-0.34099716973523675,-0.24173208127588555,-0.2581988897471611,-0.20301416340319547,-0.5869734364739604,3.0352538538723257,-0.3156839517433792,-0.26726124191242434,-0.20577968041807276,-0.6627822868937354,-0.49837186151879204,-0.8182696483380675,-0.4114677687570971,-0.5210788604500733,-0.37976217386784894,-0.42008402520840293,-0.4097355387061661,2.1328696509578076,-0.4458041810463206
-0.5320388629417592,1.1907389728621538,-1.4357140233572319,-2.196658930190989,0.23122694407750302,-0.7660136157433054,-1.0349688798938292,-0.7426197179540341,-0.6687353943893308,0.5076765440393498,-0.6271552100354432,0.44410051940577494,0.24245617888536294,0.31965825609369647,-0.21654569785255828,-0.1764916480346692,-0.282603993023614,-1.7926057755091995,-0.9571664769885428,1.0513149660756937,-0.1420960445125053,-0.23192034667290004,-0.30560444605526793,-0.34099716973523675,4.1368112776835515,-0.2581988897471611,-0.20301416340319547,-0.5869734364739604,-0.32946173471593376,-0.3156839517433792,-0.26726124191242434,-0.20577968041807276,-0.6627822868937354,-0.49837186151879204,1.2220910332321786,-0.4114677687570971,-0.5210788604500733,-0.37976217386784894,-0.42008402520840293,-0.4097355387061661,2.1328696509578076,0.3823693472910642
1.8189729134637131,0.041165173006421946,-0.7709995490756102,0.3233847710336977,0.5483381816695062,1.3054598240132387,1.5503399759137684,0.4650744597227414,-0.6687353943893308,1.513599108080167,1.5945016225624369,0.15873472380367074,0.24245617888536294,0.31965825609369647,-0.21654569785255828,-0.1764916480346692,-0.282603993023614,-0.5766842531930527,1.0447503376280172,-0.9511897312113419,-0.1420960445125053,-0.23192034667290004,-0.30560444605526793,-0.34099716973523675,-0.24173208127588555,-0.2581988897471611,-0.20301416340319547,1.7036546083024706,-0.32946173471593376,-0.3156839517433792,-0.26726124191242434,-0.20577968041807276,1.508791076307582,-0.49837186151879204,-0.8182696483380675,-0.4114677687570971,1.919095315316124,-0.37976217386784894,-0.42008402520840293,-0.4097355387061661,-0.46885190548373656,0.5765283158255786
-0.5320388629417592,0.974138499274796,0.22607216234682218,0.24926138838328388,-0.5615511499025041,-0.7660136157433054,-0.6388469806311059,-0.3652152874300417,0.7837215708001662,-0.4982460200014673,-0.6271552100354432,0.539222451273143,0.706117397470918,0.31965825609369647,-0.21654569785255828,-0.1764916480346692,-0.282603993023614,0.2574548038135381,-0.9571664769885428,1.0513149660756937,-0.1420960445125053,-0.23192034667290004,-0.30560444605526793,-0.34099716973523675,-0.24173208127588555,-0.2581988897471611,-0.20301416340319547,1.7036546083024706,-0.32946173471593376,-0.3156839517433792,-0.26726124191242434,-0.20577968041807276,-0.6627822868937354,-0.49837186151879204,1.2220910332321786,-0.4114677687570971,-0.5210788604500733,-0.37976217386784894,-0.42008402520840293,-0.4097355387061661,-0.46885190548373656,-0.34023112259844773
-1.2037565133433228,0.8302252321268252,-1.4357140233572319,-0.9563687043008191,0.07267132528150075,1.3054598240132387,1.6730325995792137,0.8037184352199453,-1.540209573503029,1.513599108080167,1.5945016225624369,0.15873472380367074,0.24245617888536294,0.31965825609369647,-0.21654569785255828,-0.1764916480346692,3.53852041969004,-1.474103265436467,-0.9571664769885428,1.0513149660756937,-0.1420960445125053,-0.23192034667290004,-0.30560444605526793,-0.34099716973523675,-0.24173208127588555,-0.2581988897471611,-0.20301416340319547,1.7036546083024706,-0.32946173471593376,-0.3156839517433792,-0.26726124191242434,-0.20577968041807276,-0.6627822868937354,2.0065338298845607,-0.8182696483380675,-0.4114677687570971,-0.5210788604500733,2.633226974174589,-0.42008402520840293,-0.4097355387061661,-0.46885190548373656,1.1398770202987731
0.4755376126605861,0.145288331999816,0.5584293994876329,1.0207438547080803,-0.2444399123105017,-0.7660136157433054,-1.4240797720899558,-0.5406573470249787,1.364704356875965,-0.4982460200014673,-0.6271552100354432,0.539222451273143,0.706117397470918,0.31965825609369647,-0.21654569785255828,-0.1764916480346692,-0.282603993023614,0.7399602345038618,-0.9571664769885428,1.0513149660756937,-0.1420960445125053,-0.23192034667290004,-0.30560444605526793,-0.34099716973523675,-0.24173208127588555,-0.2581988897471611,4.925764701519638,-0.5869734364739604,-0.32946173471593376,-0.3156839517433792,-0.26726124191242434,-0.20577968041807276,1.508791076307582,-0.49837186151879204,-0.8182696483380675,-0.4114677687570971,-0.5210788604500733,-0.37976217386784894,-0.42008402520840293,-0.4097355387061661,2.1328696509578076,-0.32907362241755295
2.4067258575650814,-1.2673697054235098,1.5555011109100654,1.0378698116138876,-0.7201067686985057,-0.7660136157433054,1.627461053646334,1.8012901461725521,-1.2497181804651296,0.5076765440393498,-0.6271552100354432,0.44410051940577494,0.24245617888536294,0.31965825609369647,-0.21654569785255828,-0.1764916480346692,-0.282603993023614,1.5975318261579596,1.0447503376280172,-0.9511897312113419,-0.1420960445125053,-0.23192034667290004,-0.30560444605526793,-0.34099716973523675,-0.24173208127588555,-0.2581988897471611,-0.20301416340319547,-0.5869734364739604,-0.32946173471593376,-0.3156839517433792,3.741657386773941,-0.20577968041807276,-0.6627822868937354,-0.49837186151879204,1.2220910332321786,-0.4114677687570971,-0.5210788604500733,2.633226974174589,-0.42008402520840293,-0.4097355387061661,-0.46885190548373656,-0.7376203048540274
-1.2037565133433228,-2.1821161735425703,-0.1062850747939886,-0.7049054092629184,0.8654494192615079,-0.7660136157433054,-0.2865438755346129,-0.17141301229609973,-1.2497181804651296,0.5076765440393498,-0.6271552100354432,0.539222451273143,0.706117397470918,0.31965825609369647,-0.21654569785255828,-0.1764916480346692,-0.282603993023614,-0.2719633710573393,1.0447503376280172,-0.9511897312113419,-0.1420960445125053,-0.23192034667290004,-0.30560444605526793,-0.34099716973523675,4.1368112776835515,-0.2581988897471611,-0.20301416340319547,-0.5869734364739604,-0.32946173471593376,-0.3156839517433792,-0.26726124191242434,-0.20577968041807276,1.508791076307582,-0.49837186151879204,-0.8182696483380675,-0.4114677687570971,-0.5210788604500733,-0.37976217386784894,2.3804761428476167,-0.4097355387061661,-0.46885190548373656,-0.4099652562522973
-0.3641094503413683,-0.06962292067822427,-0.4386423119347994,0.6789248677778666,-0.5615511499025041,-0.7660136157433054,1.331246005082616,-1.062903477912233,0.4932301777622668,1.0106378260597584,1.5945016225624369,-3.075410959686844,-3.003172351213522,-3.1283409107596607,-0.21654569785255828,-0.1764916480346692,-0.282603993023614,-0.20099147488975255,-0.9571664769885428,1.0513149660756937,-0.1420960445125053,-0.23192034667290004,-0.30560444605526793,-0.34099716973523675,-0.24173208127588555,-0.2581988897471611,-0.20301416340319547,1.7036546083024706,-0.32946173471593376,-0.3156839517433792,-0.26726124191242434,-0.20577968041807276,-0.6627822868937354,-0.49837186151879204,1.2220910332321786,-0.4114677687570971,-0.5210788604500733,-0.37976217386784894,2.3804761428476167,-0.4097355387061661,-0.46885190548373656,0.3163380007383401
-0.867897688142541,-1.597160734398188,-0.4386423119347994,0.5503698415752579,-1.3543292438825112,1.3054598240132387,-1.6186352181880193,-0.9486621367806461,-0.9592267874272302,-1.001207302021876,-0.6271552100354432,-0.031509139931065404,-0.22120503970019206,0.31965825609369647,-0.21654569785255828,-0.1764916480346692,-0.282603993023614,-0.23400398895565225,1.0447503376280172,-0.9511897312113419,-0.1420960445125053,-0.23192034667290004,-0.30560444605526793,-0.34099716973523675,-0.24173208127588555,-0.2581988897471611,-0.20301416340319547,-0.5869734364739604,3.0352538538723257,-0.3156839517433792,-0.26726124191242434,-0.20577968041807276,-0.6627822868937354,2.0065338298845607,-0.8182696483380675,2.430324015464581,-0.5210788604500733,-0.37976217386784894,-0.42008402520840293,-0.4097355387061661,-0.46885190548373656,0.271472271863222
0.5595023189607815,-1.8726938359242387,-0.1062850747939886,0.39695927161420536,-1.829996100270516,1.3054598240132387,-1.0998206952598504,-0.19589329968143976,-0.37824400135143144,1.513599108080167,1.5945016225624369,0.44410051940577494,0.24245617888536294,0.31965825609369647,-0.21654569785255828,-0.1764916480346692,-0.282603993023614,0.010991907710560187,-0.9571664769885428,1.0513149660756937,-0.1420960445125053,-0.23192034667290004,-0.30560444605526793,-0.34099716973523675,-0.24173208127588555,-0.2581988897471611,-0.20301416340319547,-0.5869734364739604,-0.32946173471593376,-0.3156839517433792,-0.26726124191242434,-0.20577968041807276,-0.6627822868937354,-0.49837186151879204,1.2220910332321786,-0.4114677687570971,-0.5210788604500733,-0.37976217386784894,-0.42008402520840293,2.4405986435975984,-0.46885190548373656,-0.07348314385736997
1.8189729134637131,1.7464254327973026,0.22607216234682218,-0.5930233121117264,0.3897825628735039,-0.7660136157433054,-1.5800746793217364,-0.7895402687759359,-1.2497181804651296,-1.5041685840422845,-0.6271552100354432,0.2538566556710388,0.706117397470918,0.31965825609369647,-0.21654569785255828,-0.1764916480346692,-0.282603993023614,0.041158822676558536,1.0447503376280172,-0.9511897312113419,-0.1420960445125053,-0.23192034667290004,-0.30560444605526793,-0.34099716973523675,-0.24173208127588555,-0.2581988897471611,-0.20301416340319547,1.7036546083024706,-0.32946173471593376,-0.3156839517433792,-0.26726124191242434,-0.20577968041807276,1.508791076307582,-0.49837186151879204,-0.8182696483380675,-0.4114677687570971,-0.5210788604500733,-0.37976217386784894,2.3804761428476167,-0.4097355387061661,-0.46885190548373656,-0.5688647512133576
1.1472552630621498,0.04772692568365173,-1.103356786216421,-0.8479571406508845,-0.5615511499025041,-0.7660136157433054,0.8702722904538714,-1.0363831665781147,-0.6687353943893308,-0.4982460200014673,-0.6271552100354432,-3.075410959686844,-3.003172351213522,-3.1283409107596607,-0.21654569785255828,-0.1764916480346692,-0.282603993023614,-1.1618722934572585,-0.9571664769885428,1.0513149660756937,-0.1420960445125053,-0.23192034667290004,-0.30560444605526793,2.932575659723036,-0.24173208127588555,-0.2581988897471611,-0.20301416340319547,-0.5869734364739604,-0.32946173471593376,-0.3156839517433792,-0.26726124191242434,-0.20577968041807276,-0.6627822868937354,2.0065338298845607,-0.8182696483380675,-0.4114677687570971,-0.5210788604500733,2.633226974174589,-0.42008402520840293,-0.4097355387061661,-0.46885190548373656,0.5421937704552485
0.5595023189607815,-0.25730313373111713,-0.1062850747939886,0.9024456077137862,-0.5615511499025041,1.3054598240132387,0.13236379669455037,-1.1934650106340465,-0.08775260831353203,0.004715262018941286,-0.6271552100354432,0.2538566556710388,0.24245617888536294,0.31965825609369647,-0.21654569785255828,-0.1764916480346692,-0.282603993023614,0.14079916047644855,1.0447503376280172,-0.9511897312113419,-0.1420960445125053,-0.23192034667290004,-0.30560444605526793,-0.34099716973523675,-0.24173208127588555,-0.2581988897471611,-0.20301416340319547,1.7036546083024706,-0.32946173471593376,-0.3156839517433792,-0.26726124191242434,-0.20577968041807276,-0.6627822868937354,-0.49837186151879204,1.2220910332321786,-0.4114677687570971,-0.5210788604500733,-0.37976217386784894,-0.42008402520840293,-0.4097355387061661,2.1328696509578076,0.0808798311153497
-1.2877212196435182,-1.7178191267555982,0.5584293994876329,1.011943192148279,-1.5128848626785127,-0.7660136157433054,-0.4337750239331473,-0.05105159931817784,-0.37824400135143144,0.5076765440393498,-0.6271552100354432,0.44410051940577494,0.24245617888536294,0.31965825609369647,-0.21654569785255828,-0.1764916480346692,-0.282603993023614,0.7377002528825538,-0.9571664769885428,-0.9511897312113419,-0.1420960445125053,-0.23192034667290004,-0.30560444605526793,-0.34099716973523675,-0.24173208127588555,3.8729833462074166,-0.20301416340319547,-0.5869734364739604,-0.32946173471593376,-0.3156839517433792,-0.26726124191242434,-0.20577968041807276,-0.6627822868937354,-0.49837186151879204,-0.8182696483380675,-0.4114677687570971,-0.5210788604500733,2.633226974174589,-0.42008402520840293,-0.4097355387061661,-0.46885190548373656,-0.3312236254660139
-0.2801447440411729,-1.1634870602450589,2.220215585191687,0.6584528170396611,1.499671894445514,-0.7660136157433054,1.483735408781098,-0.39785567061049515,-0.37824400135143144,-0.4982460200014673,-0.6271552100354432,-0.031509139931065404,-0.22120503970019206,0.31965825609369647,-0.21654569785255828,-0.1764916480346692,-0.282603993023614,2.0688812393079714,-0.9571664769885428,-0.9511897312113419,7.037493572961446,-0.23192034667290004,-0.30560444605526793,-0.34099716973523675,-0.24173208127588555,-0.2581988897471611,-0.20301416340319547,-0.5869734364739604,3.0352538538723257,-0.3156839517433792,-0.26726124191242434,-0.20577968041807276,1.508791076307582,-0.49837186151879204,-0.8182696483380675,2.430324015464581,-0.5210788604500733,-0.37976217386784894,-0.42008402520840293,-0.4097355387061661,-0.46885190548373656,-0.9828505227718974
0.055714081159608894,0.015715110760072374,-0.4386423119347994,0.6152896902816412,0.8654494192615079,1.3054598240132387,-0.2111755495686965,0.38347350177160794,-1.540209573503029,0.004715262018941286,-0.6271552100354432,0.44410051940577494,0.24245617888536294,0.31965825609369647,-0.21654569785255828,-0.1764916480346692,-0.282603993023614,-0.21733278222120864,-0.9571664769885428,1.0513149660756937,-0.1420960445125053,-0.23192034667290004,-0.30560444605526793,-0.34099716973523675,-0.24173208127588555,-0.2581988897471611,-0.20301416340319547,-0.5869734364739604,-0.32946173471593376,-0.3156839517433792,-0.26726124191242434,-0.20577968041807276,-0.6627822868937354,-0.49837186151879204,1.2220910332321786,-0.4114677687570971,1.919095315316124,-0.37976217386784894,-0.42008402520840293,-0.4097355387061661,-0.46885190548373656,0.2941293115505211
0.39157290636039066,-1.0273366417392729,0.5584293994876329,0.2343951563750383,1.499671894445514,-0.7660136157433054,-1.3662389637905317,-0.5651376344103188,1.0742129638380655,0.5076765440393498,-0.6271552100354432,0.15873472380367074,0.24245617888536294,0.31965825609369647,-0.21654569785255828,-0.1764916480346692,-0.282603993023614,0.5380284374264913,1.0447503376280172,-0.9511897312113419,-0.1420960445125053,4.3118252207961625,-0.30560444605526793,-0.34099716973523675,-0.24173208127588555,-0.2581988897471611,-0.20301416340319547,-0.5869734364739604,-0.32946173471593376,-0.3156839517433792,-0.26726124191242434,-0.20577968041807276,-0.6627822868937354,2.0065338298845607,-0.8182696483380675,-0.4114677687570971,-0.5210788604500733,-0.37976217386784894,-0.42008402520840293,2.4405986435975984,-0.46885190548373656,-0.5211787153104323
0.22364349375999978,0.8356969507877993,-0.4386423119347994,0.39844736001102743,1.3411162756495132,1.3054598240132387,-0.16034574833586915,-1.1343043161194748,1.6551957499138643,-0.4982460200014673,-0.6271552100354432,0.539222451273143,0.706117397470918,0.31965825609369647,-0.21654569785255828,-0.1764916480346692,-0.282603993023614,-0.27301718982156875,1.0447503376280172,-0.9511897312113419,-0.1420960445125053,-0.23192034667290004,-0.30560444605526793,-0.34099716973523675,-0.24173208127588555,-0.2581988897471611,-0.20301416340319547,-0.5869734364739604,-0.32946173471593376,3.1677251709421848,-0.26726124191242434,-0.20577968041807276,-0.6627822868937354,2.0065338298845607,-0.8182696483380675,2.430324015464581,-0.5210788604500733,-0.37976217386784894,-0.42008402520840293,-0.4097355387061661,-0.46885190548373656,0.21845129657164986
-1.6235800448443,1.1057213388709903,0.22607216234682218,-0.961615608058274,0.07267132528150075,-0.7660136157433054,0.8439810139541332,-0.06329174301084786,-0.37824400135143144,0.004715262018941286,-0.6271552100354432,0.539222451273143,0.706117397470918,0.31965825609369647,-0.21654569785255828,-0.1764916480346692,3.53852041969004,-0.053494484268749094,-0.9571664769885428,1.0513149660756937,-0.1420960445125053,4.3118252207961625,-0.30560444605526793,-0.34099716973523675,-0.24173208127588555,-0.2581988897471611,-0.20301416340319547,-0.5869734364739604,-0.32946173471593376,-0.3156839517433792,-0.26726124191242434,-0.20577968041807276,1.508791076307582,-0.49837186151879204,-0.8182696483380675,-0.4114677687570971,1.919095315316124,-0.37976217386784894,-0.42008402520840293,-0.4097355387061661,-0.46885190548373656,-0.668917137362878
-1.6235800448443,0.7501546474458712,-0.4386423119347994,0.38881921435254796,-1.6714404814745143,-0.7660136157433054,0.48641965355769257,1.5299669609850335,1.6551957499138643,0.5076765440393498,-0.6271552100354432,0.44410051940577494,0.24245617888536294,0.31965825609369647,-0.21654569785255828,-0.1764916480346692,-0.282603993023614,-0.2754896664206411,1.0447503376280172,-0.9511897312113419,-0.1420960445125053,-0.23192034667290004,-0.30560444605526793,-0.34099716973523675,-0.24173208127588555,-0.2581988897471611,-0.20301416340319547,-0.5869734364739604,-0.32946173471593376,3.1677251709421848,-0.26726124191242434,-0.20577968041807276,-0.6627822868937354,2.0065338298845607,-0.8182696483380675,-0.4114677687570971,-0.5210788604500733,2.633226974174589,-0.42008402520840293,-0.4097355387061661,-0.46885190548373656,0.21509107188465323
-0.3641094503413683,-0.1951633035649898,-0.7709995490756102,0.32574091130250576,1.02400503805751,-0.7660136157433054,-1.4994480980558724,-0.9527421846782028,-1.540209573503029,0.004715262018941286,-0.6271552100354432,0.44410051940577494,0.24245617888536294,0.31965825609369647,-0.21654569785255828,-0.1764916480346692,-0.282603993023614,-0.5760792040085686,1.0447503376280172,-0.9511897312113419,-0.1420960445125053,-0.23192034667290004,-0.30560444605526793,-0.34099716973523675,-0.24173208127588555,-0.2581988897471611,-0.20301416340319547,1.7036546083024706,-0.32946173471593376,-0.3156839517433792,-0.26726124191242434,-0.20577968041807276,1.508791076307582,-0.49837186151879204,-0.8182696483380675,-0.4114677687570971,-0.5210788604500733,-0.37976217386784894,-0.42008402520840293,-0.4097355387061661,2.1328696509578076,0.5774876581338266
-1.4556506322439091,0.21057387557912324,-1.103356786216421,0.7676828457275036,-2.1471073378625185,-0.7660136157433054,1.2558776791166997,-1.1955050345828249,0.7837215708001662,1.513599108080167,1.5945016225624369,0.2538566556710388,0.24245617888536294,0.31965825609369647,-0.21654569785255828,-0.1764916480346692,-0.282603993023614,-0.7469811814467064,1.0447503376280172,-0.9511897312113419,-0.1420960445125053,-0.23192034667290004,-0.30560444605526793,-0.34099716973523675,-0.24173208127588555,-0.2581988897471611,-0.20301416340319547,-0.5869734364739604,-0.32946173471593376,-0.3156839517433792,3.741657386773941,-0.20577968041807276,-0.6627822868937354,-0.49837186151879204,1.2220910332321786,-0.4114677687570971,-0.5210788604500733,2.633226974174589,-0.42008402520840293,-0.4097355387061661,-0.46885190548373656,1.3315959029255402
-1.0358271007429318,-1.8107157454646778,1.8878583480508762,0.26668586638926933,1.499671894445514,-0.7660136157433054,-0.3899562297669168,-0.9609022804733162,-0.6687353943893308,-1.5041685840422845,-0.6271552100354432,-0.031509139931065404,-0.22120503970019206,0.31965825609369647,-0.21654569785255828,-0.1764916480346692,-0.282603993023614,1.683885522337322,1.0447503376280172,-0.9511897312113419,-0.1420960445125053,-0.23192034667290004,-0.30560444605526793,-0.34099716973523675,-0.24173208127588555,-0.2581988897471611,-0.20301416340319547,-0.5869734364739604,-0.32946173471593376,-0.3156839517433792,3.741657386773941,-0.20577968041807276,-0.6627822868937354,-0.49837186151879204,-0.8182696483380675,-0.4114677687570971,-0.5210788604500733,-0.37976217386784894,2.3804761428476167,-0.4097355387061661,-0.46885190548373656,-0.9704611574763958
-0.02825062514058655,0.7104849415065908,1.5555011109100654,-0.21790891369359272,1.02400503805751,-0.7660136157433054,-0.6791602712640379,0.31207266356436614,0.7837215708001662,0.5076765440393498,-0.6271552100354432,-0.031509139931065404,-0.22120503970019206,0.31965825609369647,4.617962905367348,-0.1764916480346692,-0.282603993023614,1.2750519196350272,-0.9571664769885428,1.0513149660756937,-0.1420960445125053,-0.23192034667290004,-0.30560444605526793,-0.34099716973523675,4.1368112776835515,-0.2581988897471611,-0.20301416340319547,-0.5869734364739604,-0.32946173471593376,-0.3156839517433792,-0.26726124191242434,-0.20577968041807276,1.508791076307582,-0.49837186151879204,-0.8182696483380675,-0.4114677687570971,-0.5210788604500733,-0.37976217386784894,2.3804761428476167,-0.4097355387061661,-0.46885190548373656,-0.9736102369281979
0.5595023189607815,-0.18802022661125348,1.5555011109100654,1.228407723918804,-1.5128848626785127,1.3054598240132387,0.4794086464910957,0.6629567827542402,1.6551957499138643,-1.001207302021876,-0.6271552100354432,0.44410051940577494,0.24245617888536294,0.31965825609369647,-0.21654569785255828,-0.1764916480346692,-0.282603993023614,1.646461344480639,1.0447503376280172,-0.9511897312113419,-0.1420960445125053,-0.23192034667290004,-0.30560444605526793,-0.34099716973523675,-0.24173208127588555,-0.2581988897471611,-0.20301416340319547,-0.5869734364739604,-0.32946173471593376,3.1677251709421848,-0.26726124191242434,-0.20577968041807276,-0.6627822868937354,-0.49837186151879204,1.2220910332321786,-0.4114677687570971,1.919095315316124,-0.37976217386784894,-0.42008402520840293,-0.4097355387061661,-0.46885190548373656,-0.7018138143663167
-1.2877212196435182,0.4070524936714084,-2.100428497638853,-1.3768938385778897,0.3897825628735039,-0.7660136157433054,-0.018372855237282437,1.1750027938976026,0.7837215708001662,1.0106378260597584,1.5945016225624369,0.44410051940577494,0.24245617888536294,0.31965825609369647,-0.21654569785255828,-0.1764916480346692,-0.282603993023614,-2.1508752245629275,-0.9571664769885428,1.0513149660756937,-0.1420960445125053,-0.23192034667290004,-0.30560444605526793,-0.34099716973523675,-0.24173208127588555,3.8729833462074166,-0.20301416340319547,-0.5869734364739604,-0.32946173471593376,-0.3156839517433792,-0.26726124191242434,-0.20577968041807276,-0.6627822868937354,-0.49837186151879204,1.2220910332321786,-0.4114677687570971,1.919095315316124,-0.37976217386784894,-0.42008402520840293,-0.4097355387061661,-0.46885190548373656,3.879471130840663
1.0632905567619542,-0.6000969617995565,-0.4386423119347994,1.171653495968733,1.182560656853511,1.3054598240132387,-0.17962601776901058,0.8241186747077288,1.6551957499138643,1.513599108080167,1.5945016225624369,0.2538566556710388,0.24245617888536294,0.31965825609369647,-0.21654569785255828,-0.1764916480346692,-0.282603993023614,-0.07446036016549495,-0.9571664769885428,1.0513149660756937,-0.1420960445125053,-0.23192034667290004,-0.30560444605526793,-0.34099716973523675,-0.24173208127588555,-0.2581988897471611,-0.20301416340319547,-0.5869734364739604,-0.32946173471593376,-0.3156839517433792,3.741657386773941,-0.20577968041807276,-0.6627822868937354,-0.49837186151879204,1.2220910332321786,-0.4114677687570971,-0.5210788604500733,-0.37976217386784894,-0.42008402520840293,2.4405986435975984,-0.46885190548373656,0.48830038676422194
0.7274317315611725,0.29542605327009197,0.5584293994876329,-0.41377874454836827,0.07267132528150075,-0.7660136157433054,0.6827278514224051,-0.8793013225221827,0.4932301777622668,0.5076765440393498,-0.6271552100354432,0.44410051940577494,0.24245617888536294,0.31965825609369647,-0.21654569785255828,-0.1764916480346692,-0.282603993023614,0.37157948048210215,-0.9571664769885428,1.0513149660756937,-0.1420960445125053,-0.23192034667290004,-0.30560444605526793,-0.34099716973523675,-0.24173208127588555,-0.2581988897471611,-0.20301416340319547,1.7036546083024706,-0.32946173471593376,-0.3156839517433792,-0.26726124191242434,-0.20577968041807276,-0.6627822868937354,-0.49837186151879204,1.2220910332321786,-0.4114677687570971,-0.5210788604500733,-0.37976217386784894,-0.42008402520840293,-0.4097355387061661,2.1328696509578076,-0.6795276865894488
0.5595023189607815,1.1149486887894724,-0.1062850747939886,0.38911383256881804,0.07267132528150075,-0.7660136157433054,-1.0822931775933582,-0.0877720303961879,-0.37824400135143144,0.004715262018941286,-0.6271552100354432,0.539222451273143,0.706117397470918,0.31965825609369647,-0.21654569785255828,-0.1764916480346692,-0.282603993023614,0.008977224391754655,-0.9571664769885428,1.0513149660756937,-0.1420960445125053,-0.23192034667290004,-0.30560444605526793,-0.34099716973523675,-0.24173208127588555,-0.2581988897471611,-0.20301416340319547,-0.5869734364739604,-0.32946173471593376,3.1677251709421848,-0.26726124191242434,-0.20577968041807276,-0.6627822868937354,-0.49837186151879204,1.2220910332321786,-0.4114677687570971,-0.5210788604500733,-0.37976217386784894,-0.42008402520840293,-0.4097355387061661,2.1328696509578076,-0.07587894612644364
-1.5396153385441045,-1.225334041150712,-1.103356786216421,-0.33467346547546883,0.23122694407750302,-0.7660136157433054,-0.7405065830967605,-1.0527033581683414,1.364704356875965,0.5076765440393498,-0.6271552100354432,-3.075410959686844,-3.003172351213522,-3.1283409107596607,-0.21654569785255828,-0.1764916480346692,-0.282603993023614,-1.0300627092888481,1.0447503376280172,-0.9511897312113419,-0.1420960445125053,-0.23192034667290004,-0.30560444605526793,-0.34099716973523675,-0.24173208127588555,-0.2581988897471611,-0.20301416340319547,1.7036546083024706,-0.32946173471593376,-0.3156839517433792,-0.26726124191242434,-0.20577968041807276,1.508791076307582,-0.49837186151879204,-0.8182696483380675,-0.4114677687570971,-0.5210788604500733,-0.37976217386784894,2.3804761428476167,-0.4097355387061661,-0.46885190548373656,0.7929843123840401
-0.112215331440782,-0.24625503821963804,0.22607216234682218,-0.018306879988646017,0.07267132528150075,-0.7660136157433054,1.131432303684605,-0.9792624960123212,1.6551957499138643,-1.5041685840422845,-0.6271552100354432,0.539222451273143,0.706117397470918,0.31965825609369647,-0.21654569785255828,-0.1764916480346692,-0.282603993023614,0.18874413971787443,1.0447503376280172,-0.9511897312113419,-0.1420960445125053,-0.23192034667290004,-0.30560444605526793,-0.34099716973523675,-0.24173208127588555,-0.2581988897471611,-0.20301416340319547,-0.5869734364739604,-0.32946173471593376,-0.3156839517433792,-0.26726124191242434,-0.20577968041807276,-0.6627822868937354,2.0065338298845607,-0.8182696483380675,-0.4114677687570971,-0.5210788604500733,2.633226974174589,-0.42008402520840293,-0.4097355387061661,-0.46885190548373656,-0.4128610825919388
-0.02825062514058655,-1.3021037383334457,0.5584293994876329,-0.3023063029043414,1.499671894445514,-0.7660136157433054,1.3119657356494747,0.9954806864051091,0.4932301777622668,-0.4982460200014673,-0.6271552100354432,-0.031509139931065404,-0.22120503970019206,0.31965825609369647,4.617962905367348,-0.1764916480346692,-0.282603993023614,0.4002052422001524,1.0447503376280172,-0.9511897312113419,-0.1420960445125053,-0.23192034667290004,-0.30560444605526793,-0.34099716973523675,-0.24173208127588555,-0.2581988897471611,-0.20301416340319547,-0.5869734364739604,3.0352538538723257,-0.3156839517433792,-0.26726124191242434,-0.20577968041807276,1.508791076307582,-0.49837186151879204,-0.8182696483380675,-0.4114677687570971,1.919095315316124,-0.37976217386784894,-0.42008402520840293,-0.4097355387061661,-0.46885190548373656,-0.6522949540848774
0.8113964378613678,1.5111738160350237,-0.1062850747939886,0.21798349736359532,0.07267132528150075,1.3054598240132387,0.6056067736898395,-1.0465832863220064,0.7837215708001662,1.513599108080167,1.5945016225624369,0.2538566556710388,0.706117397470918,0.31965825609369647,-0.21654569785255828,-0.1764916480346692,-0.282603993023614,-0.03496849103411011,-0.9571664769885428,1.0513149660756937,-0.1420960445125053,-0.23192034667290004,-0.30560444605526793,-0.34099716973523675,-0.24173208127588555,-0.2581988897471611,-0.20301416340319547,1.7036546083024706,-0.32946173471593376,-0.3156839517433792,-0.26726124191242434,-0.20577968041807276,1.508791076307582,-0.49837186151879204,-0.8182696483380675,-0.4114677687570971,1.919095315316124,-0.37976217386784894,-0.42008402520840293,-0.4097355387061661,-0.46885190548373656,-0.12813790104536144
-1.8754741637448864,1.5327969954176848,0.22607216234682218,-0.9914853374321625,1.499671894445514,1.3054598240132387,0.8282062480542902,-0.13469258121808966,-0.37824400135143144,1.0106378260597584,1.5945016225624369,0.2538566556710388,0.24245617888536294,0.31965825609369647,-0.21654569785255828,-0.1764916480346692,-0.282603993023614,-0.06116493396043212,1.0447503376280172,-0.9511897312113419,-0.1420960445125053,-0.23192034667290004,-0.30560444605526793,-0.34099716973523675,-0.24173208127588555,-0.2581988897471611,-0.20301416340319547,-0.5869734364739604,-0.32946173471593376,-0.3156839517433792,3.741657386773941,-0.20577968041807276,-0.6627822868937354,-0.49837186151879204,1.2220910332321786,-0.4114677687570971,-0.5210788604500733,-0.37976217386784894,-0.42008402520840293,-0.4097355387061661,2.1328696509578076,-0.6770251139276712
1.5670787945631268,-0.26259340198141046,0.5584293994876329,-0.579776453599465,1.02400503805751,1.3054598240132387,-1.5905911899216316,-1.1853049148389332,-0.9592267874272302,1.513599108080167,1.5945016225624369,-0.031509139931065404,-0.22120503970019206,0.31965825609369647,-0.21654569785255828,-0.1764916480346692,-0.282603993023614,0.32895180681713293,1.0447503376280172,-0.9511897312113419,-0.1420960445125053,-0.23192034667290004,3.272203702884454,-0.34099716973523675,-0.24173208127588555,-0.2581988897471611,-0.20301416340319547,-0.5869734364739604,-0.32946173471593376,-0.3156839517433792,-0.26726124191242434,-0.20577968041807276,-0.6627822868937354,-0.49837186151879204,1.2220910332321786,-0.4114677687570971,-0.5210788604500733,-0.37976217386784894,2.3804761428476167,-0.4097355387061661,-0.46885190548373656,-0.7200809492639683
0.30760820006019524,1.7641874489919087,0.22607216234682218,0.6462911961073039,0.706893800465507,-0.7660136157433054,0.7510851703217246,2.035892900282061,0.20273878472436738,-1.5041685840422845,-0.6271552100354432,0.539222451273143,0.706117397470918,0.31965825609369647,-0.21654569785255828,-0.1764916480346692,-0.282603993023614,0.35941077161376556,1.0447503376280172,-0.9511897312113419,-0.1420960445125053,-0.23192034667290004,-0.30560444605526793,-0.34099716973523675,-0.24173208127588555,-0.2581988897471611,-0.20301416340319547,1.7036546083024706,-0.32946173471593376,-0.3156839517433792,-0.26726124191242434,-0.20577968041807276,-0.6627822868937354,-0.49837186151879204,-0.8182696483380675,-0.4114677687570971,-0.5210788604500733,2.633226974174589,-0.42008402520840293,-0.4097355387061661,-0.46885190548373656,-0.232459527608209
-1.0358271007429318,1.7899473330309645,-1.4357140233572319,0.17480202564188077,1.182560656853511,1.3054598240132387,0.6161232842897347,-0.8793013225221827,0.7837215708001662,-1.5041685840422845,-0.6271552100354432,0.44410051940577494,0.24245617888536294,0.31965825609369647,-0.21654569785255828,-0.1764916480346692,-0.282603993023614,-1.1836222882531005,-0.9571664769885428,1.0513149660756937,-0.1420960445125053,-0.23192034667290004,-0.30560444605526793,-0.34099716973523675,-0.24173208127588555,-0.2581988897471611,-0.20301416340319547,-0.5869734364739604,-0.32946173471593376,-0.3156839517433792,-0.26726124191242434,-0.20577968041807276,-0.6627822868937354,2.0065338298845607,-0.8182696483380675,-0.4114677687570971,-0.5210788604500733,-0.37976217386784894,-0.42008402520840293,2.4405986435975984,-0.46885190548373656,1.8307399244213474
0.30760820006019524,0.5713226416111635,-0.4386423119347994,0.5513186305239192,-1.1957736250865103,1.3054598240132387,-1.552030651055349,-0.9772224720635428,-1.2497181804651296,1.0106378260597584,1.5945016225624369,0.2538566556710388,0.706117397470918,0.31965825609369647,-0.21654569785255828,-0.1764916480346692,-0.282603993023614,-0.23376034302878002,-0.9571664769885428,1.0513149660756937,-0.1420960445125053,4.3118252207961625,-0.30560444605526793,-0.34099716973523675,-0.24173208127588555,-0.2581988897471611,-0.20301416340319547,-0.5869734364739604,-0.32946173471593376,-0.3156839517433792,-0.26726124191242434,-0.20577968041807276,1.508791076307582,-0.49837186151879204,-0.8182696483380675,-0.4114677687570971,1.919095315316124,-0.37976217386784894,-0.42008402520840293,-0.4097355387061661,-0.46885190548373656,0.2718033993888252
1.0632905567619542,0.8075018993183933,-0.4386423119347994,-1.0120770898515057,-0.2444399123105017,-0.7660136157433054,-1.6607012605876004,-1.1608246274535932,-0.6687353943893308,0.5076765440393498,-0.6271552100354432,-0.031509139931065404,-0.22120503970019206,0.31965825609369647,-0.21654569785255828,-0.1764916480346692,-0.282603993023614,-0.6352352968599765,1.0447503376280172,-0.9511897312113419,-0.1420960445125053,-0.23192034667290004,-0.30560444605526793,-0.34099716973523675,-0.24173208127588555,-0.2581988897471611,-0.20301416340319547,1.7036546083024706,-0.32946173471593376,-0.3156839517433792,-0.26726124191242434,-0.20577968041807276,-0.6627822868937354,-0.49837186151879204,1.2220910332321786,-0.4114677687570971,-0.5210788604500733,-0.37976217386784894,-0.42008402520840293,-0.4097355387061661,2.1328696509578076,-0.2738220077760065
-2.505209460996352,-0.3437395748728105,-0.4386423119347994,0.3781604186273202,1.499671894445514,-0.7660136157433054,-0.45480804513293793,0.6833570222420235,-0.37824400135143144,-0.4982460200014673,-0.6271552100354432,0.2538566556710388,0.24245617888536294,0.31965825609369647,-0.21654569785255828,-0.1764916480346692,-0.282603993023614,-0.27822681061638854,-0.9571664769885428,1.0513149660756937,-0.1420960445125053,-0.23192034667290004,-0.30560444605526793,-0.34099716973523675,-0.24173208127588555,-0.2581988897471611,-0.20301416340319547,-0.5869734364739604,3.0352538538723257,-0.3156839517433792,-0.26726124191242434,-0.20577968041807276,-0.6627822868937354,-0.49837186151879204,1.2220910332321786,-0.4114677687570971,-0.5210788604500733,-0.37976217386784894,-0.42008402520840293,-0.4097355387061661,2.1328696509578076,0.2113711501260933
2.0708670323642995,-0.09863594963325877,-0.4386423119347994,-2.6297668922841995,0.706893800465507,1.3054598240132387,-0.09724668473649728,-0.020451240086502783,1.364704356875965,-1.001207302021876,-0.6271552100354432,0.44410051940577494,0.24245617888536294,0.31965825609369647,-0.21654569785255828,-0.1764916480346692,-0.282603993023614,-1.0506527949895643,-0.9571664769885428,1.0513149660756937,-0.1420960445125053,-0.23192034667290004,-0.30560444605526793,-0.34099716973523675,-0.24173208127588555,-0.2581988897471611,-0.20301416340319547,-0.5869734364739604,-0.32946173471593376,-0.3156839517433792,-0.26726124191242434,4.859566299103718,1.508791076307582,-0.49837186151879204,-0.8182696483380675,-0.4114677687570971,-0.5210788604500733,-0.37976217386784894,-0.42008402520840293,-0.4097355387061661,2.1328696509578076,-0.8383960600234951
-0.6160035692419547,0.7538705740884588,-2.432785734779664,-1.1661979587531028,-2.622774194250523,1.3054598240132387,-0.9911500857275989,-0.06941181485718287,-0.9592267874272302,-1.5041685840422845,-0.6271552100354432,0.44410051940577494,0.24245617888536294,0.31965825609369647,-0.21654569785255828,-0.1764916480346692,-0.282603993023614,-2.3811604393249928,-0.9571664769885428,1.0513149660756937,-0.1420960445125053,-0.23192034667290004,-0.30560444605526793,-0.34099716973523675,4.1368112776835515,-0.2581988897471611,-0.20301416340319547,-0.5869734364739604,-0.32946173471593376,-0.3156839517433792,-0.26726124191242434,-0.20577968041807276,1.508791076307582,-0.49837186151879204,-0.8182696483380675,-0.4114677687570971,-0.5210788604500733,-0.37976217386784894,-0.42008402520840293,2.4405986435975984,-0.46885190548373656,10.387061404720631
0.055714081159608894,0.8133605244519463,-1.103356786216421,0.1917652327677497,0.07267132528150075,-0.7660136157433054,-0.4565607968995871,0.6303163995737867,-0.37824400135143144,0.004715262018941286,-0.6271552100354432,0.44410051940577494,0.24245617888536294,0.31965825609369647,-0.21654569785255828,-0.1764916480346692,3.53852041969004,-0.8948749578337026,-0.9571664769885428,1.0513149660756937,-0.1420960445125053,-0.23192034667290004,-0.30560444605526793,-0.34099716973523675,4.1368112776835515,-0.2581988897471611,-0.20301416340319547,-0.5869734364739604,-0.32946173471593376,-0.3156839517433792,-0.26726124191242434,-0.20577968041807276,-0.6627822868937354,2.0065338298845607,-0.8182696483380675,-0.4114677687570971,-0.5210788604500733,-0.37976217386784894,-0.42008402520840293,2.4405986435975984,-0.46885190548373656,1.050202402126685
-0.44807415664156375,-0.9429773363883093,1.8878583480508762,1.277386706658544,1.499671894445514,-0.7660136157433054,-0.16910950716911524,-0.7466997658515908,1.6551957499138643,-1.5041685840422845,-0.6271552100354432,0.44410051940577494,0.24245617888536294,0.31965825609369647,-0.21654569785255828,-0.1764916480346692,-0.282603993023614,1.9434302223105435,-0.9571664769885428,1.0513149660756937,-0.1420960445125053,-0.23192034667290004,-0.30560444605526793,-0.34099716973523675,-0.24173208127588555,-0.2581988897471611,-0.20301416340319547,1.7036546083024706,-0.32946173471593376,-0.3156839517433792,-0.26726124191242434,-0.20577968041807276,1.508791076307582,-0.49837186151879204,-0.8182696483380675,-0.4114677687570971,-0.5210788604500733,2.633226974174589,-0.42008402520840293,-0.4097355387061661,-0.46885190548373656,-0.7940937636340564
0.4755376126605861,-0.26443712408653797,0.5584293994876329,1.3505199142405853,1.499671894445514,-0.7660136157433054,-1.5274921263222598,-0.9221418254465278,-1.540209573503029,1.0106378260597584,1.5945016225624369,0.15873472380367074,0.24245617888536294,0.31965825609369647,-0.21654569785255828,-0.1764916480346692,-0.282603993023614,0.8246456577463238,-0.9571664769885428,1.0513149660756937,-0.1420960445125053,-0.23192034667290004,-0.30560444605526793,-0.34099716973523675,-0.24173208127588555,-0.2581988897471611,4.925764701519638,-0.5869734364739604,-0.32946173471593376,-0.3156839517433792,-0.26726124191242434,-0.20577968041807276,-0.6627822868937354,-0.49837186151879204,1.2220910332321786,-0.4114677687570971,-0.5210788604500733,-0.37976217386784894,-0.42008402520840293,2.4405986435975984,-0.46885190548373656,-0.2485092866659493
0.30760820006019524,0.8663640068875356,-0.4386423119347994,0.5881712820541942,1.499671894445514,-0.7660136157433054,-0.6248249664979122,0.25495199299857274,0.4932301777622668,-1.001207302021876,-0.6271552100354432,0.2538566556710388,0.706117397470918,0.31965825609369647,-0.21654569785255828,-0.1764916480346692,-0.282603993023614,-0.2242967015598614,-0.9571664769885428,1.0513149660756937,-0.1420960445125053,-0.23192034667290004,-0.30560444605526793,-0.34099716973523675,-0.24173208127588555,-0.2581988897471611,-0.20301416340319547,-0.5869734364739604,-0.32946173471593376,-0.3156839517433792,-0.26726124191242434,-0.20577968041807276,1.508791076307582,-0.49837186151879204,-0.8182696483380675,-0.4114677687570971,-0.5210788604500733,-0.37976217386784894,-0.42008402520840293,-0.4097355387061661,2.1328696509578076,0.28466498186231537
-0.9518623944427365,-0.4371711127745877,0.5584293994876329,0.7145237701917126,1.02400503805751,-0.7660136157433054,1.131432303684605,1.8318905054042274,1.6551957499138643,-1.5041685840422845,-0.6271552100354432,0.539222451273143,0.706117397470918,0.31965825609369647,-0.21654569785255828,-0.1764916480346692,-0.282603993023614,0.6613239092976811,1.0447503376280172,-0.9511897312113419,-0.1420960445125053,-0.23192034667290004,-0.30560444605526793,-0.34099716973523675,-0.24173208127588555,-0.2581988897471611,-0.20301416340319547,-0.5869734364739604,-0.32946173471593376,-0.3156839517433792,-0.26726124191242434,4.859566299103718,-0.6627822868937354,-0.49837186151879204,1.2220910332321786,-0.4114677687570971,1.919095315316124,-0.37976217386784894,-0.42008402520840293,-0.4097355387061661,-0.46885190548373656,-0.40388323030065426
-0.02825062514058655,0.5432739867882771,0.5584293994876329,0.1900677357029996,0.5483381816695062,-0.7660136157433054,-0.447797038066341,-0.33053488030081,-0.37824400135143144,1.0106378260597584,1.5945016225624369,0.44410051940577494,0.24245617888536294,0.31965825609369647,4.617962905367348,-0.1764916480346692,-0.282603993023614,0.5266452994686305,-0.9571664769885428,1.0513149660756937,-0.1420960445125053,-0.23192034667290004,-0.30560444605526793,-0.34099716973523675,-0.24173208127588555,-0.2581988897471611,-0.20301416340319547,-0.5869734364739604,-0.32946173471593376,3.1677251709421848,-0.26726124191242434,-0.20577968041807276,1.508791076307582,-0.49837186151879204,-0.8182696483380675,-0.4114677687570971,-0.5210788604500733,-0.37976217386784894,-0.42008402520840293,-0.4097355387061661,-0.46885190548373656,-0.5320079101497642
0.22364349375999978,-0.09055331065655284,-0.7709995490756102,0.0687495720928202,-0.08588429351450011,1.3054598240132387,1.6765381031125122,-1.1832648908901549,-1.540209573503029,0.5076765440393498,-0.6271552100354432,0.44410051940577494,0.24245617888536294,0.31965825609369647,-0.21654569785255828,-0.1764916480346692,-0.282603993023614,-0.6420737469765192,-0.9571664769885428,1.0513149660756937,-0.1420960445125053,-0.23192034667290004,-0.30560444605526793,-0.34099716973523675,-0.24173208127588555,-0.2581988897471611,-0.20301416340319547,1.7036546083024706,-0.32946173471593376,-0.3156839517433792,-0.26726124191242434,-0.20577968041807276,-0.6627822868937354,-0.49837186151879204,-0.8182696483380675,2.430324015464581,-0.5210788604500733,-0.37976217386784894,-0.42008402520840293,-0.4097355387061661,-0.46885190548373656,0.47284929350797494
-1.1197918070431274,0.014875406116053029,-0.4386423119347994,0.8069523027444439,-0.08588429351450011,1.3054598240132387,-0.12353796123623556,-0.4896567483055203,1.364704356875965,-0.4982460200014673,-0.6271552100354432,0.44410051940577494,0.24245617888536294,0.31965825609369647,-0.21654569785255828,5.665990493802656,-0.282603993023614,-0.16811444454327681,-0.9571664769885428,1.0513149660756937,-0.1420960445125053,-0.23192034667290004,-0.30560444605526793,-0.34099716973523675,-0.24173208127588555,-0.2581988897471611,-0.20301416340319547,-0.5869734364739604,3.0352538538723257,-0.3156839517433792,-0.26726124191242434,-0.20577968041807276,1.508791076307582,-0.49837186151879204,-0.8182696483380675,-0.4114677687570971,-0.5210788604500733,-0.37976217386784894,2.3804761428476167,-0.4097355387061661,-0.46885190548373656,0.3610196001705895
0.055714081159608894,-0.8765440953350723,0.5584293994876329,0.631264825111155,0.5483381816695062,-0.7660136157433054,-1.096315191726552,-1.1302242682219181,-0.37824400135143144,0.5076765440393498,-0.6271552100354432,0.44410051940577494,0.24245617888536294,0.31965825609369647,-0.21654569785255828,-0.1764916480346692,-0.282603993023614,0.6399432820536558,-0.9571664769885428,1.0513149660756937,-0.1420960445125053,-0.23192034667290004,-0.30560444605526793,-0.34099716973523675,-0.24173208127588555,-0.2581988897471611,-0.20301416340319547,-0.5869734364739604,-0.32946173471593376,3.1677251709421848,-0.26726124191242434,-0.20577968041807276,-0.6627822868937354,-0.49837186151879204,1.2220910332321786,-0.4114677687570971,-0.5210788604500733,-0.37976217386784894,2.3804761428476167,-0.4097355387061661,-0.46885190548373656,-0.4242234017955266
-0.02825062514058655,-1.1664254007575494,-0.1062850747939886,1.0769303233193444,1.499671894445514,-0.7660136157433054,1.6765381031125122,2.8519024797933956,-1.540209573503029,0.5076765440393498,-0.6271552100354432,0.2538566556710388,0.24245617888536294,0.31965825609369647,-0.21654569785255828,-0.1764916480346692,-0.282603993023614,0.18560626991715296,-0.9571664769885428,1.0513149660756937,-0.1420960445125053,-0.23192034667290004,-0.30560444605526793,-0.34099716973523675,-0.24173208127588555,-0.2581988897471611,-0.20301416340319547,-0.5869734364739604,-0.32946173471593376,3.1677251709421848,-0.26726124191242434,-0.20577968041807276,-0.6627822868937354,2.0065338298845607,-0.8182696483380675,-0.4114677687570971,-0.5210788604500733,-0.37976217386784894,-0.42008402520840293,-0.4097355387061661,2.1328696509578076,0.13416313051364812
-0.6160035692419547,0.014875406116053029,1.5555011109100654,-0.5711386523868739,0.23122694407750302,1.3054598240132387,-1.0034193480941433,-0.6508186402590089,-0.6687353943893308,-1.5041685840422845,-0.6271552100354432,-3.075410959686844,-3.003172351213522,-3.1283409107596607,-0.21654569785255828,5.665990493802656,-0.282603993023614,1.1843436676003871,1.0447503376280172,-0.9511897312113419,-0.1420960445125053,-0.23192034667290004,-0.30560444605526793,-0.34099716973523675,-0.24173208127588555,-0.2581988897471611,-0.20301416340319547,-0.5869734364739604,-0.32946173471593376,-0.3156839517433792,3.741657386773941,-0.20577968041807276,1.508791076307582,-0.49837186151879204,-0.8182696483380675,-0.4114677687570971,-0.5210788604500733,-0.37976217386784894,2.3804761428476167,-0.4097355387061661,-0.46885190548373656,-1.039990292873479
-0.02825062514058655,0.014875406116053029,-1.103356786216421,-0.6481326814981346,-1.0372180062905088,-0.7660136157433054,-0.3005658896678067,0.7873982436297187,-1.2497181804651296,1.0106378260597584,1.5945016225624369,-3.075410959686844,-3.003172351213522,-3.1283409107596607,-0.21654569785255828,5.665990493802656,-0.282603993023614,-1.1105580200029157,1.0447503376280172,-0.9511897312113419,-0.1420960445125053,-0.23192034667290004,-0.30560444605526793,-0.34099716973523675,-0.24173208127588555,3.8729833462074166,-0.20301416340319547,-0.5869734364739604,-0.32946173471593376,-0.3156839517433792,-0.26726124191242434,-0.20577968041807276,-0.6627822868937354,2.0065338298845607,-0.8182696483380675,-0.4114677687570971,-0.5210788604500733,-0.37976217386784894,2.3804761428476167,-0.4097355387061661,-0.46885190548373656,0.6398280550142099
0.643467025260977,-0.5329435591885873,-0.7709995490756102,-0.5846690205424911,0.8654494192615079,-0.7660136157433054,1.41187258634848,-0.18569317993754808,-0.08775260831353203,-1.001207302021876,-0.6271552100354432,0.539222451273143,0.706117397470918,0.31965825609369647,-0.21654569785255828,-0.1764916480346692,-0.282603993023614,-0.809869523753823,-0.9571664769885428,1.0513149660756937,-0.1420960445125053,-0.23192034667290004,-0.30560444605526793,-0.34099716973523675,-0.24173208127588555,-0.2581988897471611,-0.20301416340319547,-0.5869734364739604,-0.32946173471593376,3.1677251709421848,-0.26726124191242434,-0.20577968041807276,-0.6627822868937354,2.0065338298845607,-0.8182696483380675,-0.4114677687570971,-0.5210788604500733,-0.37976217386784894,2.3804761428476167,-0.4097355387061661,-0.46885190548373656,0.20679887655716167
1.9029376197639087,1.7899473330309645,2.220215585191687,1.2354763927841859,0.07267132528150075,1.3054598240132387,-0.9946555892608973,-1.1547045556072582,-0.9592267874272302,-0.4982460200014673,-0.6271552100354432,0.44410051940577494,0.24245617888536294,0.31965825609369647,-0.21654569785255828,-0.1764916480346692,3.53852041969004,2.217059023353533,1.0447503376280172,-0.9511897312113419,-0.1420960445125053,-0.23192034667290004,-0.30560444605526793,-0.34099716973523675,-0.24173208127588555,-0.2581988897471611,-0.20301416340319547,1.7036546083024706,-0.32946173471593376,-0.3156839517433792,-0.26726124191242434,-0.20577968041807276,-0.6627822868937354,2.0065338298845607,-0.8182696483380675,-0.4114677687570971,-0.5210788604500733,-0.37976217386784894,-0.42008402520840293,2.4405986435975984,-0.46885190548373656,-0.8888725646007797
0.5595023189607815,0.392753084498008,-1.103356786216421,-0.9180513402980703,-0.08588429351450011,-0.7660136157433054,0.2760894415597863,-0.5630976104615405,-0.6687353943893308,1.0106378260597584,1.5945016225624369,0.2538566556710388,0.706117397470918,0.31965825609369647,-0.21654569785255828,-0.1764916480346692,-0.282603993023614,-1.179872256742582,-0.9571664769885428,1.0513149660756937,-0.1420960445125053,-0.23192034667290004,3.272203702884454,-0.34099716973523675,-0.24173208127588555,-0.2581988897471611,-0.20301416340319547,-0.5869734364739604,-0.32946173471593376,-0.3156839517433792,-0.26726124191242434,-0.20577968041807276,1.508791076307582,-0.49837186151879204,-0.8182696483380675,-0.4114677687570971,-0.5210788604500733,-0.37976217386784894,-0.42008402520840293,2.4405986435975984,-0.46885190548373656,0.5079457256297923
-1.1197918070431274,0.2477497539618113,0.5584293994876329,0.15364010647472695,-0.5615511499025041,1.3054598240132387,0.9175965881534004,-0.6773389515931273,-0.6687353943893308,0.004715262018941286,-0.6271552100354432,0.15873472380367074,0.24245617888536294,0.31965825609369647,-0.21654569785255828,-0.1764916480346692,-0.282603993023614,0.5172908023493156,1.0447503376280172,-0.9511897312113419,-0.1420960445125053,-0.23192034667290004,-0.30560444605526793,-0.34099716973523675,-0.24173208127588555,-0.2581988897471611,-0.20301416340319547,1.7036546083024706,-0.32946173471593376,-0.3156839517433792,-0.26726124191242434,-0.20577968041807276,-0.6627822868937354,-0.49837186151879204,1.2220910332321786,2.430324015464581,-0.5210788604500733,-0.37976217386784894,-0.42008402520840293,-0.4097355387061661,-0.46885190548373656,-0.5409071848755946
1.6510435008633224,0.014875406116053029,-0.7709995490756102,-0.23002052948617618,0.07267132528150075,1.3054598240132387,-0.2532415919682778,-0.2938144492228,-1.540209573503029,1.513599108080167,1.5945016225624369,0.539222451273143,0.706117397470918,0.31965825609369647,-0.21654569785255828,5.665990493802656,3.53852041969004,-0.7187969407107102,-0.9571664769885428,1.0513149660756937,-0.1420960445125053,-0.23192034667290004,-0.30560444605526793,-0.34099716973523675,-0.24173208127588555,3.8729833462074166,-0.20301416340319547,-0.5869734364739604,-0.32946173471593376,-0.3156839517433792,-0.26726124191242434,-0.20577968041807276,-0.6627822868937354,-0.49837186151879204,1.2220910332321786,-0.4114677687570971,-0.5210788604500733,2.633226974174589,-0.42008402520840293,-0.4097355387061661,-0.46885190548373656,0.3512000000941693
-0.02825062514058655,0.8123429937474291,-0.1062850747939886,0.5573625048166403,0.23122694407750302,1.3054598240132387,-0.17086225893576448,-0.08573200644740957,1.6551957499138643,-1.001207302021876,-0.6271552100354432,0.15873472380367074,0.24245617888536294,0.31965825609369647,4.617962905367348,-0.1764916480346692,-0.282603993023614,0.05218293810998981,-0.9571664769885428,1.0513149660756937,-0.1420960445125053,-0.23192034667290004,3.272203702884454,-0.34099716973523675,-0.24173208127588555,-0.2581988897471611,-0.20301416340319547,-0.5869734364739604,-0.32946173471593376,-0.3156839517433792,-0.26726124191242434,-0.20577968041807276,-0.6627822868937354,-0.49837186151879204,1.2220910332321786,-0.4114677687570971,-0.5210788604500733,-0.37976217386784894,-0.42008402520840293,2.4405986435975984,-0.46885190548373656,-0.024499979518199776
-0.5320388629417592,-0.44632601471858874,1.8878583480508762,-0.3129569372102952,1.499671894445514,-0.7660136157433054,0.7212883902886879,-0.05105159931817784,0.20273878472436738,0.004715262018941286,-0.6271552100354432,0.44410051940577494,0.24245617888536294,0.31965825609369647,-0.21654569785255828,-0.1764916480346692,-0.282603993023614,1.535035129067831,-0.9571664769885428,1.0513149660756937,-0.1420960445125053,-0.23192034667290004,3.272203702884454,-0.34099716973523675,-0.24173208127588555,-0.2581988897471611,-0.20301416340319547,-0.5869734364739604,-0.32946173471593376,-0.3156839517433792,-0.26726124191242434,-0.20577968041807276,1.508791076307582,-0.49837186151879204,-0.8182696483380675,-0.4114677687570971,-0.5210788604500733,-0.37976217386784894,-0.42008402520840293,-0.4097355387061661,2.1328696509578076,-1.0716088824580883
-1.2877212196435182,-1.0733336372324171,-0.1062850747939886,0.011729878458430756,-1.1957736250865103,-0.7660136157433054,1.3435152674491606,2.4255374744987233,0.4932301777622668,1.0106378260597584,1.5945016225624369,0.44410051940577494,0.24245617888536294,0.31965825609369647,-0.21654569785255828,-0.1764916480346692,-0.282603993023614,-0.08793375187516202,1.0447503376280172,-0.9511897312113419,-0.1420960445125053,-0.23192034667290004,-0.30560444605526793,-0.34099716973523675,-0.24173208127588555,-0.2581988897471611,-0.20301416340319547,1.7036546083024706,-0.32946173471593376,-0.3156839517433792,-0.26726124191242434,-0.20577968041807276,1.508791076307582,-0.49837186151879204,-0.8182696483380675,-0.4114677687570971,-0.5210788604500733,-0.37976217386784894,2.3804761428476167,-0.4097355387061661,-0.46885190548373656,-0.1911226346362981
0.9793258504617588,-0.5683894681455066,-0.1062850747939886,-1.2700713250215412,0.706893800465507,1.3054598240132387,0.42857884525826834,0.29575247197413945,-1.540209573503029,-0.4982460200014673,-0.6271552100354432,0.44410051940577494,0.24245617888536294,0.31965825609369647,-0.21654569785255828,-0.1764916480346692,-0.282603993023614,-0.41709614645068166,-0.9571664769885428,1.0513149660756937,-0.1420960445125053,-0.23192034667290004,-0.30560444605526793,-0.34099716973523675,-0.24173208127588555,-0.2581988897471611,-0.20301416340319547,-0.5869734364739604,3.0352538538723257,-0.3156839517433792,-0.26726124191242434,-0.20577968041807276,-0.6627822868937354,2.0065338298845607,-0.8182696483380675,-0.4114677687570971,-0.5210788604500733,-0.37976217386784894,-0.42008402520840293,2.4405986435975984,-0.46885190548373656,-0.5825528929090003
-0.6160035692419547,-0.2369764817206577,-1.7680712604980426,-1.0631576945169932,0.07267132528150075,-0.7660136157433054,-1.5730636722551394,-1.1506245077097015,-1.2497181804651296,0.004715262018941286,-0.6271552100354432,0.44410051940577494,0.24245617888536294,0.31965825609369647,-0.21654569785255828,-0.1764916480346692,-0.282603993023614,-1.785917565816849,-0.9571664769885428,1.0513149660756937,-0.1420960445125053,-0.23192034667290004,-0.30560444605526793,-0.34099716973523675,-0.24173208127588555,-0.2581988897471611,-0.20301416340319547,1.7036546083024706,-0.32946173471593376,-0.3156839517433792,-0.26726124191242434,-0.20577968041807276,-0.6627822868937354,-0.49837186151879204,-0.8182696483380675,-0.4114677687570971,-0.5210788604500733,-0.37976217386784894,-0.42008402520840293,-0.4097355387061661,-0.46885190548373656,2.137337086399195
-1.1197918070431274,0.1262477796388017,0.8907866366284438,0.6396688172545181,-0.08588429351450011,-0.7660136157433054,-0.6335887253311583,-0.7528198376979258,0.7837215708001662,1.513599108080167,1.5945016225624369,0.44410051940577494,0.24245617888536294,0.31965825609369647,-0.21654569785255828,-0.1764916480346692,-0.282603993023614,0.9264926338070326,1.0447503376280172,-0.9511897312113419,-0.1420960445125053,-0.23192034667290004,-0.30560444605526793,-0.34099716973523675,4.1368112776835515,-0.2581988897471611,-0.20301416340319547,-0.5869734364739604,-0.32946173471593376,-0.3156839517433792,-0.26726124191242434,-0.20577968041807276,-0.6627822868937354,-0.49837186151879204,-0.8182696483380675,-0.4114677687570971,-0.5210788604500733,2.633226974174589,-0.42008402520840293,-0.4097355387061661,-0.46885190548373656,-0.575917443521398
0.8113964378613678,-1.26186157039198,-0.7709995490756102,0.037226566165077045,0.07267132528150075,1.3054598240132387,0.07978124369507382,-0.7589399095442608,0.20273878472436738,1.0106378260597584,1.5945016225624369,0.2538566556710388,0.706117397470918,0.31965825609369647,-0.21654569785255828,-0.1764916480346692,-0.282603993023614,-0.6501687527287553,1.0447503376280172,-0.9511897312113419,-0.1420960445125053,4.3118252207961625,-0.30560444605526793,-0.34099716973523675,-0.24173208127588555,-0.2581988897471611,-0.20301416340319547,-0.5869734364739604,-0.32946173471593376,-0.3156839517433792,-0.26726124191242434,-0.20577968041807276,-0.6627822868937354,-0.49837186151879204,1.2220910332321786,-0.4114677687570971,-0.5210788604500733,-0.37976217386784894,-0.42008402520840293,-0.4097355387061661,2.1328696509578076,0.46001416918622207
-0.9518623944427365,1.78250302987096,0.5584293994876329,0.800709567396466,-1.829996100270516,-0.7660136157433054,1.5398234653138732,-1.1424644119145881,-0.6687353943893308,1.0106378260597584,1.5945016225624369,0.15873472380367074,0.24245617888536294,0.31965825609369647,-0.21654569785255828,-0.1764916480346692,-0.282603993023614,0.6834561426809049,-0.9571664769885428,1.0513149660756937,-0.1420960445125053,-0.23192034667290004,-0.30560444605526793,-0.34099716973523675,-0.24173208127588555,-0.2581988897471611,4.925764701519638,-0.5869734364739604,-0.32946173471593376,-0.3156839517433792,-0.26726124191242434,-0.20577968041807276,1.508791076307582,-0.49837186151879204,-0.8182696483380675,-0.4114677687570971,-0.5210788604500733,2.633226974174589,-0.42008402520840293,-0.4097355387061661,-0.46885190548373656,-0.3828280284377097
0.13967878745980433,0.8681845344098243,-1.7680712604980426,-1.2681561382464526,-0.7201067686985057,1.3054598240132387,1.5187904441140825,0.48751472315930316,-0.6687353943893308,0.004715262018941286,-0.6271552100354432,-0.031509139931065404,-0.22120503970019206,0.31965825609369647,-0.21654569785255828,-0.1764916480346692,-0.282603993023614,-1.8385605017409594,1.0447503376280172,-0.9511897312113419,-0.1420960445125053,-0.23192034667290004,-0.30560444605526793,-0.34099716973523675,4.1368112776835515,-0.2581988897471611,-0.20301416340319547,-0.5869734364739604,-0.32946173471593376,-0.3156839517433792,-0.26726124191242434,-0.20577968041807276,1.508791076307582,-0.49837186151879204,-0.8182696483380675,-0.4114677687570971,-0.5210788604500733,-0.37976217386784894,-0.42008402520840293,-0.4097355387061661,2.1328696509578076,1.9703999283715212
-1.7915094574446908,0.7409802223428779,-1.103356786216421,0.703026225037948,0.07267132528150075,-0.7660136157433054,-1.3469586943573904,-1.0465832863220064,1.0742129638380655,-1.5041685840422845,-0.6271552100354432,0.15873472380367074,0.24245617888536294,0.31965825609369647,-0.21654569785255828,-0.1764916480346692,3.53852041969004,-0.7635847920795836,1.0447503376280172,-0.9511897312113419,-0.1420960445125053,-0.23192034667290004,-0.30560444605526793,-0.34099716973523675,-0.24173208127588555,-0.2581988897471611,-0.20301416340319547,-0.5869734364739604,-0.32946173471593376,3.1677251709421848,-0.26726124191242434,-0.20577968041807276,-0.6627822868937354,-0.49837186151879204,1.2220910332321786,2.430324015464581,-0.5210788604500733,-0.37976217386784894,-0.42008402520840293,-0.4097355387061661,-0.46885190548373656,1.300004660643236
0.5595023189607815,0.6272769781956804,0.5584293994876329,0.25867089939270926,-1.0372180062905088,1.3054598240132387,0.9473933681864372,0.14275067581576417,-0.9592267874272302,-1.5041685840422845,-0.6271552100354432,0.15873472380367074,0.24245617888536294,0.31965825609369647,-0.21654569785255828,-0.1764916480346692,-0.282603993023614,0.5442623695527077,-0.9571664769885428,1.0513149660756937,-0.1420960445125053,-0.23192034667290004,-0.30560444605526793,-0.34099716973523675,4.1368112776835515,-0.2581988897471611,-0.20301416340319547,-0.5869734364739604,-0.32946173471593376,-0.3156839517433792,-0.26726124191242434,-0.20577968041807276,-0.6627822868937354,2.0065338298845607,-0.8182696483380675,-0.4114677687570971,-0.5210788604500733,-0.37976217386784894,2.3804761428476167,-0.4097355387061661,-0.46885190548373656,-0.5152481480222314
-1.2877212196435182,-0.4769217009714638,-1.4357140233572319,-0.5453108988211488,-0.5615511499025041,1.3054598240132387,0.44435361115811134,1.3116843984657514,1.6551957499138643,-1.5041685840422845,-0.6271552100354432,-3.075410959686844,-3.003172351213522,-3.1283409107596607,-0.21654569785255828,-0.1764916480346692,-0.282603993023614,-1.3685449532790854,-0.9571664769885428,1.0513149660756937,-0.1420960445125053,-0.23192034667290004,-0.30560444605526793,-0.34099716973523675,-0.24173208127588555,-0.2581988897471611,-0.20301416340319547,-0.5869734364739604,3.0352538538723257,-0.3156839517433792,-0.26726124191242434,-0.20577968041807276,-0.6627822868937354,-0.49837186151879204,1.2220910332321786,-0.4114677687570971,-0.5210788604500733,-0.37976217386784894,-0.42008402520840293,-0.4097355387061661,2.1328696509578076,1.3909307133786168
0.4755376126605861,-0.4622664048946151,2.5525728223324977,1.5327929140256864,-0.8786623874945072,-0.7660136157433054,-0.3040713932011051,0.632356423522565,-1.2497181804651296,-1.5041685840422845,-0.6271552100354432,0.15873472380367074,0.24245617888536294,0.31965825609369647,-0.21654569785255828,-0.1764916480346692,-0.282603993023614,2.577800176177644,1.0447503376280172,-0.9511897312113419,-0.1420960445125053,-0.23192034667290004,-0.30560444605526793,-0.34099716973523675,-0.24173208127588555,-0.2581988897471611,-0.20301416340319547,1.7036546083024706,-0.32946173471593376,-0.3156839517433792,-0.26726124191242434,-0.20577968041807276,-0.6627822868937354,-0.49837186151879204,1.2220910332321786,2.430324015464581,-0.5210788604500733,-0.37976217386784894,-0.42008402520840293,-0.4097355387061661,-0.46885190548373656,-0.920008289509623
-1.2877212196435182,-0.4302720076072281,-1.103356786216421,-0.3503830668080623,0.3897825628735039,-0.7660136157433054,0.24278715799345116,1.134202314922036,-0.6687353943893308,0.004715262018941286,-0.6271552100354432,0.15873472380367074,0.24245617888536294,0.31965825609369647,-0.21654569785255828,-0.1764916480346692,-0.282603993023614,-1.034096883994274,-0.9571664769885428,1.0513149660756937,-0.1420960445125053,-0.23192034667290004,-0.30560444605526793,-0.34099716973523675,-0.24173208127588555,-0.2581988897471611,4.925764701519638,-0.5869734364739604,-0.32946173471593376,-0.3156839517433792,-0.26726124191242434,-0.20577968041807276,-0.6627822868937354,-0.49837186151879204,1.2220910332321786,-0.4114677687570971,-0.5210788604500733,-0.37976217386784894,-0.42008402520840293,-0.4097355387061661,2.1328696509578076,0.7853085969420092
-0.02825062514058655,0.9842908303035452,-0.4386423119347994,0.16001478221267337,0.07267132528150075,-0.7660136157433054,1.1103992824848146,-0.8527810111880643,1.6551957499138643,1.0106378260597584,1.5945016225624369,0.2538566556710388,0.24245617888536294,0.31965825609369647,4.617962905367348,-0.1764916480346692,3.53852041969004,-0.3342459030103577,1.0447503376280172,-0.9511897312113419,-0.1420960445125053,-0.23192034667290004,-0.30560444605526793,-0.34099716973523675,-0.24173208127588555,-0.2581988897471611,-0.20301416340319547,-0.5869734364739604,-0.32946173471593376,3.1677251709421848,-0.26726124191242434,-0.20577968041807276,-0.6627822868937354,-0.49837186151879204,-0.8182696483380675,-0.4114677687570971,-0.5210788604500733,-0.37976217386784894,-0.42008402520840293,2.4405986435975984,-0.46885190548373656,0.13523828105223468
-1.7075447511444954,0.44305586036549904,1.2231438737692546,1.5327929140256864,-0.7201067686985057,1.3054598240132387,0.673964092589159,-0.038811455625507814,0.4932301777622668,-0.4982460200014673,-0.6271552100354432,0.539222451273143,0.706117397470918,0.31965825609369647,-0.21654569785255828,-0.1764916480346692,-0.282603993023614,1.4402352409402357,-0.9571664769885428,1.0513149660756937,-0.1420960445125053,-0.23192034667290004,-0.30560444605526793,-0.34099716973523675,-0.24173208127588555,-0.2581988897471611,-0.20301416340319547,-0.5869734364739604,3.0352538538723257,-0.3156839517433792,-0.26726124191242434,-0.20577968041807276,1.508791076307582,-0.49837186151879204,-0.8182696483380675,-0.4114677687570971,-0.5210788604500733,-0.37976217386784894,-0.42008402520840293,2.4405986435975984,-0.46885190548373656,-0.5222147777117625
1.8189729134637131,-0.38651979066400355,1.2231438737692546,-1.367304273553393,1.02400503805751,-0.7660136157433054,-1.3662389637905317,-0.7160994066199158,1.0742129638380655,0.5076765440393498,-0.6271552100354432,0.44410051940577494,0.24245617888536294,0.31965825609369647,-0.21654569785255828,-0.1764916480346692,-0.282603993023614,0.6954996827479035,-0.9571664769885428,1.0513149660756937,-0.1420960445125053,-0.23192034667290004,-0.30560444605526793,-0.34099716973523675,4.1368112776835515,-0.2581988897471611,-0.20301416340319547,-0.5869734364739604,-0.32946173471593376,-0.3156839517433792,-0.26726124191242434,-0.20577968041807276,-0.6627822868937354,2.0065338298845607,-0.8182696483380675,-0.4114677687570971,-0.5210788604500733,-0.37976217386784894,-0.42008402520840293,2.4405986435975984,-0.46885190548373656,-1.11262655559021
-1.2877212196435182,0.7289635710754276,0.22607216234682218,-0.6498420889265456,0.23122694407750302,-0.7660136157433054,0.8019149715545519,1.0240410216880058,-0.08775260831353203,1.513599108080167,1.5945016225624369,-0.031509139931065404,-0.22120503970019206,0.31965825609369647,-0.21654569785255828,-0.1764916480346692,-0.282603993023614,0.026567944947280108,1.0447503376280172,-0.9511897312113419,-0.1420960445125053,-0.23192034667290004,-0.30560444605526793,-0.34099716973523675,-0.24173208127588555,-0.2581988897471611,-0.20301416340319547,1.7036546083024706,-0.32946173471593376,-0.3156839517433792,-0.26726124191242434,-0.20577968041807276,1.508791076307582,-0.49837186151879204,-0.8182696483380675,-0.4114677687570971,1.919095315316124,-0.37976217386784894,-0.42008402520840293,-0.4097355387061661,-0.46885190548373656,-0.584287901021253
-1.2877212196435182,0.4657294755969292,-0.7709995490756102,-0.13140544272450466,1.3411162756495132,-0.7660136157433054,0.04472620836208944,-0.05921169511329119,0.4932301777622668,0.5076765440393498,-0.6271552100354432,0.2538566556710388,0.706117397470918,0.31965825609369647,-0.21654569785255828,-0.1764916480346692,-0.282603993023614,-0.6934729060541528,-0.9571664769885428,1.0513149660756937,-0.1420960445125053,-0.23192034667290004,-0.30560444605526793,-0.34099716973523675,-0.24173208127588555,-0.2581988897471611,-0.20301416340319547,-0.5869734364739604,3.0352538538723257,-0.3156839517433792,-0.26726124191242434,-0.20577968041807276,1.508791076307582,-0.49837186151879204,-0.8182696483380675,-0.4114677687570971,1.919095315316124,-0.37976217386784894,-0.42008402520840293,-0.4097355387061661,-0.46885190548373656,0.39135279838656
-0.02825062514058655,0.3898635367043728,-0.4386423119347994,0.25271982259626513,-0.7201067686985057,-0.7660136157433054,-0.24272508136838244,0.04074947837684733,-1.540209573503029,-1.5041685840422845,-0.6271552100354432,-0.031509139931065404,-0.22120503970019206,0.31965825609369647,4.617962905367348,-0.1764916480346692,-0.282603993023614,-0.3104395491084907,-0.9571664769885428,1.0513149660756937,-0.1420960445125053,-0.23192034667290004,3.272203702884454,-0.34099716973523675,-0.24173208127588555,-0.2581988897471611,-0.20301416340319547,-0.5869734364739604,-0.32946173471593376,-0.3156839517433792,-0.26726124191242434,-0.20577968041807276,-0.6627822868937354,2.0065338298845607,-0.8182696483380675,-0.4114677687570971,-0.5210788604500733,-0.37976217386784894,2.3804761428476167,-0.4097355387061661,-0.46885190548373656,0.16759235797997707
0.5595023189607815,0.7200156110460919,-0.1062850747939886,0.32375413629135746,-0.7201067686985057,1.3054598240132387,0.5179691853573786,-0.542697370973757,1.364704356875965,-1.5041685840422845,-0.6271552100354432,0.44410051940577494,0.24245617888536294,0.31965825609369647,-0.21654569785255828,-0.1764916480346692,-0.282603993023614,-0.007806933773340589,1.0447503376280172,-0.9511897312113419,-0.1420960445125053,-0.23192034667290004,-0.30560444605526793,-0.34099716973523675,-0.24173208127588555,-0.2581988897471611,-0.20301416340319547,-0.5869734364739604,-0.32946173471593376,-0.3156839517433792,3.741657386773941,-0.20577968041807276,1.508791076307582,-0.49837186151879204,-0.8182696483380675,2.430324015464581,-0.5210788604500733,-0.37976217386784894,-0.42008402520840293,-0.4097355387061661,-0.46885190548373656,-0.09583817437888577
0.30760820006019524,-0.9007110019443839,-0.7709995490756102,0.6086983848845857,-1.1957736250865103,1.3054598240132387,-1.1488977447260285,-0.6630587839516789,-0.08775260831353203,1.513599108080167,1.5945016225624369,0.44410051940577494,0.24245617888536294,0.31965825609369647,-0.21654569785255828,-0.1764916480346692,-0.282603993023614,-0.5034166418932785,1.0447503376280172,-0.9511897312113419,-0.1420960445125053,-0.23192034667290004,-0.30560444605526793,2.932575659723036,-0.24173208127588555,-0.2581988897471611,-0.20301416340319547,-0.5869734364739604,-0.32946173471593376,-0.3156839517433792,-0.26726124191242434,-0.20577968041807276,-0.6627822868937354,-0.49837186151879204,1.2220910332321786,-0.4114677687570971,-0.5210788604500733,2.633226974174589,-0.42008402520840293,-0.4097355387061661,-0.46885190548373656,0.6926985729659936
-0.6999682755421501,-0.737947814970479,1.5555011109100654,1.5327929140256864,-1.3543292438825112,-0.7660136157433054,0.3479522639924043,0.4691545076202981,-1.2497181804651296,1.513599108080167,1.5945016225624369,0.44410051940577494,0.24245617888536294,0.31965825609369647,-0.21654569785255828,-0.1764916480346692,-0.282603993023614,1.7246264747495879,-0.9571664769885428,1.0513149660756937,-0.1420960445125053,-0.23192034667290004,-0.30560444605526793,-0.34099716973523675,-0.24173208127588555,-0.2581988897471611,-0.20301416340319547,-0.5869734364739604,-0.32946173471593376,-0.3156839517433792,3.741657386773941,-0.20577968041807276,-0.6627822868937354,-0.49837186151879204,1.2220910332321786,-0.4114677687570971,-0.5210788604500733,-0.37976217386784894,-0.42008402520840293,2.4405986435975984,-0.46885190548373656,-0.6446127813418734
-0.9518623944427365,-1.0486328906483333,0.5584293994876329,0.20894529181529595,-0.08588429351450011,-0.7660136157433054,0.689738858489002,1.9848923015626025,0.4932301777622668,-1.5041685840422845,-0.6271552100354432,0.44410051940577494,0.24245617888536294,0.31965825609369647,-0.21654569785255828,-0.1764916480346692,-0.282603993023614,0.5314929946937462,-0.9571664769885428,1.0513149660756937,-0.1420960445125053,-0.23192034667290004,-0.30560444605526793,-0.34099716973523675,-0.24173208127588555,-0.2581988897471611,4.925764701519638,-0.5869734364739604,-0.32946173471593376,-0.3156839517433792,-0.26726124191242434,-0.20577968041807276,-0.6627822868937354,2.0065338298845607,-0.8182696483380675,-0.4114677687570971,-0.5210788604500733,-0.37976217386784894,2.3804761428476167,-0.4097355387061661,-0.46885190548373656,-0.527396120649469
-0.5320388629417592,-1.1402439168540979,-1.4357140233572319,-2.27902818748686,-0.40299553110650327,-0.7660136157433054,-0.6966877889305301,-0.04289150352306449,1.0742129638380655,-1.5041685840422845,-0.6271552100354432,0.15873472380367074,0.24245617888536294,0.31965825609369647,-0.21654569785255828,-0.1764916480346692,-0.282603993023614,-1.8137579338137066,-0.9571664769885428,1.0513149660756937,-0.1420960445125053,-0.23192034667290004,-0.30560444605526793,-0.34099716973523675,-0.24173208127588555,-0.2581988897471611,-0.20301416340319547,-0.5869734364739604,-0.32946173471593376,3.1677251709421848,-0.26726124191242434,-0.20577968041807276,-0.6627822868937354,-0.49837186151879204,1.2220910332321786,-0.4114677687570971,-0.5210788604500733,-0.37976217386784894,-0.42008402520840293,2.4405986435975984,-0.46885190548373656,0.3320622956678953
1.8189729134637131,-2.0224773834933676,-0.4386423119347994,1.0471330601931075,-1.5128848626785127,-0.7660136157433054,-1.1103372058597458,-1.1383843640170315,-0.08775260831353203,1.0106378260597584,1.5945016225624369,0.44410051940577494,0.24245617888536294,0.31965825609369647,-0.21654569785255828,-0.1764916480346692,-0.282603993023614,-0.10643680448635741,-0.9571664769885428,1.0513149660756937,-0.1420960445125053,-0.23192034667290004,-0.30560444605526793,-0.34099716973523675,-0.24173208127588555,-0.2581988897471611,4.925764701519638,-0.5869734364739604,-0.32946173471593376,-0.3156839517433792,-0.26726124191242434,-0.20577968041807276,-0.6627822868937354,2.0065338298845607,-0.8182696483380675,-0.4114677687570971,-0.5210788604500733,2.633226974174589,-0.42008402520840293,-0.4097355387061661,-0.46885190548373656,0.4448427307242639
-1.1197918070431274,0.014875406116053029,0.8907866366284438,-0.8565007238270703,0.3897825628735039,1.3054598240132387,1.147207069584448,0.4997548668519732,1.364704356875965,1.0106378260597584,1.5945016225624369,0.15873472380367074,0.24245617888536294,0.31965825609369647,-0.21654569785255828,5.665990493802656,-0.282603993023614,0.5422811449300317,-0.9571664769885428,1.0513149660756937,-0.1420960445125053,-0.23192034667290004,-0.30560444605526793,-0.34099716973523675,-0.24173208127588555,3.8729833462074166,-0.20301416340319547,-0.5869734364739604,-0.32946173471593376,-0.3156839517433792,-0.26726124191242434,-0.20577968041807276,-0.6627822868937354,-0.49837186151879204,1.2220910332321786,2.430324015464581,-0.5210788604500733,-0.37976217386784894,-0.42008402520840293,-0.4097355387061661,-0.46885190548373656,-0.9082032802133856
0.22364349375999978,-0.5324756030724025,0.5584293994876329,-2.740648015650566,1.182560656853511,-0.7660136157433054,-0.8474244408623629,-0.4733365567152936,-1.540209573503029,-0.4982460200014673,-0.6271552100354432,0.15873472380367074,0.24245617888536294,0.31965825609369647,-0.21654569785255828,-0.1764916480346692,-0.282603993023614,-0.22595300666239196,-0.9571664769885428,1.0513149660756937,-0.1420960445125053,-0.23192034667290004,-0.30560444605526793,-0.34099716973523675,-0.24173208127588555,-0.2581988897471611,-0.20301416340319547,-0.5869734364739604,-0.32946173471593376,3.1677251709421848,-0.26726124191242434,-0.20577968041807276,-0.6627822868937354,-0.49837186151879204,1.2220910332321786,-0.4114677687570971,-0.5210788604500733,2.633226974174589,-0.42008402520840293,-0.4097355387061661,-0.46885190548373656,-1.24798216285712
-0.867897688142541,-0.7792208427290426,1.5555011109100654,0.4004107006291095,0.3897825628735039,1.3054598240132387,1.2225753955503644,2.0766933792576276,1.0742129638380655,0.5076765440393498,-0.6271552100354432,0.44410051940577494,0.24245617888536294,0.31965825609369647,-0.21654569785255828,-0.1764916480346692,-0.282603993023614,1.4338343925418353,1.0447503376280172,-0.9511897312113419,-0.1420960445125053,-0.23192034667290004,-0.30560444605526793,-0.34099716973523675,-0.24173208127588555,-0.2581988897471611,-0.20301416340319547,-0.5869734364739604,-0.32946173471593376,3.1677251709421848,-0.26726124191242434,-0.20577968041807276,-0.6627822868937354,2.0065338298845607,-0.8182696483380675,-0.4114677687570971,-0.5210788604500733,2.633226974174589,-0.42008402520840293,-0.4097355387061661,-0.46885190548373656,-0.8574136484341432
-0.02825062514058655,-1.0804662478331328,-0.1062850747939886,-0.9720930417110212,-0.08588429351450011,1.3054598240132387,-1.536255885155506,-0.6569387121053439,-1.2497181804651296,0.004715262018941286,-0.6271552100354432,0.44410051940577494,0.24245617888536294,0.31965825609369647,4.617962905367348,-0.1764916480346692,-0.282603993023614,-0.34057628908145304,-0.9571664769885428,1.0513149660756937,-0.1420960445125053,-0.23192034667290004,3.272203702884454,-0.34099716973523675,-0.24173208127588555,-0.2581988897471611,-0.20301416340319547,-0.5869734364739604,-0.32946173471593376,-0.3156839517433792,-0.26726124191242434,-0.20577968041807276,-0.6627822868937354,-0.49837186151879204,1.2220910332321786,-0.4114677687570971,-0.5210788604500733,2.633226974174589,-0.42008402520840293,-0.4097355387061661,-0.46885190548373656,-0.4915577244856655
-0.5320388629417592,0.47927507293317584,-0.1062850747939886,-1.0080036385716837,0.5483381816695062,-0.7660136157433054,-1.6607012605876004,-1.007822831295218,-0.6687353943893308,0.5076765440393498,-0.6271552100354432,0.15873472380367074,0.24245617888536294,0.31965825609369647,-0.21654569785255828,-0.1764916480346692,-0.282603993023614,-0.34979801396453203,1.0447503376280172,-0.9511897312113419,-0.1420960445125053,-0.23192034667290004,-0.30560444605526793,-0.34099716973523675,-0.24173208127588555,-0.2581988897471611,-0.20301416340319547,-0.5869734364739604,3.0352538538723257,-0.3156839517433792,-0.26726124191242434,-0.20577968041807276,-0.6627822868937354,2.0065338298845607,-0.8182696483380675,-0.4114677687570971,-0.5210788604500733,-0.37976217386784894,2.3804761428476167,-0.4097355387061661,-0.46885190548373656,-0.5025239290466644
0.4755376126605861,0.6358876602900585,-0.4386423119347994,-0.08854056840883395,-0.2444399123105017,1.3054598240132387,-0.12529071300288477,-0.312174664761805,1.364704356875965,0.004715262018941286,-0.6271552100354432,0.44410051940577494,0.24245617888536294,0.31965825609369647,-0.21654569785255828,-0.1764916480346692,-0.282603993023614,-0.3980741114509593,-0.9571664769885428,1.0513149660756937,-0.1420960445125053,-0.23192034667290004,-0.30560444605526793,-0.34099716973523675,-0.24173208127588555,3.8729833462074166,-0.20301416340319547,-0.5869734364739604,-0.32946173471593376,-0.3156839517433792,-0.26726124191242434,-0.20577968041807276,-0.6627822868937354,2.0065338298845607,-0.8182696483380675,-0.4114677687570971,-0.5210788604500733,-0.37976217386784894,2.3804761428476167,-0.4097355387061661,-0.46885190548373656,0.04849241587019956
-0.112215331440782,-1.669087661480472,0.5584293994876329,0.3651016015139371,-1.3543292438825112,1.3054598240132387,-0.07446091177005744,0.6445965672152351,1.0742129638380655,-0.4982460200014673,-0.6271552100354432,0.44410051940577494,0.24245617888536294,0.31965825609369647,-0.21654569785255828,-0.1764916480346692,-0.282603993023614,0.5715934289022118,-0.9571664769885428,1.0513149660756937,-0.1420960445125053,-0.23192034667290004,-0.30560444605526793,-0.34099716973523675,-0.24173208127588555,-0.2581988897471611,-0.20301416340319547,-0.5869734364739604,3.0352538538723257,-0.3156839517433792,-0.26726124191242434,-0.20577968041807276,-0.6627822868937354,-0.49837186151879204,1.2220910332321786,-0.4114677687570971,-0.5210788604500733,2.633226974174589,-0.42008402520840293,-0.4097355387061661,-0.46885190548373656,-0.4892471131620025
-1.2877212196435182,-0.3121569077890148,-0.7709995490756102,0.4456765389235,0.23122694407750302,1.3054598240132387,0.7493324185550754,0.8424788902467338,0.20273878472436738,-1.001207302021876,-0.6271552100354432,0.539222451273143,0.706117397470918,0.31965825609369647,-0.21654569785255828,-0.1764916480346692,-0.282603993023614,-0.5452801235618779,-0.9571664769885428,1.0513149660756937,-0.1420960445125053,-0.23192034667290004,3.272203702884454,-0.34099716973523675,-0.24173208127588555,-0.2581988897471611,-0.20301416340319547,-0.5869734364739604,-0.32946173471593376,-0.3156839517433792,-0.26726124191242434,-0.20577968041807276,-0.6627822868937354,-0.49837186151879204,1.2220910332321786,-0.4114677687570971,-0.5210788604500733,-0.37976217386784894,-0.42008402520840293,2.4405986435975984,-0.46885190548373656,0.6263214747644963
-1.4556506322439091,0.2765828600832737,0.22607216234682218,0.8282676878268844,1.3411162756495132,-0.7660136157433054,0.10256701666151366,-0.7385396700564775,0.20273878472436738,1.513599108080167,1.5945016225624369,0.2538566556710388,0.24245617888536294,0.31965825609369647,-0.21654569785255828,-0.1764916480346692,-0.282603993023614,0.40614174487876686,1.0447503376280172,-0.9511897312113419,-0.1420960445125053,-0.23192034667290004,-0.30560444605526793,-0.34099716973523675,-0.24173208127588555,-0.2581988897471611,-0.20301416340319547,1.7036546083024706,-0.32946173471593376,-0.3156839517433792,-0.26726124191242434,-0.20577968041807276,1.508791076307582,-0.49837186151879204,-0.8182696483380675,-0.4114677687570971,-0.5210788604500733,-0.37976217386784894,-0.42008402520840293,-0.4097355387061661,2.1328696509578076,-0.18306299268360826
1.8189729134637131,0.5145590915516909,0.8907866366284438,1.5327929140256864,0.07267132528150075,-0.7660136157433054,0.35496327105900116,-0.10613224593519294,-1.2497181804651296,-0.4982460200014673,-0.6271552100354432,0.44410051940577494,0.24245617888536294,0.31965825609369647,-0.21654569785255828,-0.1764916480346692,-0.282603993023614,1.1558440071308835,-0.9571664769885428,1.0513149660756937,-0.1420960445125053,-0.23192034667290004,-0.30560444605526793,-0.34099716973523675,-0.24173208127588555,-0.2581988897471611,-0.20301416340319547,1.7036546083024706,-0.32946173471593376,-0.3156839517433792,-0.26726124191242434,-0.20577968041807276,1.508791076307582,-0.49837186151879204,-0.8182696483380675,-0.4114677687570971,-0.5210788604500733,-0.37976217386784894,-0.42008402520840293,-0.4097355387061661,2.1328696509578076,-0.3775625916034494
0.8113964378613678,-0.9546701464629417,0.22607216234682218,0.282425905892864,0.07267132528150075,1.3054598240132387,-0.4723355627994301,-0.6650988079004573,-0.08775260831353203,1.0106378260597584,1.5945016225624369,0.2538566556710388,0.24245617888536294,0.31965825609369647,-0.21654569785255828,-0.1764916480346692,-0.282603993023614,0.2659713444196459,1.0447503376280172,-0.9511897312113419,-0.1420960445125053,-0.23192034667290004,-0.30560444605526793,-0.34099716973523675,-0.24173208127588555,-0.2581988897471611,-0.20301416340319547,-0.5869734364739604,3.0352538538723257,-0.3156839517433792,-0.26726124191242434,-0.20577968041807276,1.508791076307582,-0.49837186151879204,-0.8182696483380675,-0.4114677687570971,1.919095315316124,-0.37976217386784894,-0.42008402520840293,-0.4097355387061661,-0.46885190548373656,-0.33122879360562413
-1.4556506322439091,0.20114827343765385,-0.1062850747939886,-0.4498579987203636,-0.8786623874945072,-0.7660136157433054,1.329493253315967,-0.675298927644349,0.4932301777622668,1.513599108080167,1.5945016225624369,0.44410051940577494,0.24245617888536294,0.31965825609369647,-0.21654569785255828,-0.1764916480346692,-0.282603993023614,-0.2064680226705918,1.0447503376280172,-0.9511897312113419,-0.1420960445125053,-0.23192034667290004,-0.30560444605526793,-0.34099716973523675,4.1368112776835515,-0.2581988897471611,-0.20301416340319547,-0.5869734364739604,-0.32946173471593376,-0.3156839517433792,-0.26726124191242434,-0.20577968041807276,-0.6627822868937354,-0.49837186151879204,-0.8182696483380675,-0.4114677687570971,1.919095315316124,-0.37976217386784894,-0.42008402520840293,-0.4097355387061661,-0.46885190548373656,-0.3320801103268465
-0.2801447440411729,-0.1851487962018866,-0.1062850747939886,-0.033499099445919514,-0.40299553110650327,1.3054598240132387,0.5950902630899442,-0.7548598616467042,1.0742129638380655,1.0106378260597584,1.5945016225624369,0.2538566556710388,0.706117397470918,0.31965825609369647,-0.21654569785255828,-0.1764916480346692,-0.282603993023614,-0.09954840680822094,1.0447503376280172,-0.9511897312113419,-0.1420960445125053,-0.23192034667290004,-0.30560444605526793,2.932575659723036,-0.24173208127588555,-0.2581988897471611,-0.20301416340319547,-0.5869734364739604,-0.32946173471593376,-0.3156839517433792,-0.26726124191242434,-0.20577968041807276,1.508791076307582,-0.49837186151879204,-0.8182696483380675,2.430324015464581,-0.5210788604500733,-0.37976217386784894,-0.42008402520840293,-0.4097355387061661,-0.46885190548373656,-0.20493444137703565
0.13967878745980433,-0.3729426243751571,-0.7709995490756102,0.14649530839650465,0.23122694407750302,-0.7660136157433054,-0.22519756370189026,0.4732345555178548,-1.540209573503029,0.5076765440393498,-0.6271552100354432,0.15873472380367074,0.24245617888536294,0.31965825609369647,-0.21654569785255828,-0.1764916480346692,-0.282603993023614,-0.6221088938773949,1.0447503376280172,-0.9511897312113419,-0.1420960445125053,-0.23192034667290004,-0.30560444605526793,2.932575659723036,-0.24173208127588555,-0.2581988897471611,-0.20301416340319547,-0.5869734364739604,-0.32946173471593376,-0.3156839517433792,-0.26726124191242434,-0.20577968041807276,1.508791076307582,-0.49837186151879204,-0.8182696483380675,-0.4114677687570971,-0.5210788604500733,-0.37976217386784894,-0.42008402520840293,-0.4097355387061661,2.1328696509578076,0.5045047832550925
-0.02825062514058655,1.0510209830225605,-1.4357140233572319,-1.1626042623275104,1.499671894445514,-0.7660136157433054,-0.025383862303879314,-0.4549763411762886,0.7837215708001662,-0.4982460200014673,-0.6271552100354432,0.539222451273143,0.706117397470918,0.31965825609369647,4.617962905367348,-0.1764916480346692,-0.282603993023614,-1.5270638883024643,-0.9571664769885428,1.0513149660756937,-0.1420960445125053,-0.23192034667290004,3.272203702884454,-0.34099716973523675,-0.24173208127588555,-0.2581988897471611,-0.20301416340319547,-0.5869734364739604,-0.32946173471593376,-0.3156839517433792,-0.26726124191242434,-0.20577968041807276,-0.6627822868937354,2.0065338298845607,-0.8182696483380675,-0.4114677687570971,-0.5210788604500733,-0.37976217386784894,-0.42008402520840293,2.4405986435975984,-0.46885190548373656,1.0139185838045077
-0.44807415664156375,1.2269709505722572,-0.7709995490756102,0.4735431322556741,0.07267132528150075,1.3054598240132387,0.810678730387798,-0.3998956945592735,-0.08775260831353203,-1.001207302021876,-0.6271552100354432,0.44410051940577494,0.24245617888536294,0.31965825609369647,-0.21654569785255828,-0.1764916480346692,-0.282603993023614,-0.5381240727132925,-0.9571664769885428,1.0513149660756937,-0.1420960445125053,-0.23192034667290004,-0.30560444605526793,-0.34099716973523675,-0.24173208127588555,-0.2581988897471611,-0.20301416340319547,1.7036546083024706,-0.32946173471593376,-0.3156839517433792,-0.26726124191242434,-0.20577968041807276,-0.6627822868937354,-0.49837186151879204,-0.8182696483380675,-0.4114677687570971,-0.5210788604500733,-0.37976217386784894,-0.42008402520840293,2.4405986435975984,-0.46885190548373656,0.6376678289371296
-1.4556506322439091,-0.07299083435217622,-0.1062850747939886,1.3424196198834186,0.8654494192615079,-0.7660136157433054,0.018434931862351157,-0.7222194784662508,0.4932301777622668,1.0106378260597584,1.5945016225624369,0.15873472380367074,0.24245617888536294,0.31965825609369647,-0.21654569785255828,-0.1764916480346692,-0.282603993023614,0.2537830607907671,-0.9571664769885428,1.0513149660756937,-0.1420960445125053,-0.23192034667290004,-0.30560444605526793,-0.34099716973523675,4.1368112776835515,-0.2581988897471611,-0.20301416340319547,-0.5869734364739604,-0.32946173471593376,-0.3156839517433792,-0.26726124191242434,-0.20577968041807276,1.508791076307582,-0.49837186151879204,-0.8182696483380675,-0.4114677687570971,-0.5210788604500733,-0.37976217386784894,-0.42008402520840293,2.4405986435975984,-0.46885190548373656,0.21523696914055762
1.5670787945631268,-0.9103205627559666,1.8878583480508762,-0.14733040742028394,1.182560656853511,-0.7660136157433054,-0.8439189373290645,-0.12653248542297632,-1.540209573503029,-1.5041685840422845,-0.6271552100354432,0.15873472380367074,0.24245617888536294,0.31965825609369647,-0.21654569785255828,-0.1764916480346692,-0.282603993023614,1.5775674851015917,1.0447503376280172,-0.9511897312113419,-0.1420960445125053,-0.23192034667290004,-0.30560444605526793,-0.34099716973523675,-0.24173208127588555,-0.2581988897471611,-0.20301416340319547,-0.5869734364739604,3.0352538538723257,-0.3156839517433792,-0.26726124191242434,-0.20577968041807276,-0.6627822868937354,-0.49837186151879204,1.2220910332321786,-0.4114677687570971,-0.5210788604500733,-0.37976217386784894,2.3804761428476167,-0.4097355387061661,-0.46885190548373656,-1.0427070370787648
-1.0358271007429318,-1.3427376880947859,2.5525728223324977,1.5327929140256864,0.8654494192615079,1.3054598240132387,-0.9105235044617348,0.04074947837684733,-1.2497181804651296,0.004715262018941286,-0.6271552100354432,0.2538566556710388,0.24245617888536294,0.31965825609369647,-0.21654569785255828,-0.1764916480346692,-0.282603993023614,2.577800176177644,1.0447503376280172,-0.9511897312113419,-0.1420960445125053,-0.23192034667290004,-0.30560444605526793,-0.34099716973523675,-0.24173208127588555,3.8729833462074166,-0.20301416340319547,-0.5869734364739604,-0.32946173471593376,-0.3156839517433792,-0.26726124191242434,-0.20577968041807276,-0.6627822868937354,-0.49837186151879204,-0.8182696483380675,-0.4114677687570971,-0.5210788604500733,-0.37976217386784894,2.3804761428476167,-0.4097355387061661,-0.46885190548373656,-0.920008289509623
-0.867897688142541,-1.1750784954886124,0.5584293994876329,1.0104925122951338,-1.1957736250865103,-0.7660136157433054,-0.1813787695356598,0.5364752979299833,1.6551957499138643,-1.5041685840422845,-0.6271552100354432,0.539222451273143,0.706117397470918,0.31965825609369647,-0.21654569785255828,-0.1764916480346692,-0.282603993023614,0.7373277229981011,1.0447503376280172,-0.9511897312113419,-0.1420960445125053,-0.23192034667290004,-0.30560444605526793,-0.34099716973523675,-0.24173208127588555,3.8729833462074166,-0.20301416340319547,-0.5869734364739604,-0.32946173471593376,-0.3156839517433792,-0.26726124191242434,-0.20577968041807276,-0.6627822868937354,-0.49837186151879204,1.2220910332321786,-0.4114677687570971,1.919095315316124,-0.37976217386784894,-0.42008402520840293,-0.4097355387061661,-0.46885190548373656,-0.33157802674948667
0.30760820006019524,-0.42818846071434963,-1.103356786216421,-0.2951298880591987,0.706893800465507,1.3054598240132387,1.5030156782142394,0.3651132862326029,-0.37824400135143144,1.0106378260597584,1.5945016225624369,0.539222451273143,0.706117397470918,0.31965825609369647,-0.21654569785255828,-0.1764916480346692,-0.282603993023614,-1.0199080467740342,1.0447503376280172,-0.9511897312113419,-0.1420960445125053,-0.23192034667290004,-0.30560444605526793,-0.34099716973523675,-0.24173208127588555,-0.2581988897471611,-0.20301416340319547,-0.5869734364739604,-0.32946173471593376,-0.3156839517433792,3.741657386773941,-0.20577968041807276,1.508791076307582,-0.49837186151879204,-0.8182696483380675,-0.4114677687570971,-0.5210788604500733,2.633226974174589,-0.42008402520840293,-0.4097355387061661,-0.46885190548373656,0.8123053149595468
-0.6160035692419547,1.7899473330309645,-1.7680712604980426,-3.035689113613424,1.499671894445514,1.3054598240132387,1.506521181747538,-0.45701636512506694,-0.37824400135143144,0.004715262018941286,-0.6271552100354432,0.539222451273143,0.706117397470918,0.31965825609369647,-0.21654569785255828,-0.1764916480346692,-0.282603993023614,-2.292457241019591,1.0447503376280172,-0.9511897312113419,-0.1420960445125053,-0.23192034667290004,3.272203702884454,-0.34099716973523675,-0.24173208127588555,-0.2581988897471611,-0.20301416340319547,-0.5869734364739604,-0.32946173471593376,-0.3156839517433792,-0.26726124191242434,-0.20577968041807276,1.508791076307582,-0.49837186151879204,-0.8182696483380675,-0.4114677687570971,-0.5210788604500733,-0.37976217386784894,2.3804761428476167,-0.4097355387061661,-0.46885190548373656,0.5310381153747079
0.5595023189607815,0.638795487985037,1.2231438737692546,0.8339273844306522,0.07267132528150075,1.3054598240132387,-0.3601594497338801,-0.8915414662148528,-0.6687353943893308,0.5076765440393498,-0.6271552100354432,0.539222451273143,0.706117397470918,0.31965825609369647,-0.21654569785255828,-0.1764916480346692,3.53852041969004,1.2607688380508857,-0.9571664769885428,1.0513149660756937,-0.1420960445125053,-0.23192034667290004,-0.30560444605526793,2.932575659723036,-0.24173208127588555,-0.2581988897471611,-0.20301416340319547,-0.5869734364739604,-0.32946173471593376,-0.3156839517433792,-0.26726124191242434,-0.20577968041807276,-0.6627822868937354,-0.49837186151879204,1.2220910332321786,-0.4114677687570971,-0.5210788604500733,-0.37976217386784894,-0.42008402520840293,2.4405986435975984,-0.46885190548373656,-0.6644922302031423
-0.112215331440782,1.7899473330309645,-1.4357140233572319,-1.1232998495283975,-0.08588429351450011,-0.7660136157433054,-0.7299900724968653,-0.3590952155837067,1.0742129638380655,1.0106378260597584,1.5945016225624369,0.15873472380367074,0.24245617888536294,0.31965825609369647,-0.21654569785255828,-0.1764916480346692,-0.282603993023614,-1.5169706424861735,-0.9571664769885428,1.0513149660756937,-0.1420960445125053,-0.23192034667290004,-0.30560444605526793,-0.34099716973523675,-0.24173208127588555,3.8729833462074166,-0.20301416340319547,-0.5869734364739604,-0.32946173471593376,-0.3156839517433792,-0.26726124191242434,-0.20577968041807276,-0.6627822868937354,-0.49837186151879204,1.2220910332321786,-0.4114677687570971,-0.5210788604500733,-0.37976217386784894,-0.42008402520840293,-0.4097355387061661,2.1328696509578076,1.0379237671534467
0.055714081159608894,0.5174436719081004,0.5584293994876329,0.03516405724824441,0.07267132528150075,-0.7660136157433054,-0.6335887253311583,-0.2407738265545632,0.7837215708001662,1.513599108080167,1.5945016225624369,0.44410051940577494,0.24245617888536294,0.31965825609369647,-0.21654569785255828,-0.1764916480346692,3.53852041969004,0.4868665369036595,1.0447503376280172,-0.9511897312113419,-0.1420960445125053,-0.23192034667290004,-0.30560444605526793,2.932575659723036,-0.24173208127588555,-0.2581988897471611,-0.20301416340319547,-0.5869734364739604,-0.32946173471593376,-0.3156839517433792,-0.26726124191242434,-0.20577968041807276,-0.6627822868937354,2.0065338298845607,-0.8182696483380675,-0.4114677687570971,-0.5210788604500733,2.633226974174589,-0.42008402520840293,-0.4097355387061661,-0.46885190548373656,-0.5698508996556695
1.4831140882629315,0.3759129696384549,0.5584293994876329,-1.3008039237889686,-0.2444399123105017,1.3054598240132387,-1.3820137296903747,-0.5345372751786437,1.364704356875965,1.513599108080167,1.5945016225624369,0.539222451273143,0.706117397470918,0.31965825609369647,-0.21654569785255828,-0.1764916480346692,-0.282603993023614,0.1437942894127464,-0.9571664769885428,-0.9511897312113419,-0.1420960445125053,-0.23192034667290004,-0.30560444605526793,-0.34099716973523675,-0.24173208127588555,3.8729833462074166,-0.20301416340319547,-0.5869734364739604,-0.32946173471593376,-0.3156839517433792,-0.26726124191242434,-0.20577968041807276,1.508791076307582,-0.49837186151879204,-0.8182696483380675,-0.4114677687570971,1.919095315316124,-0.37976217386784894,-0.42008402520840293,-0.4097355387061661,-0.46885190548373656,-0.8962280573251911
1.3151846756625405,-0.897355579009405,0.22607216234682218,-0.6424083229255281,1.499671894445514,-0.7660136157433054,0.37249078872549335,0.3875535496691646,-1.2497181804651296,1.513599108080167,1.5945016225624369,0.539222451273143,0.706117397470918,0.31965825609369647,-0.21654569785255828,-0.1764916480346692,-0.282603993023614,0.028476911962575107,-0.9571664769885428,1.0513149660756937,-0.1420960445125053,-0.23192034667290004,-0.30560444605526793,-0.34099716973523675,-0.24173208127588555,-0.2581988897471611,-0.20301416340319547,1.7036546083024706,-0.32946173471593376,-0.3156839517433792,-0.26726124191242434,-0.20577968041807276,-0.6627822868937354,-0.49837186151879204,1.2220910332321786,-0.4114677687570971,-0.5210788604500733,-0.37976217386784894,-0.42008402520840293,-0.4097355387061661,2.1328696509578076,-0.5822700454267158
-0.6999682755421501,-0.45309473835651226,2.5525728223324977,1.5327929140256864,1.499671894445514,-0.7660136157433054,-0.30582414496775434,-0.38153547902026846,-0.9592267874272302,-1.001207302021876,-0.6271552100354432,0.15873472380367074,0.24245617888536294,0.31965825609369647,-0.21654569785255828,-0.1764916480346692,-0.282603993023614,2.577800176177644,1.0447503376280172,-0.9511897312113419,-0.1420960445125053,-0.23192034667290004,-0.30560444605526793,-0.34099716973523675,-0.24173208127588555,-0.2581988897471611,-0.20301416340319547,-0.5869734364739604,-0.32946173471593376,-0.3156839517433792,3.741657386773941,-0.20577968041807276,-0.6627822868937354,-0.49837186151879204,1.2220910332321786,-0.4114677687570971,-0.5210788604500733,-0.37976217386784894,-0.42008402520840293,2.4405986435975984,-0.46885190548373656,-0.920008289509623
-1.2037565133433228,-0.5493312097872967,-0.7709995490756102,-0.6952388671509385,-2.4642185754545216,1.3054598240132387,0.2462926615267496,0.45079429208129307,-0.6687353943893308,-1.001207302021876,-0.6271552100354432,0.539222451273143,0.706117397470918,0.31965825609369647,-0.21654569785255828,-0.1764916480346692,-0.282603993023614,-0.8382635019921599,1.0447503376280172,-0.9511897312113419,-0.1420960445125053,-0.23192034667290004,-0.30560444605526793,-0.34099716973523675,-0.24173208127588555,-0.2581988897471611,-0.20301416340319547,1.7036546083024706,-0.32946173471593376,-0.3156839517433792,-0.26726124191242434,-0.20577968041807276,1.508791076307582,-0.49837186151879204,-0.8182696483380675,-0.4114677687570971,-0.5210788604500733,-0.37976217386784894,-0.42008402520840293,2.4405986435975984,-0.46885190548373656,0.1617784958641022
0.13967878745980433,1.642417830384949,-1.103356786216421,-1.8061189896128091,-1.5128848626785127,1.3054598240132387,-1.0577546528602693,-0.31421468871058333,-0.37824400135143144,0.004715262018941286,-0.6271552100354432,0.2538566556710388,0.24245617888536294,0.31965825609369647,-0.21654569785255828,-0.1764916480346692,-0.282603993023614,-1.4079251507482005,-0.9571664769885428,-0.9511897312113419,-0.1420960445125053,-0.23192034667290004,-0.30560444605526793,-0.34099716973523675,-0.24173208127588555,-0.2581988897471611,-0.20301416340319547,1.7036546083024706,-0.32946173471593376,-0.3156839517433792,-0.26726124191242434,-0.20577968041807276,-0.6627822868937354,-0.49837186151879204,1.2220910332321786,-0.4114677687570971,1.919095315316124,-0.37976217386784894,-0.42008402520840293,-0.4097355387061661,-0.46885190548373656,0.07403563299932474
1.399149381962736,0.1409617231334297,0.8907866366284438,1.2826456867916467,0.07267132528150075,-0.7660136157433054,1.5766312524135067,0.5997160403421117,-0.9592267874272302,1.0106378260597584,1.5945016225624369,0.2538566556710388,0.706117397470918,0.31965825609369647,-0.21654569785255828,-0.1764916480346692,-0.282603993023614,1.0916070099356556,-0.9571664769885428,1.0513149660756937,-0.1420960445125053,-0.23192034667290004,-0.30560444605526793,-0.34099716973523675,-0.24173208127588555,-0.2581988897471611,4.925764701519638,-0.5869734364739604,-0.32946173471593376,-0.3156839517433792,-0.26726124191242434,-0.20577968041807276,-0.6627822868937354,2.0065338298845607,-0.8182696483380675,-0.4114677687570971,-0.5210788604500733,-0.37976217386784894,2.3804761428476167,-0.4097355387061661,-0.46885190548373656,-0.4331180473291123
-2.1273682826454725,-1.4640304625411753,-1.4357140233572319,-0.7687009366315178,0.23122694407750302,1.3054598240132387,-0.10601044356974337,-1.2118252261730516,1.364704356875965,1.513599108080167,1.5945016225624369,-0.031509139931065404,-0.22120503970019206,0.31965825609369647,-0.21654569785255828,-0.1764916480346692,-0.282603993023614,-1.4259107909537148,-0.9571664769885428,1.0513149660756937,-0.1420960445125053,-0.23192034667290004,-0.30560444605526793,-0.34099716973523675,-0.24173208127588555,-0.2581988897471611,-0.20301416340319547,1.7036546083024706,-0.32946173471593376,-0.3156839517433792,-0.26726124191242434,-0.20577968041807276,-0.6627822868937354,-0.49837186151879204,1.2220910332321786,-0.4114677687570971,-0.5210788604500733,-0.37976217386784894,-0.42008402520840293,-0.4097355387061661,-0.46885190548373656,1.2544951725813924
2.0708670323642995,0.1404086452602992,0.5584293994876329,-0.5806118091293384,-1.9885517190665176,-0.7660136157433054,1.2856744591497364,2.0562931397698443,0.7837215708001662,0.004715262018941286,-0.6271552100354432,0.44410051940577494,0.24245617888536294,0.31965825609369647,-0.21654569785255828,-0.1764916480346692,-0.282603993023614,0.3287372902245527,1.0447503376280172,-0.9511897312113419,-0.1420960445125053,-0.23192034667290004,-0.30560444605526793,-0.34099716973523675,4.1368112776835515,-0.2581988897471611,-0.20301416340319547,-0.5869734364739604,-0.32946173471593376,-0.3156839517433792,-0.26726124191242434,-0.20577968041807276,-0.6627822868937354,-0.49837186151879204,1.2220910332321786,-0.4114677687570971,-0.5210788604500733,-0.37976217386784894,-0.42008402520840293,-0.4097355387061661,2.1328696509578076,-0.7202850267324057
-0.867897688142541,-0.20757826115250191,0.8907866366284438,1.234303490766951,-0.08588429351450011,-0.7660136157433054,-1.5029536015891707,-0.8364608195978376,-1.540209573503029,1.0106378260597584,1.5945016225624369,0.539222451273143,0.706117397470918,0.31965825609369647,-0.21654569785255828,-0.1764916480346692,-0.282603993023614,1.0791928906796213,1.0447503376280172,-0.9511897312113419,-0.1420960445125053,-0.23192034667290004,-0.30560444605526793,-0.34099716973523675,-0.24173208127588555,-0.2581988897471611,-0.20301416340319547,-0.5869734364739604,-0.32946173471593376,3.1677251709421848,-0.26726124191242434,-0.20577968041807276,-0.6627822868937354,-0.49837186151879204,1.2220910332321786,-0.4114677687570971,-0.5210788604500733,-0.37976217386784894,-0.42008402520840293,2.4405986435975984,-0.46885190548373656,-0.44385441550967425
-0.6999682755421501,-0.3434384685962599,1.5555011109100654,-0.9371330029965549,1.182560656853511,-0.7660136157433054,0.6827278514224051,0.028509334684177306,0.4932301777622668,0.5076765440393498,-0.6271552100354432,-0.031509139931065404,-0.22120503970019206,0.31965825609369647,-0.21654569785255828,-0.1764916480346692,-0.282603993023614,1.090357504597321,1.0447503376280172,-0.9511897312113419,-0.1420960445125053,-0.23192034667290004,-0.30560444605526793,-0.34099716973523675,-0.24173208127588555,-0.2581988897471611,-0.20301416340319547,-0.5869734364739604,-0.32946173471593376,3.1677251709421848,-0.26726124191242434,-0.20577968041807276,-0.6627822868937354,2.0065338298845607,-0.8182696483380675,-0.4114677687570971,-0.5210788604500733,-0.37976217386784894,-0.42008402520840293,2.4405986435975984,-0.46885190548373656,-1.1087691152880417
1.0632905567619542,0.44426451835703534,0.5584293994876329,1.5327929140256864,1.3411162756495132,1.3054598240132387,0.19721561206057148,1.2402835602585096,-0.37824400135143144,-1.001207302021876,-0.6271552100354432,0.44410051940577494,0.24245617888536294,0.31965825609369647,-0.21654569785255828,-0.1764916480346692,-0.282603993023614,0.8714527733215315,-0.9571664769885428,1.0513149660756937,-0.1420960445125053,-0.23192034667290004,-0.30560444605526793,-0.34099716973523675,-0.24173208127588555,-0.2581988897471611,-0.20301416340319547,-0.5869734364739604,3.0352538538723257,-0.3156839517433792,-0.26726124191242434,-0.20577968041807276,-0.6627822868937354,-0.49837186151879204,1.2220910332321786,2.430324015464581,-0.5210788604500733,-0.37976217386784894,-0.42008402520840293,-0.4097355387061661,-0.46885190548373656,-0.20397996827347392
-0.5320388629417592,1.3369701481701526,0.5584293994876329,-0.1341940885501664,0.706893800465507,-0.7660136157433054,-0.3005658896678067,0.41407386100328303,-1.2497181804651296,1.0106378260597584,1.5945016225624369,0.44410051940577494,0.24245617888536294,0.31965825609369647,-0.21654569785255828,-0.1764916480346692,-0.282603993023614,0.44337591397357606,1.0447503376280172,-0.9511897312113419,-0.1420960445125053,-0.23192034667290004,-0.30560444605526793,-0.34099716973523675,-0.24173208127588555,-0.2581988897471611,-0.20301416340319547,1.7036546083024706,-0.32946173471593376,-0.3156839517433792,-0.26726124191242434,-0.20577968041807276,1.508791076307582,-0.49837186151879204,-0.8182696483380675,-0.4114677687570971,-0.5210788604500733,-0.37976217386784894,-0.42008402520840293,2.4405986435975984,-0.46885190548373656,-0.6112251174800757
0.5595023189607815,-0.584964936547357,-0.4386423119347994,-1.6338220372294958,-1.5128848626785127,-0.7660136157433054,-0.3496429391339848,-0.34277502399348003,-0.9592267874272302,1.0106378260597584,1.5945016225624369,-3.075410959686844,-3.003172351213522,-3.1283409107596607,-0.21654569785255828,-0.1764916480346692,-0.282603993023614,-0.7948973841934494,1.0447503376280172,-0.9511897312113419,-0.1420960445125053,-0.23192034667290004,-0.30560444605526793,-0.34099716973523675,-0.24173208127588555,-0.2581988897471611,-0.20301416340319547,1.7036546083024706,-0.32946173471593376,-0.3156839517433792,-0.26726124191242434,-0.20577968041807276,1.508791076307582,-0.49837186151879204,-0.8182696483380675,-0.4114677687570971,-0.5210788604500733,-0.37976217386784894,-0.42008402520840293,-0.4097355387061661,-0.46885190548373656,-0.49081111401734223
0.7274317315611725,0.3408065995696759,0.8907866366284438,-0.7009569977153342,-0.5615511499025041,1.3054598240132387,0.7072663761554941,-0.1918132517838831,0.20273878472436738,0.5076765440393498,-0.6271552100354432,0.44410051940577494,0.24245617888536294,0.31965825609369647,-0.21654569785255828,-0.1764916480346692,-0.282603993023614,0.5822242696588403,1.0447503376280172,-0.9511897312113419,-0.1420960445125053,-0.23192034667290004,-0.30560444605526793,2.932575659723036,-0.24173208127588555,-0.2581988897471611,-0.20301416340319547,-0.5869734364739604,-0.32946173471593376,-0.3156839517433792,-0.26726124191242434,-0.20577968041807276,-0.6627822868937354,-0.49837186151879204,-0.8182696483380675,-0.4114677687570971,-0.5210788604500733,-0.37976217386784894,-0.42008402520840293,-0.4097355387061661,2.1328696509578076,-0.8736584136363903
-0.02825062514058655,-0.9076050065873998,-0.7709995490756102,-0.33745692748258543,-0.40299553110650327,-0.7660136157433054,-1.345205942590741,-0.499856868049412,1.0742129638380655,1.513599108080167,1.5945016225624369,0.44410051940577494,0.24245617888536294,0.31965825609369647,-0.21654569785255828,-0.1764916480346692,-0.282603993023614,-0.7463862595013754,-0.9571664769885428,1.0513149660756937,-0.1420960445125053,-0.23192034667290004,-0.30560444605526793,-0.34099716973523675,-0.24173208127588555,-0.2581988897471611,-0.20301416340319547,1.7036546083024706,-0.32946173471593376,-0.3156839517433792,-0.26726124191242434,-0.20577968041807276,1.508791076307582,-0.49837186151879204,-0.8182696483380675,-0.4114677687570971,-0.5210788604500733,-0.37976217386784894,2.3804761428476167,-0.4097355387061661,-0.46885190548373656,0.3074554559308977
0.13967878745980433,1.7899473330309645,-0.4386423119347994,-0.07648728228089069,0.23122694407750302,-0.7660136157433054,0.7510851703217246,-0.6630587839516789,0.20273878472436738,-1.5041685840422845,-0.6271552100354432,-3.075410959686844,-3.003172351213522,-3.1283409107596607,-0.21654569785255828,-0.1764916480346692,-0.282603993023614,-0.3949788666395119,-0.9571664769885428,1.0513149660756937,-0.1420960445125053,-0.23192034667290004,-0.30560444605526793,2.932575659723036,-0.24173208127588555,-0.2581988897471611,-0.20301416340319547,-0.5869734364739604,-0.32946173471593376,-0.3156839517433792,-0.26726124191242434,-0.20577968041807276,1.508791076307582,-0.49837186151879204,-0.8182696483380675,-0.4114677687570971,-0.5210788604500733,-0.37976217386784894,-0.42008402520840293,-0.4097355387061661,2.1328696509578076,0.05269901504756833
0.39157290636039066,-1.3998849487404799,2.220215585191687,0.20272014806729402,0.5483381816695062,1.3054598240132387,-1.6852397853206895,-0.7609799334930392,-0.6687353943893308,0.5076765440393498,-0.6271552100354432,0.2538566556710388,0.24245617888536294,0.31965825609369647,-0.21654569785255828,-0.1764916480346692,-0.282603993023614,1.9518505670024897,1.0447503376280172,-0.9511897312113419,-0.1420960445125053,-0.23192034667290004,3.272203702884454,-0.34099716973523675,-0.24173208127588555,-0.2581988897471611,-0.20301416340319547,-0.5869734364739604,-0.32946173471593376,-0.3156839517433792,-0.26726124191242434,-0.20577968041807276,-0.6627822868937354,2.0065338298845607,-0.8182696483380675,-0.4114677687570971,-0.5210788604500733,-0.37976217386784894,-0.42008402520840293,-0.4097355387061661,2.1328696509578076,-1.0570742243713263
0.30760820006019524,0.6653099650795394,-0.1062850747939886,-0.10720542317610367,0.07267132528150075,-0.7660136157433054,-0.6984405406971793,0.3651132862326029,1.0742129638380655,-1.001207302021876,-0.6271552100354432,0.539222451273143,0.706117397470918,0.31965825609369647,-0.21654569785255828,-0.1764916480346692,3.53852041969004,-0.11847595185071107,1.0447503376280172,-0.9511897312113419,-0.1420960445125053,-0.23192034667290004,-0.30560444605526793,-0.34099716973523675,-0.24173208127588555,-0.2581988897471611,-0.20301416340319547,1.7036546083024706,-0.32946173471593376,-0.3156839517433792,-0.26726124191242434,-0.20577968041807276,-0.6627822868937354,-0.49837186151879204,1.2220910332321786,-0.4114677687570971,1.919095315316124,-0.37976217386784894,-0.42008402520840293,-0.4097355387061661,-0.46885190548373656,-0.22744252239280463
-1.7915094574446908,-1.3725734818443107,-0.4386423119347994,0.7802823327285799,0.07267132528150075,-0.7660136157433054,0.6862333549557035,1.878811056226129,0.4932301777622668,-0.4982460200014673,-0.6271552100354432,0.44410051940577494,0.24245617888536294,0.31965825609369647,-0.21654569785255828,-0.1764916480346692,3.53852041969004,-0.1749632064026397,1.0447503376280172,-0.9511897312113419,-0.1420960445125053,-0.23192034667290004,-0.30560444605526793,-0.34099716973523675,-0.24173208127588555,-0.2581988897471611,-0.20301416340319547,-0.5869734364739604,3.0352538538723257,-0.3156839517433792,-0.26726124191242434,-0.20577968041807276,1.508791076307582,-0.49837186151879204,-0.8182696483380675,-0.4114677687570971,-0.5210788604500733,-0.37976217386784894,-0.42008402520840293,2.4405986435975984,-0.46885190548373656,0.3517117755044933
0.643467025260977,-0.16971032309782982,-0.1062850747939886,0.2944213542416341,-1.1957736250865103,1.3054598240132387,0.8124314821544473,-1.007822831295218,-0.08775260831353203,-1.5041685840422845,-0.6271552100354432,0.44410051940577494,0.24245617888536294,0.31965825609369647,-0.21654569785255828,-0.1764916480346692,-0.282603993023614,-0.015339497132491735,-0.9571664769885428,1.0513149660756937,-0.1420960445125053,-0.23192034667290004,-0.30560444605526793,2.932575659723036,-0.24173208127588555,-0.2581988897471611,-0.20301416340319547,-0.5869734364739604,-0.32946173471593376,-0.3156839517433792,-0.26726124191242434,-0.20577968041807276,-0.6627822868937354,-0.49837186151879204,-0.8182696483380675,-0.4114677687570971,-0.5210788604500733,2.633226974174589,-0.42008402520840293,-0.4097355387061661,-0.46885190548373656,-0.10479567763477929
0.22364349375999978,-2.245375414022345,0.22607216234682218,-1.0380027794961408,1.02400503805751,-0.7660136157433054,0.9894594105860184,2.2664156064940126,-1.2497181804651296,0.5076765440393498,-0.6271552100354432,-3.075410959686844,-3.003172351213522,-3.1283409107596607,-0.21654569785255828,-0.1764916480346692,-0.282603993023614,-0.0731104623136099,1.0447503376280172,-0.9511897312113419,-0.1420960445125053,-0.23192034667290004,-0.30560444605526793,-0.34099716973523675,-0.24173208127588555,-0.2581988897471611,-0.20301416340319547,-0.5869734364739604,-0.32946173471593376,3.1677251709421848,-0.26726124191242434,-0.20577968041807276,-0.6627822868937354,-0.49837186151879204,1.2220910332321786,2.430324015464581,-0.5210788604500733,-0.37976217386784894,-0.42008402520840293,-0.4097355387061661,-0.46885190548373656,-0.6896520221057738
-0.02825062514058655,-0.7015529790689059,0.22607216234682218,0.5452648494054423,0.07267132528150075,-0.7660136157433054,1.5205431958807316,2.2215350796208893,-0.6687353943893308,-0.4982460200014673,-0.6271552100354432,0.2538566556710388,0.24245617888536294,0.31965825609369647,-0.21654569785255828,-0.1764916480346692,-0.282603993023614,0.33346753321976214,1.0447503376280172,-0.9511897312113419,-0.1420960445125053,-0.23192034667290004,-0.30560444605526793,-0.34099716973523675,-0.24173208127588555,3.8729833462074166,-0.20301416340319547,-0.5869734364739604,-0.32946173471593376,-0.3156839517433792,-0.26726124191242434,-0.20577968041807276,-0.6627822868937354,2.0065338298845607,-0.8182696483380675,-0.4114677687570971,-0.5210788604500733,2.633226974174589,-0.42008402520840293,-0.4097355387061661,-0.46885190548373656,-0.2598825832787916
-1.0358271007429318,0.014875406116053029,-1.103356786216421,-0.29657140345939004,0.07267132528150075,1.3054598240132387,-0.16034574833586915,0.583395848751885,1.6551957499138643,-0.4982460200014673,-0.6271552100354432,0.2538566556710388,0.706117397470918,0.31965825609369647,-0.21654569785255828,-0.1764916480346692,3.53852041969004,-1.0202782232566714,-0.9571664769885428,1.0513149660756937,-0.1420960445125053,-0.23192034667290004,-0.30560444605526793,-0.34099716973523675,-0.24173208127588555,-0.2581988897471611,-0.20301416340319547,1.7036546083024706,-0.32946173471593376,-0.3156839517433792,-0.26726124191242434,-0.20577968041807276,1.508791076307582,-0.49837186151879204,-0.8182696483380675,-0.4114677687570971,-0.5210788604500733,-0.37976217386784894,-0.42008402520840293,2.4405986435975984,-0.46885190548373656,0.8116009901467824
-0.7839329818423455,-1.2536804276246711,-1.4357140233572319,-0.44313783697813525,1.499671894445514,-0.7660136157433054,0.6318980501895778,0.7629179562443786,0.7837215708001662,1.0106378260597584,1.5945016225624369,0.44410051940577494,0.24245617888536294,0.31965825609369647,-0.21654569785255828,-0.1764916480346692,-0.282603993023614,-1.3423072421534812,-0.9571664769885428,-0.9511897312113419,-0.1420960445125053,-0.23192034667290004,-0.30560444605526793,2.932575659723036,-0.24173208127588555,-0.2581988897471611,-0.20301416340319547,-0.5869734364739604,-0.32946173471593376,-0.3156839517433792,-0.26726124191242434,-0.20577968041807276,-0.6627822868937354,-0.49837186151879204,1.2220910332321786,-0.4114677687570971,-0.5210788604500733,-0.37976217386784894,2.3804761428476167,-0.4097355387061661,-0.46885190548373656,1.453332945295929
0.30760820006019524,-0.575220450754278,0.22607216234682218,0.5960413492225949,1.499671894445514,-0.7660136157433054,-1.672970522954145,-0.9609022804733162,-0.6687353943893308,0.5076765440393498,-0.6271552100354432,0.15873472380367074,0.24245617888536294,0.31965825609369647,-0.21654569785255828,-0.1764916480346692,-0.282603993023614,0.3465067737998153,1.0447503376280172,-0.9511897312113419,-0.1420960445125053,-0.23192034667290004,-0.30560444605526793,-0.34099716973523675,-0.24173208127588555,-0.2581988897471611,-0.20301416340319547,1.7036546083024706,-0.32946173471593376,-0.3156839517433792,-0.26726124191242434,-0.20577968041807276,-0.6627822868937354,2.0065338298845607,-0.8182696483380675,-0.4114677687570971,1.919095315316124,-0.37976217386784894,-0.42008402520840293,-0.4097355387061661,-0.46885190548373656,-0.24609957689776968
-0.3641094503413683,-0.40026165989320917,-0.4386423119347994,-0.20153727987148817,-1.3543292438825112,1.3054598240132387,-0.8474244408623629,-0.7487397898003691,-1.540209573503029,-0.4982460200014673,-0.6271552100354432,0.539222451273143,0.706117397470918,0.31965825609369647,-0.21654569785255828,-0.1764916480346692,-0.282603993023614,-0.42709130071808354,1.0447503376280172,-0.9511897312113419,-0.1420960445125053,-0.23192034667290004,3.272203702884454,-0.34099716973523675,-0.24173208127588555,-0.2581988897471611,-0.20301416340319547,-0.5869734364739604,-0.32946173471593376,-0.3156839517433792,-0.26726124191242434,-0.20577968041807276,-0.6627822868937354,2.0065338298845607,-0.8182696483380675,-0.4114677687570971,-0.5210788604500733,-0.37976217386784894,-0.42008402520840293,2.4405986435975984,-0.46885190548373656,0.009056541832311922
0.39157290636039066,0.4827887879744135,-0.4386423119347994,0.26557863425927286,-0.7201067686985057,-0.7660136157433054,1.5608564865136636,-0.9670223523196512,-0.6687353943893308,-1.5041685840422845,-0.6271552100354432,0.539222451273143,0.706117397470918,0.31965825609369647,-0.21654569785255828,-0.1764916480346692,-0.282603993023614,-0.3071374479504484,1.0447503376280172,-0.9511897312113419,-0.1420960445125053,-0.23192034667290004,-0.30560444605526793,-0.34099716973523675,4.1368112776835515,-0.2581988897471611,-0.20301416340319547,-0.5869734364739604,-0.32946173471593376,-0.3156839517433792,-0.26726124191242434,-0.20577968041807276,-0.6627822868937354,-0.49837186151879204,-0.8182696483380675,-0.4114677687570971,-0.5210788604500733,-0.37976217386784894,-0.42008402520840293,2.4405986435975984,-0.46885190548373656,0.17208008572404396
1.5670787945631268,0.16885626587595254,-0.1062850747939886,0.4739648928509288,0.07267132528150075,-0.7660136157433054,-1.3399476872907934,-0.9547822086269812,1.0742129638380655,0.004715262018941286,-0.6271552100354432,0.2538566556710388,0.24245617888536294,0.31965825609369647,-0.21654569785255828,-0.1764916480346692,3.53852041969004,0.03076670165929419,-0.9571664769885428,1.0513149660756937,-0.1420960445125053,4.3118252207961625,-0.30560444605526793,-0.34099716973523675,-0.24173208127588555,-0.2581988897471611,-0.20301416340319547,-0.5869734364739604,-0.32946173471593376,-0.3156839517433792,-0.26726124191242434,-0.20577968041807276,-0.6627822868937354,-0.49837186151879204,1.2220910332321786,-0.4114677687570971,-0.5210788604500733,-0.37976217386784894,-0.42008402520840293,2.4405986435975984,-0.46885190548373656,-0.049967539310185195
-1.5396153385441045,-1.6427352961610548,-1.103356786216421,-0.5636433634234516,0.5483381816695062,-0.7660136157433054,-0.23746682606843478,-0.21221349127166647,-1.540209573503029,0.5076765440393498,-0.6271552100354432,0.2538566556710388,0.706117397470918,0.31965825609369647,-0.21654569785255828,-0.1764916480346692,-0.282603993023614,-1.0888614369617924,1.0447503376280172,-0.9511897312113419,-0.1420960445125053,-0.23192034667290004,-0.30560444605526793,-0.34099716973523675,-0.24173208127588555,-0.2581988897471611,-0.20301416340319547,1.7036546083024706,-0.32946173471593376,-0.3156839517433792,-0.26726124191242434,-0.20577968041807276,1.508791076307582,-0.49837186151879204,-0.8182696483380675,-0.4114677687570971,-0.5210788604500733,-0.37976217386784894,-0.42008402520840293,2.4405986435975984,-0.46885190548373656,0.6811095585802494
-0.7839329818423455,1.7899473330309645,-0.7709995490756102,0.5930604268700921,0.23122694407750302,-0.7660136157433054,0.7230411420553371,2.048133043974731,0.20273878472436738,-0.4982460200014673,-0.6271552100354432,-0.031509139931065404,-0.22120503970019206,0.31965825609369647,-0.21654569785255828,-0.1764916480346692,-0.282603993023614,-0.507432418826821,-0.9571664769885428,1.0513149660756937,-0.1420960445125053,-0.23192034667290004,-0.30560444605526793,-0.34099716973523675,-0.24173208127588555,-0.2581988897471611,-0.20301416340319547,-0.5869734364739604,-0.32946173471593376,3.1677251709421848,-0.26726124191242434,-0.20577968041807276,1.508791076307582,-0.49837186151879204,-0.8182696483380675,-0.4114677687570971,-0.5210788604500733,-0.37976217386784894,2.3804761428476167,-0.4097355387061661,-0.46885190548373656,0.6863313142180666
1.4831140882629315,-0.1900661358689352,-0.1062850747939886,0.8589477050405586,1.182560656853511,1.3054598240132387,-0.8211331643626246,-0.5141370356908603,1.6551957499138643,-1.001207302021876,-0.6271552100354432,0.2538566556710388,0.24245617888536294,0.31965825609369647,-0.21654569785255828,-0.1764916480346692,-0.282603993023614,0.1296290400521107,1.0447503376280172,-0.9511897312113419,-0.1420960445125053,4.3118252207961625,-0.30560444605526793,-0.34099716973523675,-0.24173208127588555,-0.2581988897471611,-0.20301416340319547,-0.5869734364739604,-0.32946173471593376,-0.3156839517433792,-0.26726124191242434,-0.20577968041807276,-0.6627822868937354,-0.49837186151879204,1.2220910332321786,-0.4114677687570971,-0.5210788604500733,-0.37976217386784894,2.3804761428476167,-0.4097355387061661,-0.46885190548373656,0.0675966517647006
0.30760820006019524,-0.424658221482651,1.2231438737692546,0.6640243572233554,0.07267132528150075,1.3054598240132387,-0.295307634367859,0.08358998130119241,-1.2497181804651296,-0.4982460200014673,-0.6271552100354432,0.2538566556710388,0.706117397470918,0.31965825609369647,-0.21654569785255828,-0.1764916480346692,3.53852041969004,1.2171382913410291,-0.9571664769885428,1.0513149660756937,-0.1420960445125053,-0.23192034667290004,-0.30560444605526793,-0.34099716973523675,-0.24173208127588555,-0.2581988897471611,-0.20301416340319547,1.7036546083024706,-0.32946173471593376,-0.3156839517433792,-0.26726124191242434,-0.20577968041807276,-0.6627822868937354,-0.49837186151879204,1.2220910332321786,2.430324015464581,-0.5210788604500733,-0.37976217386784894,-0.42008402520840293,-0.4097355387061661,-0.46885190548373656,-0.6990816738914515
-0.5320388629417592,1.6710896028464832,-1.103356786216421,-1.7824631198652976,-0.40299553110650327,-0.7660136157433054,-0.38294522270031994,-0.3713353592763768,-0.6687353943893308,0.004715262018941286,-0.6271552100354432,0.2538566556710388,0.706117397470918,0.31965825609369647,-0.21654569785255828,-0.1764916480346692,-0.282603993023614,-1.401850400068674,-0.9571664769885428,1.0513149660756937,-0.1420960445125053,-0.23192034667290004,-0.30560444605526793,-0.34099716973523675,-0.24173208127588555,-0.2581988897471611,-0.20301416340319547,-0.5869734364739604,-0.32946173471593376,-0.3156839517433792,-0.26726124191242434,4.859566299103718,-0.6627822868937354,-0.49837186151879204,1.2220910332321786,2.430324015464581,-0.5210788604500733,-0.37976217386784894,-0.42008402520840293,-0.4097355387061661,-0.46885190548373656,0.08559389732898165
-2.1273682826454725,0.9895764749806352,-1.7680712604980426,-1.0610725559613017,-1.3543292438825112,-0.7660136157433054,1.2068006296505216,1.7135691163750837,1.0742129638380655,1.513599108080167,1.5945016225624369,0.44410051940577494,0.24245617888536294,0.31965825609369647,-0.21654569785255828,-0.1764916480346692,-0.282603993023614,-1.7853821089939426,-0.9571664769885428,1.0513149660756937,-0.1420960445125053,-0.23192034667290004,-0.30560444605526793,-0.34099716973523675,-0.24173208127588555,-0.2581988897471611,-0.20301416340319547,1.7036546083024706,-0.32946173471593376,-0.3156839517433792,-0.26726124191242434,-0.20577968041807276,-0.6627822868937354,-0.49837186151879204,1.2220910332321786,-0.4114677687570971,-0.5210788604500733,-0.37976217386784894,-0.42008402520840293,2.4405986435975984,-0.46885190548373656,2.139035085165666
0.30760820006019524,-1.2067123356466658,0.22607216234682218,0.25065819693476976,0.23122694407750302,1.3054598240132387,-1.5730636722551394,-1.0343431426293364,-1.2497181804651296,0.004715262018941286,-0.6271552100354432,-0.031509139931065404,-0.22120503970019206,0.31965825609369647,-0.21654569785255828,-0.1764916480346692,-0.282603993023614,0.2578134997223283,1.0447503376280172,-0.9511897312113419,-0.1420960445125053,-0.23192034667290004,-0.30560444605526793,-0.34099716973523675,-0.24173208127588555,3.8729833462074166,-0.20301416340319547,-0.5869734364739604,-0.32946173471593376,-0.3156839517433792,-0.26726124191242434,-0.20577968041807276,-0.6627822868937354,-0.49837186151879204,1.2220910332321786,-0.4114677687570971,-0.5210788604500733,-0.37976217386784894,-0.42008402520840293,-0.4097355387061661,-0.46885190548373656,-0.33985196646819993
-1.0358271007429318,1.330674281314067,0.8907866366284438,-0.45243155155560805,1.499671894445514,1.3054598240132387,0.6879861067223527,-0.27749425763257324,0.4932301777622668,-1.001207302021876,-0.6271552100354432,0.539222451273143,0.706117397470918,0.31965825609369647,-0.21654569785255828,-0.1764916480346692,-0.282603993023614,0.6460447987305803,-0.9571664769885428,1.0513149660756937,-0.1420960445125053,-0.23192034667290004,-0.30560444605526793,-0.34099716973523675,-0.24173208127588555,3.8729833462074166,-0.20301416340319547,-0.5869734364739604,-0.32946173471593376,-0.3156839517433792,-0.26726124191242434,-0.20577968041807276,1.508791076307582,-0.49837186151879204,-0.8182696483380675,-0.4114677687570971,-0.5210788604500733,-0.37976217386784894,-0.42008402520840293,-0.4097355387061661,2.1328696509578076,-0.8184631409424045
-0.02825062514058655,-1.311020785010469,-0.4386423119347994,-0.2738267876916435,-0.08588429351450011,-0.7660136157433054,1.5591037347470145,0.6119561840347817,-0.6687353943893308,-1.001207302021876,-0.6271552100354432,0.44410051940577494,0.24245617888536294,0.31965825609369647,4.617962905367348,-0.1764916480346692,-0.282603993023614,-0.44565501202695645,-0.9571664769885428,1.0513149660756937,-0.1420960445125053,-0.23192034667290004,-0.30560444605526793,-0.34099716973523675,-0.24173208127588555,-0.2581988897471611,-0.20301416340319547,1.7036546083024706,-0.32946173471593376,-0.3156839517433792,-0.26726124191242434,-0.20577968041807276,-0.6627822868937354,-0.49837186151879204,1.2220910332321786,-0.4114677687570971,-0.5210788604500733,-0.37976217386784894,-0.42008402520840293,-0.4097355387061661,-0.46885190548373656,-0.016172510303410773
-0.2801447440411729,1.4522988351219752,-0.4386423119347994,0.7147433273884702,0.07267132528150075,-0.7660136157433054,-1.0226996175272849,-0.7201794545174725,-0.6687353943893308,0.5076765440393498,-0.6271552100354432,0.44410051940577494,0.24245617888536294,0.31965825609369647,-0.21654569785255828,-0.1764916480346692,-0.282603993023614,-0.19179341055386065,1.0447503376280172,-0.9511897312113419,-0.1420960445125053,-0.23192034667290004,-0.30560444605526793,-0.34099716973523675,-0.24173208127588555,-0.2581988897471611,-0.20301416340319547,1.7036546083024706,-0.32946173471593376,-0.3156839517433792,-0.26726124191242434,-0.20577968041807276,1.508791076307582,-0.49837186151879204,-0.8182696483380675,2.430324015464581,-0.5210788604500733,-0.37976217386784894,-0.42008402520840293,-0.4097355387061661,-0.46885190548373656,0.3288386500329153
0.30760820006019524,1.3791832643561417,-0.7709995490756102,-1.7799921784477146,1.499671894445514,-0.7660136157433054,1.1191630413180607,1.1138020754342526,1.6551957499138643,-1.5041685840422845,-0.6271552100354432,0.15873472380367074,0.24245617888536294,0.31965825609369647,-0.21654569785255828,-0.1764916480346692,-0.282603993023614,-1.1168246365119172,1.0447503376280172,-0.9511897312113419,-0.1420960445125053,-0.23192034667290004,-0.30560444605526793,-0.34099716973523675,-0.24173208127588555,-0.2581988897471611,-0.20301416340319547,-0.5869734364739604,-0.32946173471593376,3.1677251709421848,-0.26726124191242434,-0.20577968041807276,1.508791076307582,-0.49837186151879204,-0.8182696483380675,-0.4114677687570971,-0.5210788604500733,-0.37976217386784894,-0.42008402520840293,2.4405986435975984,-0.46885190548373656,-0.2798971375079597
-0.02825062514058655,-1.5145957633879763,0.5584293994876329,-0.5236685196008507,-1.1957736250865103,-0.7660136157433054,0.15690232142763944,0.4120338370545047,-0.08775260831353203,0.004715262018941286,-0.6271552100354432,0.44410051940577494,0.24245617888536294,0.31965825609369647,4.617962905367348,-0.1764916480346692,-0.282603993023614,0.34336014241513996,-0.9571664769885428,1.0513149660756937,-0.1420960445125053,-0.23192034667290004,-0.30560444605526793,-0.34099716973523675,-0.24173208127588555,-0.2581988897471611,-0.20301416340319547,-0.5869734364739604,-0.32946173471593376,-0.3156839517433792,-0.26726124191242434,-0.20577968041807276,-0.6627822868937354,-0.49837186151879204,1.2220910332321786,-0.4114677687570971,1.919095315316124,-0.37976217386784894,-0.42008402520840293,-0.4097355387061661,-0.46885190548373656,-0.7063737734325837
1.399149381962736,0.04320915632860141,-0.1062850747939886,0.07754814359072788,0.8654494192615079,1.3054598240132387,-1.4205742685566576,-0.8568610590856209,1.364704356875965,-1.5041685840422845,-0.6271552100354432,0.15873472380367074,0.24245617888536294,0.31965825609369647,-0.21654569785255828,-0.1764916480346692,-0.282603993023614,-0.07103183471442355,1.0447503376280172,-0.9511897312113419,-0.1420960445125053,-0.23192034667290004,-0.30560444605526793,-0.34099716973523675,-0.24173208127588555,3.8729833462074166,-0.20301416340319547,-0.5869734364739604,-0.32946173471593376,-0.3156839517433792,-0.26726124191242434,-0.20577968041807276,-0.6627822868937354,-0.49837186151879204,1.2220910332321786,-0.4114677687570971,1.919095315316124,-0.37976217386784894,-0.42008402520840293,-0.4097355387061661,-0.46885190548373656,-0.1710233708426214
-2.505209460996352,1.7899473330309645,-1.103356786216421,0.4322874153249911,0.23122694407750302,-0.7660136157433054,-1.4714040697894848,-1.2097852022242732,1.6551957499138643,-1.001207302021876,-0.6271552100354432,-3.075410959686844,-3.003172351213522,-3.1283409107596607,-0.21654569785255828,-0.1764916480346692,-0.282603993023614,-0.8331096409155014,-0.9571664769885428,1.0513149660756937,-0.1420960445125053,-0.23192034667290004,-0.30560444605526793,2.932575659723036,-0.24173208127588555,-0.2581988897471611,-0.20301416340319547,-0.5869734364739604,-0.32946173471593376,-0.3156839517433792,-0.26726124191242434,-0.20577968041807276,-0.6627822868937354,-0.49837186151879204,1.2220910332321786,2.430324015464581,-0.5210788604500733,-0.37976217386784894,-0.42008402520840293,-0.4097355387061661,-0.46885190548373656,1.1677216053018329
-0.3641094503413683,-0.5973236661623345,-0.1062850747939886,-0.07595733052149149,0.8654494192615079,1.3054598240132387,1.0455474671187934,2.327616324957363,-1.540209573503029,-1.5041685840422845,-0.6271552100354432,-3.075410959686844,-3.003172351213522,-3.1283409107596607,-0.21654569785255828,-0.1764916480346692,-0.282603993023614,-0.11045154293598637,1.0447503376280172,-0.9511897312113419,-0.1420960445125053,-0.23192034667290004,-0.30560444605526793,-0.34099716973523675,-0.24173208127588555,3.8729833462074166,-0.20301416340319547,-0.5869734364739604,-0.32946173471593376,-0.3156839517433792,-0.26726124191242434,-0.20577968041807276,-0.6627822868937354,2.0065338298845607,-0.8182696483380675,-0.4114677687570971,1.919095315316124,-0.37976217386784894,-0.42008402520840293,-0.4097355387061661,-0.46885190548373656,-0.21790013083854728
-0.867897688142541,-0.2699217591023014,-0.7709995490756102,-0.17412448402403027,-0.40299553110650327,-0.7660136157433054,1.2120588849504692,2.1440141695673125,1.0742129638380655,0.004715262018941286,-0.6271552100354432,-3.075410959686844,-3.003172351213522,-3.1283409107596607,-0.21654569785255828,-0.1764916480346692,-0.282603993023614,-0.7044430174021107,-0.9571664769885428,1.0513149660756937,-0.1420960445125053,-0.23192034667290004,-0.30560444605526793,-0.34099716973523675,-0.24173208127588555,-0.2581988897471611,-0.20301416340319547,-0.5869734364739604,3.0352538538723257,-0.3156839517433792,-0.26726124191242434,-0.20577968041807276,-0.6627822868937354,2.0065338298845607,-0.8182696483380675,-0.4114677687570971,1.919095315316124,-0.37976217386784894,-0.42008402520840293,-0.4097355387061661,-0.46885190548373656,0.3739590191498232
0.7274317315611725,0.39399577676004477,-0.7709995490756102,0.22502468362526068,-1.5128848626785127,-0.7660136157433054,1.4451748699148153,-0.2530139702472332,-0.08775260831353203,0.004715262018941286,-0.6271552100354432,-3.075410959686844,-3.003172351213522,-3.1283409107596607,-0.21654569785255828,-0.1764916480346692,-0.282603993023614,-0.6019428048421849,1.0447503376280172,-0.9511897312113419,-0.1420960445125053,-0.23192034667290004,-0.30560444605526793,2.932575659723036,-0.24173208127588555,-0.2581988897471611,-0.20301416340319547,-0.5869734364739604,-0.32946173471593376,-0.3156839517433792,-0.26726124191242434,-0.20577968041807276,1.508791076307582,-0.49837186151879204,-0.8182696483380675,2.430324015464581,-0.5210788604500733,-0.37976217386784894,-0.42008402520840293,-0.4097355387061661,-0.46885190548373656,0.5364793448270774
-0.6999682755421501,-0.7866663244321087,-1.4357140233572319,-1.1913509551677461,1.499671894445514,-0.7660136157433054,-0.5950281864648754,-0.9507021607294245,0.4932301777622668,1.0106378260597584,1.5945016225624369,0.2538566556710388,0.24245617888536294,0.31965825609369647,-0.21654569785255828,-0.1764916480346692,-0.282603993023614,-1.5344459458522073,-0.9571664769885428,1.0513149660756937,-0.1420960445125053,-0.23192034667290004,-0.30560444605526793,-0.34099716973523675,-0.24173208127588555,-0.2581988897471611,-0.20301416340319547,-0.5869734364739604,3.0352538538723257,-0.3156839517433792,-0.26726124191242434,-0.20577968041807276,1.508791076307582,-0.49837186151879204,-0.8182696483380675,-0.4114677687570971,-0.5210788604500733,-0.37976217386784894,2.3804761428476167,-0.4097355387061661,-0.46885190548373656,0.9963615314747228
-0.867897688142541,-0.7623708910345331,2.5525728223324977,0.526263732044609,-0.7201067686985057,-0.7660136157433054,-1.3381949355241443,-0.46313643697140194,1.0742129638380655,-0.4982460200014673,-0.6271552100354432,0.15873472380367074,0.24245617888536294,0.31965825609369647,-0.21654569785255828,-0.1764916480346692,-0.282603993023614,2.319326744531964,1.0447503376280172,-0.9511897312113419,-0.1420960445125053,-0.23192034667290004,-0.30560444605526793,-0.34099716973523675,-0.24173208127588555,-0.2581988897471611,4.925764701519638,-0.5869734364739604,-0.32946173471593376,-0.3156839517433792,-0.26726124191242434,-0.20577968041807276,1.508791076307582,-0.49837186151879204,-0.8182696483380675,-0.4114677687570971,1.919095315316124,-0.37976217386784894,-0.42008402520840293,-0.4097355387061661,-0.46885190548373656,-1.0736927986956923
1.7350082071635178,1.3429594882432183,-0.1062850747939886,-0.17523837890650645,0.5483381816695062,1.3054598240132387,1.5538454794470669,1.1117620514854742,-0.6687353943893308,0.5076765440393498,-0.6271552100354432,0.15873472380367074,0.24245617888536294,0.31965825609369647,-0.21654569785255828,-0.1764916480346692,-0.282603993023614,-0.13594659437895387,-0.9571664769885428,1.0513149660756937,-0.1420960445125053,-0.23192034667290004,-0.30560444605526793,-0.34099716973523675,-0.24173208127588555,-0.2581988897471611,-0.20301416340319547,1.7036546083024706,-0.32946173471593376,-0.3156839517433792,-0.26726124191242434,-0.20577968041807276,-0.6627822868937354,-0.49837186151879204,1.2220910332321786,-0.4114677687570971,-0.5210788604500733,-0.37976217386784894,-0.42008402520840293,-0.4097355387061661,2.1328696509578076,-0.24821809770066708
-0.2801447440411729,0.08180326878352542,-1.103356786216421,-1.0967577760789153,1.499671894445514,-0.7660136157433054,0.8019149715545519,0.1325505560718725,-0.08775260831353203,1.513599108080167,1.5945016225624369,-3.075410959686844,-3.003172351213522,-3.1283409107596607,-0.21654569785255828,-0.1764916480346692,-0.282603993023614,-1.2257634902411765,1.0447503376280172,-0.9511897312113419,-0.1420960445125053,-0.23192034667290004,-0.30560444605526793,-0.34099716973523675,-0.24173208127588555,3.8729833462074166,-0.20301416340319547,-0.5869734364739604,-0.32946173471593376,-0.3156839517433792,-0.26726124191242434,-0.20577968041807276,-0.6627822868937354,2.0065338298845607,-0.8182696483380675,-0.4114677687570971,-0.5210788604500733,-0.37976217386784894,-0.42008402520840293,2.4405986435975984,-0.46885190548373656,0.4206297129778715
1.1472552630621498,-0.8376809948744873,-1.4357140233572319,-0.3498088359038913,-2.1471073378625185,1.3054598240132387,1.4784771534811505,-0.2958544731715783,-0.37824400135143144,1.0106378260597584,1.5945016225624369,0.44410051940577494,0.24245617888536294,0.31965825609369647,-0.21654569785255828,-0.1764916480346692,-0.282603993023614,-1.3183406571685896,1.0447503376280172,-0.9511897312113419,-0.1420960445125053,-0.23192034667290004,-0.30560444605526793,-0.34099716973523675,4.1368112776835515,-0.2581988897471611,-0.20301416340319547,-0.5869734364739604,-0.32946173471593376,-0.3156839517433792,-0.26726124191242434,-0.20577968041807276,-0.6627822868937354,-0.49837186151879204,1.2220910332321786,-0.4114677687570971,-0.5210788604500733,-0.37976217386784894,-0.42008402520840293,2.4405986435975984,-0.46885190548373656,1.510333664121351
0.643467025260977,1.7899473330309645,0.5584293994876329,1.3104970074108568,-0.40299553110650327,-0.7660136157433054,1.1419488142845005,1.8461706730456757,1.364704356875965,-1.001207302021876,-0.6271552100354432,0.44410051940577494,0.24245617888536294,0.31965825609369647,-0.21654569785255828,-0.1764916480346692,-0.282603993023614,0.8143679049917003,-0.9571664769885428,1.0513149660756937,-0.1420960445125053,-0.23192034667290004,-0.30560444605526793,-0.34099716973523675,-0.24173208127588555,-0.2581988897471611,-0.20301416340319547,-0.5869734364739604,-0.32946173471593376,-0.3156839517433792,-0.26726124191242434,4.859566299103718,-0.6627822868937354,-0.49837186151879204,1.2220910332321786,-0.4114677687570971,-0.5210788604500733,-0.37976217386784894,2.3804761428476167,-0.4097355387061661,-0.46885190548373656,-0.2582868881939571
0.9793258504617588,0.21800853177257354,-0.4386423119347994,-0.45776925473579505,0.3897825628735039,-0.7660136157433054,-1.5660526651885427,-1.0037427833976613,-1.2497181804651296,1.513599108080167,1.5945016225624369,-0.031509139931065404,-0.22120503970019206,0.31965825609369647,-0.21654569785255828,-0.1764916480346692,-0.282603993023614,-0.4928908413833357,1.0447503376280172,-0.9511897312113419,-0.1420960445125053,-0.23192034667290004,-0.30560444605526793,-0.34099716973523675,-0.24173208127588555,-0.2581988897471611,-0.20301416340319547,1.7036546083024706,-0.32946173471593376,-0.3156839517433792,-0.26726124191242434,-0.20577968041807276,-0.6627822868937354,-0.49837186151879204,1.2220910332321786,-0.4114677687570971,-0.5210788604500733,2.633226974174589,-0.42008402520840293,-0.4097355387061661,-0.46885190548373656,-0.08036846668722901
-2.505209460996352,1.3906826529106433,-1.4357140233572319,0.38361029827430615,1.499671894445514,-0.7660136157433054,-1.3837664814570239,-0.9262218733440845,1.364704356875965,-1.5041685840422845,-0.6271552100354432,-3.075410959686844,-3.003172351213522,-3.1283409107596607,-0.21654569785255828,-0.1764916480346692,-0.282603993023614,-1.1300010006148407,-0.9571664769885428,-0.9511897312113419,-0.1420960445125053,-0.23192034667290004,-0.30560444605526793,-0.34099716973523675,-0.24173208127588555,-0.2581988897471611,-0.20301416340319547,-0.5869734364739604,3.0352538538723257,-0.3156839517433792,-0.26726124191242434,-0.20577968041807276,-0.6627822868937354,-0.49837186151879204,1.2220910332321786,-0.4114677687570971,1.919095315316124,-0.37976217386784894,-0.42008402520840293,-0.4097355387061661,-0.46885190548373656,1.9582696472271728
-0.6160035692419547,0.14427664761390097,-0.7709995490756102,-0.37306683045297284,0.07267132528150075,-0.7660136157433054,0.9877066588193691,1.242323584207288,-1.2497181804651296,1.0106378260597584,1.5945016225624369,0.44410051940577494,0.24245617888536294,0.31965825609369647,-0.21654569785255828,-0.1764916480346692,3.53852041969004,-0.7555307671680179,1.0447503376280172,-0.9511897312113419,-0.1420960445125053,-0.23192034667290004,3.272203702884454,-0.34099716973523675,-0.24173208127588555,-0.2581988897471611,-0.20301416340319547,-0.5869734364739604,-0.32946173471593376,-0.3156839517433792,-0.26726124191242434,-0.20577968041807276,-0.6627822868937354,-0.49837186151879204,1.2220910332321786,-0.4114677687570971,1.919095315316124,-0.37976217386784894,-0.42008402520840293,-0.4097355387061661,-0.46885190548373656,0.29295628244604227
-1.0358271007429318,-0.49844055703666235,-0.4386423119347994,-1.6374885631500435,-1.6714404814745143,-0.7660136157433054,-0.6984405406971793,-1.2138652501218299,1.0742129638380655,-1.001207302021876,-0.6271552100354432,0.15873472380367074,0.24245617888536294,0.31965825609369647,-0.21654569785255828,-0.1764916480346692,-0.282603993023614,-0.7958389361661768,1.0447503376280172,-0.9511897312113419,-0.1420960445125053,-0.23192034667290004,-0.30560444605526793,-0.34099716973523675,-0.24173208127588555,-0.2581988897471611,-0.20301416340319547,-0.5869734364739604,-0.32946173471593376,-0.3156839517433792,3.741657386773941,-0.20577968041807276,1.508791076307582,-0.49837186151879204,-0.8182696483380675,-0.4114677687570971,-0.5210788604500733,-0.37976217386784894,2.3804761428476167,-0.4097355387061661,-0.46885190548373656,-0.4920907322689509
-1.0358271007429318,0.27568472981888276,0.22607216234682218,0.3500852926391117,0.5483381816695062,1.3054598240132387,0.39702931345858244,-1.1689847232487065,-1.540209573503029,1.513599108080167,1.5945016225624369,0.539222451273143,0.706117397470918,0.31965825609369647,-0.21654569785255828,-0.1764916480346692,-0.282603993023614,0.2833460556435413,1.0447503376280172,-0.9511897312113419,-0.1420960445125053,-0.23192034667290004,-0.30560444605526793,-0.34099716973523675,-0.24173208127588555,-0.2581988897471611,-0.20301416340319547,1.7036546083024706,-0.32946173471593376,-0.3156839517433792,-0.26726124191242434,-0.20577968041807276,-0.6627822868937354,-0.49837186151879204,1.2220910332321786,-0.4114677687570971,-0.5210788604500733,-0.37976217386784894,2.3804761428476167,-0.4097355387061661,-0.46885190548373656,-0.3128630188354509
1.399149381962736,-0.8332560640252133,0.8907866366284438,0.1998009441577838,1.499671894445514,-0.7660136157433054,0.1919573567606238,0.44875426813251473,-0.37824400135143144,0.5076765440393498,-0.6271552100354432,0.539222451273143,0.706117397470918,0.31965825609369647,-0.21654569785255828,-0.1764916480346692,-0.282603993023614,0.813535989662624,-0.9571664769885428,1.0513149660756937,-0.1420960445125053,-0.23192034667290004,-0.30560444605526793,-0.34099716973523675,4.1368112776835515,-0.2581988897471611,-0.20301416340319547,-0.5869734364739604,-0.32946173471593376,-0.3156839517433792,-0.26726124191242434,-0.20577968041807276,1.508791076307582,-0.49837186151879204,-0.8182696483380675,-0.4114677687570971,-0.5210788604500733,-0.37976217386784894,2.3804761428476167,-0.4097355387061661,-0.46885190548373656,-0.6736081531853657
0.39157290636039066,0.1155306134312476,-0.7709995490756102,0.7869962566085553,-0.08588429351450011,1.3054598240132387,0.337435753392509,1.2158032728731696,-1.2497181804651296,1.0106378260597584,1.5945016225624369,0.539222451273143,0.706117397470918,0.31965825609369647,-0.21654569785255828,-0.1764916480346692,-0.282603993023614,-0.4576303263202823,-0.9571664769885428,1.0513149660756937,-0.1420960445125053,-0.23192034667290004,-0.30560444605526793,-0.34099716973523675,-0.24173208127588555,-0.2581988897471611,-0.20301416340319547,1.7036546083024706,-0.32946173471593376,-0.3156839517433792,-0.26726124191242434,-0.20577968041807276,-0.6627822868937354,-0.49837186151879204,-0.8182696483380675,-0.4114677687570971,-0.5210788604500733,-0.37976217386784894,2.3804761428476167,-0.4097355387061661,-0.46885190548373656,0.7652955630857404
0.7274317315611725,1.7899473330309645,-0.4386423119347994,-0.16932529107564928,0.07267132528150075,-0.7660136157433054,-1.2856123825246677,-0.5508574667688704,0.7837215708001662,-1.5041685840422845,-0.6271552100354432,0.44410051940577494,0.24245617888536294,0.31965825609369647,-0.21654569785255828,-0.1764916480346692,3.53852041969004,-0.4188193663983996,1.0447503376280172,-0.9511897312113419,-0.1420960445125053,-0.23192034667290004,-0.30560444605526793,-0.34099716973523675,-0.24173208127588555,-0.2581988897471611,-0.20301416340319547,-0.5869734364739604,-0.32946173471593376,-0.3156839517433792,3.741657386773941,-0.20577968041807276,-0.6627822868937354,-0.49837186151879204,1.2220910332321786,-0.4114677687570971,-0.5210788604500733,2.633226974174589,-0.42008402520840293,-0.4097355387061661,-0.46885190548373656,0.020298532118749657
0.055714081159608894,0.4001964780507542,0.22607216234682218,0.05746246949890748,0.3897825628735039,-0.7660136157433054,-0.9438257880280699,-0.43865614958606186,-1.2497181804651296,-1.001207302021876,-0.6271552100354432,0.2538566556710388,0.706117397470918,0.31965825609369647,-0.21654569785255828,-0.1764916480346692,-0.282603993023614,0.20820146308833257,1.0447503376280172,-0.9511897312113419,-0.1420960445125053,-0.23192034667290004,-0.30560444605526793,-0.34099716973523675,-0.24173208127588555,-0.2581988897471611,-0.20301416340319547,-0.5869734364739604,-0.32946173471593376,-0.3156839517433792,3.741657386773941,-0.20577968041807276,-0.6627822868937354,-0.49837186151879204,1.2220910332321786,-0.4114677687570971,-0.5210788604500733,-0.37976217386784894,-0.42008402520840293,-0.4097355387061661,-0.46885190548373656,-0.3922939022775515
0.055714081159608894,-1.1228432070720233,0.5584293994876329,-0.13556954408323954,0.8654494192615079,-0.7660136157433054,-1.5660526651885427,-0.7956603406222709,-1.2497181804651296,1.513599108080167,1.5945016225624369,0.44410051940577494,0.24245617888536294,0.31965825609369647,-0.21654569785255828,-0.1764916480346692,-0.282603993023614,0.4430227014507067,-0.9571664769885428,1.0513149660756937,-0.1420960445125053,-0.23192034667290004,-0.30560444605526793,-0.34099716973523675,-0.24173208127588555,-0.2581988897471611,-0.20301416340319547,1.7036546083024706,-0.32946173471593376,-0.3156839517433792,-0.26726124191242434,-0.20577968041807276,-0.6627822868937354,-0.49837186151879204,-0.8182696483380675,2.430324015464581,-0.5210788604500733,-0.37976217386784894,-0.42008402520840293,-0.4097355387061661,-0.46885190548373656,-0.6115611414520251
1.9029376197639087,1.6439657400635463,0.22607216234682218,1.0432827850811346,0.706893800465507,1.3054598240132387,0.9964704176526152,2.035892900282061,-1.2497181804651296,-1.5041685840422845,-0.6271552100354432,0.2538566556710388,0.24245617888536294,0.31965825609369647,-0.21654569785255828,-0.1764916480346692,-0.282603993023614,0.4613569249628157,-0.9571664769885428,1.0513149660756937,-0.1420960445125053,-0.23192034667290004,-0.30560444605526793,-0.34099716973523675,-0.24173208127588555,-0.2581988897471611,-0.20301416340319547,-0.5869734364739604,-0.32946173471593376,-0.3156839517433792,-0.26726124191242434,4.859566299103718,-0.6627822868937354,-0.49837186151879204,1.2220910332321786,2.430324015464581,-0.5210788604500733,-0.37976217386784894,-0.42008402520840293,-0.4097355387061661,-0.46885190548373656,-0.12469830689110134
0.643467025260977,0.014875406116053029,-1.103356786216421,0.040569972183922186,1.499671894445514,1.3054598240132387,0.6546838231560176,-0.49169677225429864,0.4932301777622668,1.513599108080167,1.5945016225624369,0.539222451273143,0.706117397470918,0.31965825609369647,-0.21654569785255828,5.665990493802656,-0.282603993023614,-0.9337014107088659,-0.9571664769885428,1.0513149660756937,-0.1420960445125053,-0.23192034667290004,-0.30560444605526793,-0.34099716973523675,-0.24173208127588555,-0.2581988897471611,-0.20301416340319547,-0.5869734364739604,-0.32946173471593376,3.1677251709421848,-0.26726124191242434,-0.20577968041807276,-0.6627822868937354,2.0065338298845607,-0.8182696483380675,-0.4114677687570971,1.919095315316124,-0.37976217386784894,-0.42008402520840293,-0.4097355387061661,-0.46885190548373656,0.9763283570853644
1.0632905567619542,-1.6351003968529205,-0.1062850747939886,-0.8207967854222779,-0.40299553110650327,-0.7660136157433054,0.35496327105900116,-0.8323807717002809,-1.2497181804651296,-0.4982460200014673,-0.6271552100354432,0.44410051940577494,0.24245617888536294,0.31965825609369647,-0.21654569785255828,-0.1764916480346692,-0.282603993023614,-0.3017239008366074,1.0447503376280172,-0.9511897312113419,-0.1420960445125053,-0.23192034667290004,-0.30560444605526793,2.932575659723036,-0.24173208127588555,-0.2581988897471611,-0.20301416340319547,-0.5869734364739604,-0.32946173471593376,-0.3156839517433792,-0.26726124191242434,-0.20577968041807276,-0.6627822868937354,2.0065338298845607,-0.8182696483380675,-0.4114677687570971,-0.5210788604500733,-0.37976217386784894,-0.42008402520840293,-0.4097355387061661,-0.46885190548373656,-0.4453556047544516
-1.7075447511444954,-0.1325108920474244,-1.4357140233572319,-2.5200588955046386,0.23122694407750302,-0.7660136157433054,0.12009453432800585,1.1566425783585976,0.20273878472436738,0.004715262018941286,-0.6271552100354432,-3.075410959686844,-3.003172351213522,-3.1283409107596607,-0.21654569785255828,-0.1764916480346692,-0.282603993023614,-1.8756538384219785,1.0447503376280172,-0.9511897312113419,-0.1420960445125053,-0.23192034667290004,-0.30560444605526793,-0.34099716973523675,-0.24173208127588555,-0.2581988897471611,-0.20301416340319547,-0.5869734364739604,3.0352538538723257,-0.3156839517433792,-0.26726124191242434,-0.20577968041807276,1.508791076307582,-0.49837186151879204,-0.8182696483380675,-0.4114677687570971,-0.5210788604500733,2.633226974174589,-0.42008402520840293,-0.4097355387061661,-0.46885190548373656,0.18485270960274156
-0.02825062514058655,0.02049893145311635,1.2231438737692546,1.0775345631433837,0.5483381816695062,-0.7660136157433054,-0.7562813489966036,0.1386706279182075,1.364704356875965,1.513599108080167,1.5945016225624369,-3.075410959686844,-3.003172351213522,-3.1283409107596607,4.617962905367348,-0.1764916480346692,-0.282603993023614,1.3233263719829575,-0.9571664769885428,1.0513149660756937,-0.1420960445125053,-0.23192034667290004,-0.30560444605526793,-0.34099716973523675,-0.24173208127588555,-0.2581988897471611,-0.20301416340319547,1.7036546083024706,-0.32946173471593376,-0.3156839517433792,-0.26726124191242434,-0.20577968041807276,1.508791076307582,-0.49837186151879204,-0.8182696483380675,-0.4114677687570971,-0.5210788604500733,2.633226974174589,-0.42008402520840293,-0.4097355387061661,-0.46885190548373656,-0.6148978413999863
0.30760820006019524,0.3918305356139422,0.22607216234682218,0.6905312540431818,-0.8786623874945072,-0.7660136157433054,0.7265466455886356,-0.5671776583590972,0.20273878472436738,-1.5041685840422845,-0.6271552100354432,-0.031509139931065404,-0.22120503970019206,0.31965825609369647,-0.21654569785255828,-0.1764916480346692,-0.282603993023614,0.3707714751041337,1.0447503376280172,-0.9511897312113419,-0.1420960445125053,-0.23192034667290004,-0.30560444605526793,-0.34099716973523675,4.1368112776835515,-0.2581988897471611,-0.20301416340319547,-0.5869734364739604,-0.32946173471593376,-0.3156839517433792,-0.26726124191242434,-0.20577968041807276,-0.6627822868937354,-0.49837186151879204,1.2220910332321786,-0.4114677687570971,-0.5210788604500733,-0.37976217386784894,2.3804761428476167,-0.4097355387061661,-0.46885190548373656,-0.22045080304029388
-2.505209460996352,1.7899473330309645,-0.1062850747939886,0.2777569520681354,1.02400503805751,-0.7660136157433054,-1.4854260839226785,-0.6222583049761122,-1.540209573503029,-0.4982460200014673,-0.6271552100354432,0.2538566556710388,0.24245617888536294,0.31965825609369647,-0.21654569785255828,-0.1764916480346692,-0.282603993023614,-0.019618861599232963,1.0447503376280172,-0.9511897312113419,-0.1420960445125053,-0.23192034667290004,-0.30560444605526793,-0.34099716973523675,-0.24173208127588555,-0.2581988897471611,-0.20301416340319547,-0.5869734364739604,-0.32946173471593376,-0.3156839517433792,-0.26726124191242434,4.859566299103718,1.508791076307582,-0.49837186151879204,-0.8182696483380675,-0.4114677687570971,-0.5210788604500733,-0.37976217386784894,-0.42008402520840293,-0.4097355387061661,2.1328696509578076,-0.10988457225355759
-2.505209460996352,0.5871678060044979,-0.7709995490756102,0.5995237452510795,1.499671894445514,-0.7660136157433054,-0.13405447183613087,-1.1037039568877998,1.364704356875965,-1.001207302021876,-0.6271552100354432,0.44410051940577494,0.24245617888536294,0.31965825609369647,-0.21654569785255828,-0.1764916480346692,-0.282603993023614,-0.5057726596150073,1.0447503376280172,-0.9511897312113419,-0.1420960445125053,-0.23192034667290004,-0.30560444605526793,-0.34099716973523675,-0.24173208127588555,-0.2581988897471611,-0.20301416340319547,-0.5869734364739604,-0.32946173471593376,-0.3156839517433792,-0.26726124191242434,-0.20577968041807276,1.508791076307582,-0.49837186151879204,-0.8182696483380675,-0.4114677687570971,-0.5210788604500733,-0.37976217386784894,2.3804761428476167,-0.4097355387061661,-0.46885190548373656,0.6889629634694479
-0.19618003774097745,-1.453439846083592,-1.103356786216421,-1.0885921613767247,-1.9885517190665176,1.3054598240132387,-0.41624750626665513,0.5099549865958649,-0.37824400135143144,-1.001207302021876,-0.6271552100354432,0.44410051940577494,0.24245617888536294,0.31965825609369647,-0.21654569785255828,-0.1764916480346692,-0.282603993023614,-1.2236665868514334,-0.9571664769885428,1.0513149660756937,-0.1420960445125053,-0.23192034667290004,-0.30560444605526793,-0.34099716973523675,4.1368112776835515,-0.2581988897471611,-0.20301416340319547,-0.5869734364739604,-0.32946173471593376,-0.3156839517433792,-0.26726124191242434,-0.20577968041807276,-0.6627822868937354,2.0065338298845607,-0.8182696483380675,-0.4114677687570971,-0.5210788604500733,-0.37976217386784894,-0.42008402520840293,-0.4097355387061661,2.1328696509578076,0.42461943452053363
0.055714081159608894,-0.15619340167840243,1.5555011109100654,-0.0893653051737094,-1.5128848626785127,1.3054598240132387,-1.3101509072577566,-1.1587846035048148,0.7837215708001662,-1.5041685840422845,-0.6271552100354432,0.539222451273143,0.706117397470918,0.31965825609369647,-0.21654569785255828,-0.1764916480346692,-0.282603993023614,1.3080615016770087,-0.9571664769885428,1.0513149660756937,-0.1420960445125053,-0.23192034667290004,-0.30560444605526793,-0.34099716973523675,-0.24173208127588555,-0.2581988897471611,-0.20301416340319547,1.7036546083024706,-0.32946173471593376,-0.3156839517433792,-0.26726124191242434,-0.20577968041807276,-0.6627822868937354,2.0065338298845607,-0.8182696483380675,-0.4114677687570971,-0.5210788604500733,-0.37976217386784894,-0.42008402520840293,-0.4097355387061661,2.1328696509578076,-0.9494539131811552
1.1472552630621498,0.06438861451941282,-2.100428497638853,-1.4056293120749135,-1.3543292438825112,1.3054598240132387,1.0946245165849715,-0.08573200644740957,1.6551957499138643,-1.5041685840422845,-0.6271552100354432,0.539222451273143,0.706117397470918,0.31965825609369647,-0.21654569785255828,-0.1764916480346692,-0.282603993023614,-2.158254401021697,-0.9571664769885428,1.0513149660756937,-0.1420960445125053,-0.23192034667290004,-0.30560444605526793,-0.34099716973523675,-0.24173208127588555,-0.2581988897471611,-0.20301416340319547,1.7036546083024706,-0.32946173471593376,-0.3156839517433792,-0.26726124191242434,-0.20577968041807276,-0.6627822868937354,-0.49837186151879204,1.2220910332321786,2.430324015464581,-0.5210788604500733,-0.37976217386784894,-0.42008402520840293,-0.4097355387061661,-0.46885190548373656,3.844370730616381
-0.19618003774097745,-0.5277360123144104,-0.7709995490756102,-1.106636657954485,0.3897825628735039,1.3054598240132387,-0.8912432350285934,-1.1975450585316032,-1.540209573503029,1.513599108080167,1.5945016225624369,0.2538566556710388,0.706117397470918,0.31965825609369647,-0.21654569785255828,-0.1764916480346692,-0.282603993023614,-0.9439091212787781,1.0447503376280172,-0.9511897312113419,-0.1420960445125053,-0.23192034667290004,-0.30560444605526793,-0.34099716973523675,-0.24173208127588555,-0.2581988897471611,-0.20301416340319547,1.7036546083024706,-0.32946173471593376,-0.3156839517433792,-0.26726124191242434,-0.20577968041807276,-0.6627822868937354,-0.49837186151879204,1.2220910332321786,-0.4114677687570971,-0.5210788604500733,-0.37976217386784894,-0.42008402520840293,-0.4097355387061661,2.1328696509578076,-0.005729063623136155
-0.02825062514058655,0.014875406116053029,-0.1062850747939886,0.5992801121342181,-2.1471073378625185,-0.7660136157433054,0.3023807180595246,-0.44477622143239687,-0.9592267874272302,0.5076765440393498,-0.6271552100354432,0.539222451273143,0.706117397470918,0.31965825609369647,-0.21654569785255828,5.665990493802656,-0.282603993023614,0.06294724380893235,-0.9571664769885428,1.0513149660756937,-0.1420960445125053,-0.23192034667290004,3.272203702884454,-0.34099716973523675,-0.24173208127588555,-0.2581988897471611,-0.20301416340319547,-0.5869734364739604,-0.32946173471593376,-0.3156839517433792,-0.26726124191242434,-0.20577968041807276,-0.6627822868937354,-0.49837186151879204,1.2220910332321786,-0.4114677687570971,-0.5210788604500733,2.633226974174589,-0.42008402520840293,-0.4097355387061661,-0.46885190548373656,-0.011699383127786456
1.0632905567619542,-1.3994533379572722,-1.103356786216421,-0.9767714732130351,1.499671894445514,1.3054598240132387,-1.336442183757495,-0.3529751437373717,1.0742129638380655,-1.001207302021876,-0.6271552100354432,0.44410051940577494,0.24245617888536294,0.31965825609369647,-0.21654569785255828,-0.1764916480346692,-0.282603993023614,-1.1949513965558438,-0.9571664769885428,1.0513149660756937,-0.1420960445125053,-0.23192034667290004,-0.30560444605526793,-0.34099716973523675,-0.24173208127588555,-0.2581988897471611,-0.20301416340319547,1.7036546083024706,-0.32946173471593376,-0.3156839517433792,-0.26726124191242434,-0.20577968041807276,-0.6627822868937354,-0.49837186151879204,1.2220910332321786,-0.4114677687570971,-0.5210788604500733,-0.37976217386784894,-0.42008402520840293,-0.4097355387061661,2.1328696509578076,0.47925505287297426
0.9793258504617588,1.3294076957052614,-0.1062850747939886,-0.31614182781892225,-1.6714404814745143,-0.7660136157433054,-0.5827589240983309,-0.48149665251040696,0.4932301777622668,1.0106378260597584,1.5945016225624369,-0.031509139931065404,-0.22120503970019206,0.31965825609369647,-0.21654569785255828,-0.1764916480346692,-0.282603993023614,-0.17213014337394839,-0.9571664769885428,1.0513149660756937,-0.1420960445125053,-0.23192034667290004,-0.30560444605526793,-0.34099716973523675,-0.24173208127588555,-0.2581988897471611,-0.20301416340319547,1.7036546083024706,-0.32946173471593376,-0.3156839517433792,-0.26726124191242434,-0.20577968041807276,1.508791076307582,-0.49837186151879204,-0.8182696483380675,-0.4114677687570971,-0.5210788604500733,-0.37976217386784894,2.3804761428476167,-0.4097355387061661,-0.46885190548373656,-0.291246512129959
0.39157290636039066,0.30631051495663875,-1.7680712604980426,-4.011029922474852,0.5483381816695062,-0.7660136157433054,-0.7545285972299544,-0.32033476055691834,1.364704356875965,1.0106378260597584,1.5945016225624369,0.44410051940577494,0.24245617888536294,0.31965825609369647,-0.21654569785255828,-0.1764916480346692,-0.282603993023614,-2.5429215995335657,1.0447503376280172,-0.9511897312113419,-0.1420960445125053,-0.23192034667290004,-0.30560444605526793,-0.34099716973523675,-0.24173208127588555,3.8729833462074166,-0.20301416340319547,-0.5869734364739604,-0.32946173471593376,-0.3156839517433792,-0.26726124191242434,-0.20577968041807276,1.508791076307582,-0.49837186151879204,-0.8182696483380675,2.430324015464581,-0.5210788604500733,-0.37976217386784894,-0.42008402520840293,-0.4097355387061661,-0.46885190548373656,-0.2632148544410856
-0.19618003774097745,-1.0741447965567064,0.5584293994876329,0.8778656823444839,0.5483381816695062,1.3054598240132387,-0.6370942288644567,0.06726978971096571,0.7837215708001662,-1.001207302021876,-0.6271552100354432,0.44410051940577494,0.24245617888536294,0.31965825609369647,-0.21654569785255828,-0.1764916480346692,-0.282603993023614,0.7032695829269305,1.0447503376280172,-0.9511897312113419,-0.1420960445125053,-0.23192034667290004,-0.30560444605526793,-0.34099716973523675,-0.24173208127588555,3.8729833462074166,-0.20301416340319547,-0.5869734364739604,-0.32946173471593376,-0.3156839517433792,-0.26726124191242434,-0.20577968041807276,-0.6627822868937354,-0.49837186151879204,1.2220910332321786,-0.4114677687570971,1.919095315316124,-0.37976217386784894,-0.42008402520840293,-0.4097355387061661,-0.46885190548373656,-0.36397877916602706
-0.5320388629417592,-0.18995548706303678,-1.4357140233572319,0.3967997149118012,-1.1957736250865103,-0.7660136157433054,-0.6668910088974934,-0.03677143167672948,0.7837215708001662,0.5076765440393498,-0.6271552100354432,0.2538566556710388,0.706117397470918,0.31965825609369647,-0.21654569785255828,-0.1764916480346692,-0.282603993023614,-1.126614001170882,-0.9571664769885428,1.0513149660756937,-0.1420960445125053,-0.23192034667290004,-0.30560444605526793,-0.34099716973523675,-0.24173208127588555,-0.2581988897471611,-0.20301416340319547,-0.5869734364739604,-0.32946173471593376,-0.3156839517433792,3.741657386773941,-0.20577968041807276,-0.6627822868937354,-0.49837186151879204,1.2220910332321786,-0.4114677687570971,-0.5210788604500733,-0.37976217386784894,-0.42008402520840293,-0.4097355387061661,-0.46885190548373656,1.9663250878787568
-0.6160035692419547,-1.3986982665404244,0.22607216234682218,-0.7673305104577107,1.499671894445514,1.3054598240132387,-1.0612601563935675,-0.8874614183172961,-0.37824400135143144,1.0106378260597584,1.5945016225624369,0.539222451273143,0.706117397470918,0.31965825609369647,-0.21654569785255828,-0.1764916480346692,-0.282603993023614,-0.003602700907243211,-0.9571664769885428,1.0513149660756937,-0.1420960445125053,-0.23192034667290004,-0.30560444605526793,2.932575659723036,-0.24173208127588555,-0.2581988897471611,-0.20301416340319547,-0.5869734364739604,-0.32946173471593376,-0.3156839517433792,-0.26726124191242434,-0.20577968041807276,-0.6627822868937354,2.0065338298845607,-0.8182696483380675,-0.4114677687570971,-0.5210788604500733,-0.37976217386784894,2.3804761428476167,-0.4097355387061661,-0.46885190548373656,-0.6161794979113802
1.1472552630621498,0.5345070004860732,0.5584293994876329,1.3764495109677068,-0.2444399123105017,-0.7660136157433054,-1.3417004390574427,-0.9466221128318678,1.0742129638380655,0.5076765440393498,-0.6271552100354432,0.2538566556710388,0.706117397470918,0.31965825609369647,-0.21654569785255828,-0.1764916480346692,-0.282603993023614,0.8313042941447804,1.0447503376280172,-0.9511897312113419,-0.1420960445125053,4.3118252207961625,-0.30560444605526793,-0.34099716973523675,-0.24173208127588555,-0.2581988897471611,-0.20301416340319547,-0.5869734364739604,-0.32946173471593376,-0.3156839517433792,-0.26726124191242434,-0.20577968041807276,1.508791076307582,-0.49837186151879204,-0.8182696483380675,2.430324015464581,-0.5210788604500733,-0.37976217386784894,-0.42008402520840293,-0.4097355387061661,-0.46885190548373656,-0.24217468269382073
-0.44807415664156375,-0.7653330416546977,1.5555011109100654,1.3084906606013944,1.499671894445514,-0.7660136157433054,-0.31108240026770195,-0.2142535152204448,-0.9592267874272302,0.5076765440393498,-0.6271552100354432,0.15873472380367074,0.24245617888536294,0.31965825609369647,-0.21654569785255828,-0.1764916480346692,-0.282603993023614,1.6670263830619074,-0.9571664769885428,1.0513149660756937,-0.1420960445125053,-0.23192034667290004,-0.30560444605526793,-0.34099716973523675,-0.24173208127588555,-0.2581988897471611,4.925764701519638,-0.5869734364739604,-0.32946173471593376,-0.3156839517433792,-0.26726124191242434,-0.20577968041807276,-0.6627822868937354,-0.49837186151879204,1.2220910332321786,-0.4114677687570971,-0.5210788604500733,-0.37976217386784894,-0.42008402520840293,2.4405986435975984,-0.46885190548373656,-0.686764374200497
-0.5320388629417592,-1.661465762701487,-1.4357140233572319,-2.5349743597071086,1.499671894445514,-0.7660136157433054,1.2576304308833488,2.029772828435726,0.7837215708001662,1.0106378260597584,1.5945016225624369,0.44410051940577494,0.24245617888536294,0.31965825609369647,-0.21654569785255828,-0.1764916480346692,-0.282603993023614,-1.8794840812862867,-0.9571664769885428,1.0513149660756937,-0.1420960445125053,-0.23192034667290004,3.272203702884454,-0.34099716973523675,-0.24173208127588555,-0.2581988897471611,-0.20301416340319547,-0.5869734364739604,-0.32946173471593376,-0.3156839517433792,-0.26726124191242434,-0.20577968041807276,1.508791076307582,-0.49837186151879204,-0.8182696483380675,-0.4114677687570971,-0.5210788604500733,2.633226974174589,-0.42008402520840293,-0.4097355387061661,-0.46885190548373656,0.17574308481977277
-0.2801447440411729,-3.184213362775358,2.220215585191687,1.0364974985799338,0.3897825628735039,-0.7660136157433054,-0.22169206016859183,-0.5936979696932155,-1.540209573503029,-0.4982460200014673,-0.6271552100354432,0.539222451273143,0.706117397470918,0.31965825609369647,-0.21654569785255828,-0.1764916480346692,-0.282603993023614,2.165961888237383,-0.9571664769885428,1.0513149660756937,-0.1420960445125053,-0.23192034667290004,-0.30560444605526793,-0.34099716973523675,-0.24173208127588555,3.8729833462074166,-0.20301416340319547,-0.5869734364739604,-0.32946173471593376,-0.3156839517433792,-0.26726124191242434,-0.20577968041807276,-0.6627822868937354,-0.49837186151879204,1.2220910332321786,-0.4114677687570971,-0.5210788604500733,-0.37976217386784894,2.3804761428476167,-0.4097355387061661,-0.46885190548373656,-0.9212796116999119
0.13967878745980433,-1.859014540380983,1.2231438737692546,1.0026104448071274,-2.622774194250523,-0.7660136157433054,-1.1401339858927824,-0.8813413464709611,-0.08775260831353203,-1.001207302021876,-0.6271552100354432,0.44410051940577494,0.24245617888536294,0.31965825609369647,-0.21654569785255828,-0.1764916480346692,-0.282603993023614,1.3040861012326528,-0.9571664769885428,1.0513149660756937,-0.1420960445125053,-0.23192034667290004,-0.30560444605526793,-0.34099716973523675,-0.24173208127588555,-0.2581988897471611,-0.20301416340319547,-0.5869734364739604,-0.32946173471593376,3.1677251709421848,-0.26726124191242434,-0.20577968041807276,1.508791076307582,-0.49837186151879204,-0.8182696483380675,-0.4114677687570971,-0.5210788604500733,-0.37976217386784894,-0.42008402520840293,2.4405986435975984,-0.46885190548373656,-0.6301511515657091
0.7274317315611725,1.0833764715635215,-0.4386423119347994,0.43640072699156346,-0.2444399123105017,-0.7660136157433054,-1.4784150768560818,-1.1383843640170315,1.6551957499138643,1.0106378260597584,1.5945016225624369,-0.031509139931065404,-0.22120503970019206,0.31965825609369647,-0.21654569785255828,-0.1764916480346692,-0.282603993023614,-0.2632708881925799,-0.9571664769885428,-0.9511897312113419,-0.1420960445125053,-0.23192034667290004,-0.30560444605526793,-0.34099716973523675,-0.24173208127588555,-0.2581988897471611,-0.20301416340319547,-0.5869734364739604,-0.32946173471593376,3.1677251709421848,-0.26726124191242434,-0.20577968041807276,-0.6627822868937354,-0.49837186151879204,1.2220910332321786,-0.4114677687570971,-0.5210788604500733,-0.37976217386784894,-0.42008402520840293,-0.4097355387061661,2.1328696509578076,0.231697028949028
-0.02825062514058655,0.014875406116053029,0.8907866366284438,0.39368375561899666,0.07267132528150075,-0.7660136157433054,-1.439854537989799,-0.6671388318492356,1.6551957499138643,0.5076765440393498,-0.6271552100354432,0.15873472380367074,0.24245617888536294,0.31965825609369647,4.617962905367348,5.665990493802656,3.53852041969004,0.8633244672474042,-0.9571664769885428,1.0513149660756937,-0.1420960445125053,-0.23192034667290004,-0.30560444605526793,-0.34099716973523675,-0.24173208127588555,-0.2581988897471611,-0.20301416340319547,-0.5869734364739604,-0.32946173471593376,-0.3156839517433792,-0.26726124191242434,-0.20577968041807276,-0.6627822868937354,-0.49837186151879204,1.2220910332321786,-0.4114677687570971,-0.5210788604500733,-0.37976217386784894,-0.42008402520840293,-0.4097355387061661,2.1328696509578076,-0.6305485195959725
-1.3716859259437137,1.1652680468139733,-0.1062850747939886,-0.3713626412609862,-1.5128848626785127,1.3054598240132387,-0.8351551784958184,-1.001702759448883,1.6551957499138643,-0.4982460200014673,-0.6271552100354432,0.15873472380367074,0.24245617888536294,0.31965825609369647,-0.21654569785255828,-0.1764916480346692,-0.282603993023614,-0.18631066928830234,-0.9571664769885428,1.0513149660756937,-0.1420960445125053,-0.23192034667290004,-0.30560444605526793,-0.34099716973523675,-0.24173208127588555,-0.2581988897471611,-0.20301416340319547,-0.5869734364739604,3.0352538538723257,-0.3156839517433792,-0.26726124191242434,-0.20577968041807276,-0.6627822868937354,-0.49837186151879204,1.2220910332321786,-0.4114677687570971,-0.5210788604500733,-0.37976217386784894,-0.42008402520840293,-0.4097355387061661,2.1328696509578076,-0.30810957732990796
-0.112215331440782,0.15221695421673484,0.22607216234682218,1.067115752637106,-0.8786623874945072,-0.7660136157433054,-0.30582414496775434,-0.44273619748361853,-0.9592267874272302,-1.001207302021876,-0.6271552100354432,-0.031509139931065404,-0.22120503970019206,0.31965825609369647,-0.21654569785255828,-0.1764916480346692,-0.282603993023614,0.4674771537855583,1.0447503376280172,-0.9511897312113419,-0.1420960445125053,-0.23192034667290004,-0.30560444605526793,-0.34099716973523675,-0.24173208127588555,-0.2581988897471611,-0.20301416340319547,1.7036546083024706,-0.32946173471593376,-0.3156839517433792,-0.26726124191242434,-0.20577968041807276,-0.6627822868937354,-0.49837186151879204,1.2220910332321786,-0.4114677687570971,-0.5210788604500733,-0.37976217386784894,-0.42008402520840293,-0.4097355387061661,2.1328696509578076,-0.11822897668745308
0.055714081159608894,0.014875406116053029,0.8907866366284438,1.4822339486203864,0.07267132528150075,-0.7660136157433054,1.6344720607129308,-0.681418999490684,-1.2497181804651296,-1.5041685840422845,-0.6271552100354432,-3.075410959686844,-3.003172351213522,-3.1283409107596607,-0.21654569785255828,5.665990493802656,3.53852041969004,1.1428606286827376,-0.9571664769885428,1.0513149660756937,-0.1420960445125053,-0.23192034667290004,-0.30560444605526793,-0.34099716973523675,-0.24173208127588555,-0.2581988897471611,-0.20301416340319547,-0.5869734364739604,3.0352538538723257,-0.3156839517433792,-0.26726124191242434,-0.20577968041807276,-0.6627822868937354,2.0065338298845607,-0.8182696483380675,-0.4114677687570971,-0.5210788604500733,2.633226974174589,-0.42008402520840293,-0.4097355387061661,-0.46885190548373656,-0.3887912843823683
1.986902326064104,-1.4647014276692294,-0.7709995490756102,1.3211788872856505,-0.7201067686985057,1.3054598240132387,-0.11302145063634025,0.1713110110986609,1.364704356875965,0.004715262018941286,-0.6271552100354432,-3.075410959686844,-3.003172351213522,-3.1283409107596607,-0.21654569785255828,-0.1764916480346692,-0.282603993023614,-0.32045395811517124,1.0447503376280172,-0.9511897312113419,-0.1420960445125053,-0.23192034667290004,-0.30560444605526793,-0.34099716973523675,-0.24173208127588555,-0.2581988897471611,-0.20301416340319547,-0.5869734364739604,-0.32946173471593376,3.1677251709421848,-0.26726124191242434,-0.20577968041807276,-0.6627822868937354,-0.49837186151879204,-0.8182696483380675,-0.4114677687570971,-0.5210788604500733,2.633226974174589,-0.42008402520840293,-0.4097355387061661,-0.46885190548373656,0.9827970440986076
-0.5320388629417592,-1.7406003316995429,-1.103356786216421,-0.3168508268679087,-2.30566295665852,-0.7660136157433054,-0.9718698162944575,-1.099623908990243,-0.9592267874272302,0.004715262018941286,-0.6271552100354432,0.539222451273143,0.706117397470918,0.31965825609369647,-0.21654569785255828,-0.1764916480346692,-0.282603993023614,-1.0254859134598293,-0.9571664769885428,1.0513149660756937,-0.1420960445125053,-0.23192034667290004,-0.30560444605526793,-0.34099716973523675,-0.24173208127588555,-0.2581988897471611,-0.20301416340319547,-0.5869734364739604,3.0352538538723257,-0.3156839517433792,-0.26726124191242434,-0.20577968041807276,-0.6627822868937354,2.0065338298845607,-0.8182696483380675,-0.4114677687570971,-0.5210788604500733,-0.37976217386784894,-0.42008402520840293,2.4405986435975984,-0.46885190548373656,0.8016924584077056
2.154831738664495,1.7899473330309645,0.5584293994876329,-1.6760466514465968,1.3411162756495132,1.3054598240132387,0.6652003337559129,0.6813169982932452,0.4932301777622668,-1.5041685840422845,-0.6271552100354432,0.44410051940577494,0.24245617888536294,0.31965825609369647,-0.21654569785255828,-0.1764916480346692,-0.282603993023614,0.047433173158915085,-0.9571664769885428,1.0513149660756937,-0.1420960445125053,-0.23192034667290004,-0.30560444605526793,-0.34099716973523675,-0.24173208127588555,-0.2581988897471611,-0.20301416340319547,-0.5869734364739604,-0.32946173471593376,-0.3156839517433792,3.741657386773941,-0.20577968041807276,-0.6627822868937354,-0.49837186151879204,1.2220910332321786,-0.4114677687570971,-0.5210788604500733,-0.37976217386784894,-0.42008402520840293,2.4405986435975984,-0.46885190548373656,-0.987899906222327
-2.505209460996352,-1.673726460167634,-0.7709995490756102,0.4116459773662114,1.499671894445514,-0.7660136157433054,-0.09724668473649728,-0.5794178020517672,1.364704356875965,-1.001207302021876,-0.6271552100354432,0.2538566556710388,0.24245617888536294,0.31965825609369647,-0.21654569785255828,-0.1764916480346692,-0.282603993023614,-0.5540190614724801,1.0447503376280172,-0.9511897312113419,-0.1420960445125053,-0.23192034667290004,3.272203702884454,-0.34099716973523675,-0.24173208127588555,-0.2581988897471611,-0.20301416340319547,-0.5869734364739604,-0.32946173471593376,-0.3156839517433792,-0.26726124191242434,-0.20577968041807276,1.508791076307582,-0.49837186151879204,-0.8182696483380675,-0.4114677687570971,-0.5210788604500733,-0.37976217386784894,-0.42008402520840293,2.4405986435975984,-0.46885190548373656,0.6124653568127988
0.13967878745980433,-0.5940704618195876,-1.7680712604980426,-2.7244935828746346,-0.7201067686985057,-0.7660136157433054,-1.6712177711874958,-1.1343043161194748,-0.6687353943893308,0.004715262018941286,-0.6271552100354432,0.539222451273143,0.706117397470918,0.31965825609369647,-0.21654569785255828,-0.1764916480346692,-0.282603993023614,-2.212543237349536,1.0447503376280172,-0.9511897312113419,-0.1420960445125053,-0.23192034667290004,-0.30560444605526793,2.932575659723036,-0.24173208127588555,-0.2581988897471611,-0.20301416340319547,-0.5869734364739604,-0.32946173471593376,-0.3156839517433792,-0.26726124191242434,-0.20577968041807276,-0.6627822868937354,2.0065338298845607,-0.8182696483380675,-0.4114677687570971,-0.5210788604500733,-0.37976217386784894,2.3804761428476167,-0.4097355387061661,-0.46885190548373656,0.7844551489254924
0.5595023189607815,-0.41843405147296714,-0.4386423119347994,-0.7313240565515278,0.3897825628735039,-0.7660136157433054,1.4644551393479566,-1.1077840047853564,-0.37824400135143144,1.513599108080167,1.5945016225624369,0.2538566556710388,0.24245617888536294,0.31965825609369647,-0.21654569785255828,-0.1764916480346692,-0.282603993023614,-0.5631388278642635,-0.9571664769885428,1.0513149660756937,-0.1420960445125053,-0.23192034667290004,-0.30560444605526793,-0.34099716973523675,-0.24173208127588555,-0.2581988897471611,-0.20301416340319547,1.7036546083024706,-0.32946173471593376,-0.3156839517433792,-0.26726124191242434,-0.20577968041807276,1.508791076307582,-0.49837186151879204,-0.8182696483380675,-0.4114677687570971,-0.5210788604500733,-0.37976217386784894,-0.42008402520840293,-0.4097355387061661,2.1328696509578076,-0.17583914514524734
2.4906905638652765,0.6492321348706188,-0.1062850747939886,0.42040185932144425,0.07267132528150075,1.3054598240132387,-0.23045581900183792,0.6425565432664567,-1.540209573503029,-1.5041685840422845,-0.6271552100354432,0.2538566556710388,0.24245617888536294,0.31965825609369647,-0.21654569785255828,-0.1764916480346692,3.53852041969004,0.017011888253418185,1.0447503376280172,-0.9511897312113419,-0.1420960445125053,-0.23192034667290004,-0.30560444605526793,-0.34099716973523675,-0.24173208127588555,-0.2581988897471611,-0.20301416340319547,-0.5869734364739604,-0.32946173471593376,3.1677251709421848,-0.26726124191242434,-0.20577968041807276,-0.6627822868937354,2.0065338298845607,-0.8182696483380675,-0.4114677687570971,-0.5210788604500733,-0.37976217386784894,2.3804761428476167,-0.4097355387061661,-0.46885190548373656,-0.06632435969028336
0.055714081159608894,-0.06326688267697499,-0.4386423119347994,0.2665662189737809,1.499671894445514,-0.7660136157433054,1.2295864026169614,0.40999381310572636,1.0742129638380655,-1.5041685840422845,-0.6271552100354432,-3.075410959686844,-3.003172351213522,-3.1283409107596607,-0.21654569785255828,-0.1764916480346692,-0.282603993023614,-0.30688383939664815,1.0447503376280172,-0.9511897312113419,-0.1420960445125053,-0.23192034667290004,-0.30560444605526793,-0.34099716973523675,-0.24173208127588555,-0.2581988897471611,-0.20301416340319547,1.7036546083024706,-0.32946173471593376,-0.3156839517433792,-0.26726124191242434,-0.20577968041807276,1.508791076307582,-0.49837186151879204,-0.8182696483380675,-0.4114677687570971,1.919095315316124,-0.37976217386784894,-0.42008402520840293,-0.4097355387061661,-0.46885190548373656,0.17242475297939117
1.8189729134637131,1.37846212211706,-0.4386423119347994,-0.10926151422262217,-0.5615511499025041,-0.7660136157433054,-0.4898630804659223,0.04074947837684733,-0.08775260831353203,-1.001207302021876,-0.6271552100354432,-3.075410959686844,-3.003172351213522,-3.1283409107596607,-0.21654569785255828,-0.1764916480346692,-0.282603993023614,-0.40339518317676093,1.0447503376280172,-0.9511897312113419,-0.1420960445125053,-0.23192034667290004,-0.30560444605526793,-0.34099716973523675,-0.24173208127588555,3.8729833462074166,-0.20301416340319547,-0.5869734364739604,-0.32946173471593376,-0.3156839517433792,-0.26726124191242434,-0.20577968041807276,-0.6627822868937354,2.0065338298845607,-0.8182696483380675,-0.4114677687570971,-0.5210788604500733,2.633226974174589,-0.42008402520840293,-0.4097355387061661,-0.46885190548373656,0.04126080179505441
-0.44807415664156375,-0.2858926242869903,-1.4357140233572319,-1.3517188425036621,1.02400503805751,-0.7660136157433054,1.2471139202834536,2.2704956543915693,0.7837215708001662,0.5076765440393498,-0.6271552100354432,0.2538566556710388,0.24245617888536294,0.31965825609369647,-0.21654569785255828,-0.1764916480346692,-0.282603993023614,-1.5756278995476751,-0.9571664769885428,1.0513149660756937,-0.1420960445125053,-0.23192034667290004,3.272203702884454,-0.34099716973523675,-0.24173208127588555,-0.2581988897471611,-0.20301416340319547,-0.5869734364739604,-0.32946173471593376,-0.3156839517433792,-0.26726124191242434,-0.20577968041807276,-0.6627822868937354,-0.49837186151879204,1.2220910332321786,-0.4114677687570971,-0.5210788604500733,-0.37976217386784894,-0.42008402520840293,-0.4097355387061661,2.1328696509578076,0.898416790296258
-0.867897688142541,-0.8201241287400771,-0.7709995490756102,-0.29946007552568543,0.8654494192615079,-0.7660136157433054,-0.7001932924638286,0.21823156192056264,1.0742129638380655,-0.4982460200014673,-0.6271552100354432,0.44410051940577494,0.24245617888536294,0.31965825609369647,-0.21654569785255828,-0.1764916480346692,-0.282603993023614,-0.736628791071396,-0.9571664769885428,1.0513149660756937,-0.1420960445125053,-0.23192034667290004,-0.30560444605526793,-0.34099716973523675,-0.24173208127588555,-0.2581988897471611,-0.20301416340319547,-0.5869734364739604,-0.32946173471593376,-0.3156839517433792,-0.26726124191242434,4.859566299103718,-0.6627822868937354,-0.49837186151879204,1.2220910332321786,-0.4114677687570971,-0.5210788604500733,-0.37976217386784894,2.3804761428476167,-0.4097355387061661,-0.46885190548373656,0.322926516013808
-0.7839329818423455,0.20537807799609328,-0.7709995490756102,-1.1844543577940214,-0.08588429351450011,-0.7660136157433054,-0.744012086630059,-0.6528586642077873,1.364704356875965,1.513599108080167,1.5945016225624369,0.539222451273143,0.706117397470918,0.31965825609369647,-0.21654569785255828,-0.1764916480346692,-0.282603993023614,-0.9638924543806658,-0.9571664769885428,1.0513149660756937,-0.1420960445125053,-0.23192034667290004,-0.30560444605526793,2.932575659723036,-0.24173208127588555,-0.2581988897471611,-0.20301416340319547,-0.5869734364739604,-0.32946173471593376,-0.3156839517433792,-0.26726124191242434,-0.20577968041807276,1.508791076307582,-0.49837186151879204,-0.8182696483380675,-0.4114677687570971,-0.5210788604500733,-0.37976217386784894,-0.42008402520840293,-0.4097355387061661,2.1328696509578076,-0.037413854539419436
-0.112215331440782,-0.5897189310683736,1.2231438737692546,0.9439262460290877,-1.1957736250865103,1.3054598240132387,1.0297727012189504,0.395713645464278,-1.540209573503029,-0.4982460200014673,-0.6271552100354432,0.44410051940577494,0.24245617888536294,0.31965825609369647,-0.21654569785255828,-0.1764916480346692,-0.282603993023614,1.2890161891892857,-0.9571664769885428,1.0513149660756937,-0.1420960445125053,4.3118252207961625,-0.30560444605526793,-0.34099716973523675,-0.24173208127588555,-0.2581988897471611,-0.20301416340319547,-0.5869734364739604,-0.32946173471593376,-0.3156839517433792,-0.26726124191242434,-0.20577968041807276,-0.6627822868937354,-0.49837186151879204,-0.8182696483380675,-0.4114677687570971,-0.5210788604500733,-0.37976217386784894,-0.42008402520840293,-0.4097355387061661,2.1328696509578076,-0.6420982829523085
-1.2877212196435182,0.22158222098593777,-0.1062850747939886,0.0031494433579836883,-1.5128848626785127,1.3054598240132387,0.6757168443558083,1.503446649650915,0.4932301777622668,-1.001207302021876,-0.6271552100354432,0.44410051940577494,0.24245617888536294,0.31965825609369647,-0.21654569785255828,-0.1764916480346692,-0.282603993023614,-0.09013717979869294,-0.9571664769885428,1.0513149660756937,-0.1420960445125053,-0.23192034667290004,-0.30560444605526793,2.932575659723036,-0.24173208127588555,-0.2581988897471611,-0.20301416340319547,-0.5869734364739604,-0.32946173471593376,-0.3156839517433792,-0.26726124191242434,-0.20577968041807276,-0.6627822868937354,-0.49837186151879204,-0.8182696483380675,-0.4114677687570971,-0.5210788604500733,2.633226974174589,-0.42008402520840293,-0.4097355387061661,-0.46885190548373656,-0.19374288644940435
-0.3641094503413683,-1.2320102559458685,1.5555011109100654,1.4721783517762381,-0.7201067686985057,1.3054598240132387,-0.13230172006948165,-0.493736796203077,1.364704356875965,-1.5041685840422845,-0.6271552100354432,0.2538566556710388,0.24245617888536294,0.31965825609369647,-0.21654569785255828,-0.1764916480346692,-0.282603993023614,1.7090608516233121,-0.9571664769885428,1.0513149660756937,-0.1420960445125053,-0.23192034667290004,3.272203702884454,-0.34099716973523675,-0.24173208127588555,-0.2581988897471611,-0.20301416340319547,-0.5869734364739604,-0.32946173471593376,-0.3156839517433792,-0.26726124191242434,-0.20577968041807276,-0.6627822868937354,-0.49837186151879204,-0.8182696483380675,-0.4114677687570971,-0.5210788604500733,-0.37976217386784894,-0.42008402520840293,2.4405986435975984,-0.46885190548373656,-0.6560036626648951
-0.3641094503413683,1.03935797203539,-0.7709995490756102,1.40194683458292,-1.5128848626785127,-0.7660136157433054,-0.004350841104088687,-0.5284172033323087,0.7837215708001662,0.5076765440393498,-0.6271552100354432,0.44410051940577494,0.24245617888536294,0.31965825609369647,-0.21654569785255828,-0.1764916480346692,-0.282603993023614,-0.2997130110282587,1.0447503376280172,-0.9511897312113419,-0.1420960445125053,-0.23192034667290004,-0.30560444605526793,-0.34099716973523675,-0.24173208127588555,-0.2581988897471611,-0.20301416340319547,1.7036546083024706,-0.32946173471593376,-0.3156839517433792,-0.26726124191242434,-0.20577968041807276,-0.6627822868937354,-0.49837186151879204,1.2220910332321786,2.430324015464581,-0.5210788604500733,-0.37976217386784894,-0.42008402520840293,-0.4097355387061661,-0.46885190548373656,1.0156830781002342
-0.2801447440411729,1.7899473330309645,0.5584293994876329,1.1134910226089694,-2.30566295665852,-0.7660136157433054,-1.4819205803893802,-1.1322642921706965,-1.540209573503029,-1.5041685840422845,-0.6271552100354432,0.2538566556710388,0.24245617888536294,0.31965825609369647,-0.21654569785255828,-0.1764916480346692,-0.282603993023614,0.7637774066156299,1.0447503376280172,-0.9511897312113419,-0.1420960445125053,-0.23192034667290004,-0.30560444605526793,-0.34099716973523675,-0.24173208127588555,-0.2581988897471611,-0.20301416340319547,1.7036546083024706,-0.32946173471593376,-0.3156839517433792,-0.26726124191242434,-0.20577968041807276,1.508791076307582,-0.49837186151879204,-0.8182696483380675,-0.4114677687570971,-0.5210788604500733,-0.37976217386784894,-0.42008402520840293,-0.4097355387061661,2.1328696509578076,-0.30641547680998477
-0.867897688142541,1.2449689506231725,1.2231438737692546,0.6688817674119271,-0.08588429351450011,1.3054598240132387,-1.441607289756448,-0.5671776583590972,1.6551957499138643,1.0106378260597584,1.5945016225624369,0.44410051940577494,0.24245617888536294,0.31965825609369647,-0.21654569785255828,-0.1764916480346692,-0.282603993023614,1.2183856585339794,1.0447503376280172,-0.9511897312113419,-0.1420960445125053,-0.23192034667290004,-0.30560444605526793,-0.34099716973523675,-0.24173208127588555,-0.2581988897471611,-0.20301416340319547,-0.5869734364739604,3.0352538538723257,-0.3156839517433792,-0.26726124191242434,-0.20577968041807276,1.508791076307582,-0.49837186151879204,-0.8182696483380675,-0.4114677687570971,-0.5210788604500733,2.633226974174589,-0.42008402520840293,-0.4097355387061661,-0.46885190548373656,-0.6980927855888103
-0.5320388629417592,0.014875406116053029,-0.1062850747939886,1.0907593188508455,0.07267132528150075,1.3054598240132387,-0.3969672368335137,0.17947110689377424,-0.6687353943893308,0.5076765440393498,-0.6271552100354432,0.2538566556710388,0.24245617888536294,0.31965825609369647,-0.21654569785255828,5.665990493802656,3.53852041969004,0.18915751114813706,1.0447503376280172,-0.9511897312113419,-0.1420960445125053,-0.23192034667290004,-0.30560444605526793,-0.34099716973523675,-0.24173208127588555,-0.2581988897471611,-0.20301416340319547,-0.5869734364739604,-0.32946173471593376,-0.3156839517433792,-0.26726124191242434,-0.20577968041807276,-0.6627822868937354,-0.49837186151879204,1.2220910332321786,-0.4114677687570971,1.919095315316124,-0.37976217386784894,-0.42008402520840293,-0.4097355387061661,-0.46885190548373656,0.1383861623518548
1.4831140882629315,-0.7701283136206827,1.2231438737692546,0.5990142694099914,1.499671894445514,-0.7660136157433054,0.1428803072944457,-0.5916579457444372,-0.08775260831353203,0.5076765440393498,-0.6271552100354432,0.15873472380367074,0.24245617888536294,0.31965825609369647,-0.21654569785255828,-0.1764916480346692,-0.282603993023614,1.2004439114963883,1.0447503376280172,-0.9511897312113419,-0.1420960445125053,-0.23192034667290004,-0.30560444605526793,2.932575659723036,-0.24173208127588555,-0.2581988897471611,-0.20301416340319547,-0.5869734364739604,-0.32946173471593376,-0.3156839517433792,-0.26726124191242434,-0.20577968041807276,-0.6627822868937354,-0.49837186151879204,1.2220910332321786,2.430324015464581,-0.5210788604500733,-0.37976217386784894,-0.42008402520840293,-0.4097355387061661,-0.46885190548373656,-0.712316651564032
0.5595023189607815,0.5839593312323065,-0.1062850747939886,0.39852702263182055,0.706893800465507,1.3054598240132387,0.6581893266893161,-0.699779215029689,0.4932301777622668,0.5076765440393498,-0.6271552100354432,0.2538566556710388,0.706117397470918,0.31965825609369647,-0.21654569785255828,-0.1764916480346692,-0.282603993023614,0.011394501090606746,1.0447503376280172,-0.9511897312113419,-0.1420960445125053,-0.23192034667290004,-0.30560444605526793,-0.34099716973523675,-0.24173208127588555,-0.2581988897471611,-0.20301416340319547,1.7036546083024706,-0.32946173471593376,-0.3156839517433792,-0.26726124191242434,-0.20577968041807276,-0.6627822868937354,-0.49837186151879204,-0.8182696483380675,-0.4114677687570971,-0.5210788604500733,2.633226974174589,-0.42008402520840293,-0.4097355387061661,-0.46885190548373656,-0.07300439162647304
0.5595023189607815,1.2201530942582666,-0.4386423119347994,-0.7314713736753486,-1.3543292438825112,1.3054598240132387,-0.007856344637387125,0.9995607343026658,0.7837215708001662,1.513599108080167,1.5945016225624369,0.44410051940577494,0.24245617888536294,0.31965825609369647,-0.21654569785255828,-0.1764916480346692,-0.282603993023614,-0.563176658424188,-0.9571664769885428,1.0513149660756937,-0.1420960445125053,-0.23192034667290004,-0.30560444605526793,-0.34099716973523675,-0.24173208127588555,-0.2581988897471611,-0.20301416340319547,-0.5869734364739604,3.0352538538723257,-0.3156839517433792,-0.26726124191242434,-0.20577968041807276,1.508791076307582,-0.49837186151879204,-0.8182696483380675,-0.4114677687570971,-0.5210788604500733,2.633226974174589,-0.42008402520840293,-0.4097355387061661,-0.46885190548373656,-0.1758905588498005
-0.5320388629417592,0.014875406116053029,0.22607216234682218,-0.9226815835644678,-0.08588429351450011,-0.7660136157433054,-0.5529621440652942,-0.7854602208783792,0.20273878472436738,-0.4982460200014673,-0.6271552100354432,-3.075410959686844,-3.003172351213522,-3.1283409107596607,-0.21654569785255828,5.665990493802656,-0.282603993023614,-0.043496352968786234,1.0447503376280172,-0.9511897312113419,-0.1420960445125053,-0.23192034667290004,-0.30560444605526793,-0.34099716973523675,-0.24173208127588555,-0.2581988897471611,-0.20301416340319547,-0.5869734364739604,-0.32946173471593376,3.1677251709421848,-0.26726124191242434,-0.20577968041807276,-0.6627822868937354,-0.49837186151879204,1.2220910332321786,2.430324015464581,-0.5210788604500733,-0.37976217386784894,-0.42008402520840293,-0.4097355387061661,-0.46885190548373656,-0.658348706888753
0.7274317315611725,0.1818782959088274,-0.1062850747939886,0.8809445562681093,0.8654494192615079,1.3054598240132387,0.09205050606161835,0.24679189720345937,0.20273878472436738,1.0106378260597584,1.5945016225624369,0.539222451273143,0.706117397470918,0.31965825609369647,-0.21654569785255828,-0.1764916480346692,-0.282603993023614,0.13527776015279738,-0.9571664769885428,1.0513149660756937,-0.1420960445125053,-0.23192034667290004,-0.30560444605526793,-0.34099716973523675,-0.24173208127588555,-0.2581988897471611,-0.20301416340319547,1.7036546083024706,-0.32946173471593376,-0.3156839517433792,-0.26726124191242434,-0.20577968041807276,-0.6627822868937354,-0.49837186151879204,1.2220910332321786,-0.4114677687570971,1.919095315316124,-0.37976217386784894,-0.42008402520840293,-0.4097355387061661,-0.46885190548373656,0.07431394391094792
0.7274317315611725,-1.330856561979386,0.8907866366284438,-0.05344596552785611,0.07267132528150075,1.3054598240132387,-1.304892651957809,-0.2815743055301299,0.7837215708001662,0.5076765440393498,-0.6271552100354432,0.44410051940577494,0.24245617888536294,0.31965825609369647,-0.21654569785255828,-0.1764916480346692,3.53852041969004,0.7485030040602844,-0.9571664769885428,1.0513149660756937,-0.1420960445125053,4.3118252207961625,-0.30560444605526793,-0.34099716973523675,-0.24173208127588555,-0.2581988897471611,-0.20301416340319547,-0.5869734364739604,-0.32946173471593376,-0.3156839517433792,-0.26726124191242434,-0.20577968041807276,-0.6627822868937354,2.0065338298845607,-0.8182696483380675,2.430324015464581,-0.5210788604500733,-0.37976217386784894,-0.42008402520840293,-0.4097355387061661,-0.46885190548373656,-0.7298520205840567
2.4067258575650814,0.14321837288914588,0.22607216234682218,1.4066475527153322,1.02400503805751,1.3054598240132387,-0.08497742236995275,0.632356423522565,1.0742129638380655,-1.001207302021876,-0.6271552100354432,0.44410051940577494,0.24245617888536294,0.31965825609369647,-0.21654569785255828,-0.1764916480346692,-0.282603993023614,0.5546678195805852,-0.9571664769885428,1.0513149660756937,-0.1420960445125053,-0.23192034667290004,-0.30560444605526793,-0.34099716973523675,-0.24173208127588555,-0.2581988897471611,-0.20301416340319547,-0.5869734364739604,3.0352538538723257,-0.3156839517433792,-0.26726124191242434,-0.20577968041807276,1.508791076307582,-0.49837186151879204,-0.8182696483380675,-0.4114677687570971,1.919095315316124,-0.37976217386784894,-0.42008402520840293,-0.4097355387061661,-0.46885190548373656,-0.026064905042301845
-2.379262401546059,-0.2905652663852435,-0.1062850747939886,1.345404892935315,-0.08588429351450011,1.3054598240132387,1.5398234653138732,2.164414409055096,-0.6687353943893308,1.0106378260597584,1.5945016225624369,0.539222451273143,0.706117397470918,0.31965825609369647,-0.21654569785255828,-0.1764916480346692,-0.282603993023614,0.25454966923485023,-0.9571664769885428,1.0513149660756937,-0.1420960445125053,-0.23192034667290004,-0.30560444605526793,-0.34099716973523675,-0.24173208127588555,-0.2581988897471611,-0.20301416340319547,-0.5869734364739604,-0.32946173471593376,-0.3156839517433792,3.741657386773941,-0.20577968041807276,-0.6627822868937354,-0.49837186151879204,1.2220910332321786,-0.4114677687570971,-0.5210788604500733,-0.37976217386784894,-0.42008402520840293,-0.4097355387061661,-0.46885190548373656,0.21614859740127848
-0.7839329818423455,-1.0565612393058084,1.2231438737692546,1.278154948427375,0.07267132528150075,1.3054598240132387,0.14813856259439334,-0.7405796940052558,-0.08775260831353203,-1.001207302021876,-0.6271552100354432,0.539222451273143,0.706117397470918,0.31965825609369647,-0.21654569785255828,-0.1764916480346692,-0.282603993023614,1.3748450366881069,1.0447503376280172,-0.9511897312113419,-0.1420960445125053,-0.23192034667290004,-0.30560444605526793,-0.34099716973523675,-0.24173208127588555,-0.2581988897471611,-0.20301416340319547,1.7036546083024706,-0.32946173471593376,-0.3156839517433792,-0.26726124191242434,-0.20577968041807276,-0.6627822868937354,-0.49837186151879204,1.2220910332321786,-0.4114677687570971,-0.5210788604500733,2.633226974174589,-0.42008402520840293,-0.4097355387061661,-0.46885190548373656,-0.5740548521162173
-0.02825062514058655,-0.8721039216126232,-0.1062850747939886,-0.14567982090065176,-0.5615511499025041,1.3054598240132387,1.425894600481674,2.164414409055096,-0.08775260831353203,-1.5041685840422845,-0.6271552100354432,0.15873472380367074,0.24245617888536294,0.31965825609369647,4.617962905367348,-0.1764916480346692,-0.282603993023614,-0.12835605248603685,-0.9571664769885428,1.0513149660756937,-0.1420960445125053,-0.23192034667290004,3.272203702884454,-0.34099716973523675,-0.24173208127588555,-0.2581988897471611,-0.20301416340319547,-0.5869734364739604,-0.32946173471593376,-0.3156839517433792,-0.26726124191242434,-0.20577968041807276,1.508791076307582,-0.49837186151879204,-0.8182696483380675,-0.4114677687570971,1.919095315316124,-0.37976217386784894,-0.42008402520840293,-0.4097355387061661,-0.46885190548373656,-0.23919164807416604
-1.4556506322439091,1.2945538578667728,-0.1062850747939886,-0.7475728301597128,-0.2444399123105017,1.3054598240132387,-0.10075218826979572,0.9424400637368723,1.364704356875965,0.004715262018941286,-0.6271552100354432,0.2538566556710388,0.24245617888536294,0.31965825609369647,-0.21654569785255828,-0.1764916480346692,-0.282603993023614,-0.2829202264531845,-0.9571664769885428,1.0513149660756937,-0.1420960445125053,-0.23192034667290004,-0.30560444605526793,-0.34099716973523675,-0.24173208127588555,-0.2581988897471611,4.925764701519638,-0.5869734364739604,-0.32946173471593376,-0.3156839517433792,-0.26726124191242434,-0.20577968041807276,-0.6627822868937354,-0.49837186151879204,1.2220910332321786,-0.4114677687570971,-0.5210788604500733,-0.37976217386784894,-0.42008402520840293,2.4405986435975984,-0.46885190548373656,-0.42299482709067676
-1.0358271007429318,0.8290280562032251,-0.4386423119347994,-0.5100747136106998,0.706893800465507,-0.7660136157433054,-0.6125557041313676,-0.8119805322124976,0.4932301777622668,-1.001207302021876,-0.6271552100354432,0.539222451273143,0.706117397470918,0.31965825609369647,-0.21654569785255828,-0.1764916480346692,-0.282603993023614,-0.5063227136938723,-0.9571664769885428,-0.9511897312113419,-0.1420960445125053,4.3118252207961625,-0.30560444605526793,-0.34099716973523675,-0.24173208127588555,-0.2581988897471611,-0.20301416340319547,-0.5869734364739604,-0.32946173471593376,-0.3156839517433792,-0.26726124191242434,-0.20577968041807276,-0.6627822868937354,-0.49837186151879204,-0.8182696483380675,-0.4114677687570971,-0.5210788604500733,2.633226974174589,-0.42008402520840293,-0.4097355387061661,-0.46885190548373656,-0.09862308189668484
1.3151846756625405,1.3820185221890515,2.220215585191687,1.5327929140256864,0.07267132528150075,1.3054598240132387,0.8492392692540809,0.7078373096273636,-0.37824400135143144,-1.5041685840422845,-0.6271552100354432,0.2538566556710388,0.24245617888536294,0.31965825609369647,-0.21654569785255828,-0.1764916480346692,3.53852041969004,2.293408942368292,-0.9571664769885428,1.0513149660756937,-0.1420960445125053,-0.23192034667290004,-0.30560444605526793,-0.34099716973523675,-0.24173208127588555,-0.2581988897471611,-0.20301416340319547,-0.5869734364739604,-0.32946173471593376,-0.3156839517433792,-0.26726124191242434,-0.20577968041807276,-0.6627822868937354,-0.49837186151879204,1.2220910332321786,-0.4114677687570971,-0.5210788604500733,2.633226974174589,-0.42008402520840293,-0.4097355387061661,-0.46885190548373656,-0.8404495871500509
0.5595023189607815,-0.10495921413753262,0.22607216234682218,0.32398137677162325,1.499671894445514,-0.7660136157433054,-1.199727545958856,-0.19793332363021812,0.20273878472436738,-1.5041685840422845,-0.6271552100354432,0.44410051940577494,0.24245617888536294,0.31965825609369647,-0.21654569785255828,-0.1764916480346692,-0.282603993023614,0.2766426546548287,-0.9571664769885428,1.0513149660756937,-0.1420960445125053,-0.23192034667290004,-0.30560444605526793,-0.34099716973523675,-0.24173208127588555,-0.2581988897471611,4.925764701519638,-0.5869734364739604,-0.32946173471593376,-0.3156839517433792,-0.26726124191242434,-0.20577968041807276,-0.6627822868937354,-0.49837186151879204,-0.8182696483380675,2.430324015464581,-0.5210788604500733,-0.37976217386784894,-0.42008402520840293,-0.4097355387061661,-0.46885190548373656,-0.31994878568166657
-0.02825062514058655,0.0012375721683317061,-1.103356786216421,-1.2733107320082324,-1.5128848626785127,-0.7660136157433054,0.4583756252913051,0.2039513942791143,1.6551957499138643,1.513599108080167,1.5945016225624369,0.44410051940577494,0.24245617888536294,0.31965825609369647,4.617962905367348,-0.1764916480346692,-0.282603993023614,-1.2711017170935968,1.0447503376280172,-0.9511897312113419,-0.1420960445125053,-0.23192034667290004,-0.30560444605526793,-0.34099716973523675,-0.24173208127588555,-0.2581988897471611,-0.20301416340319547,-0.5869734364739604,-0.32946173471593376,-0.3156839517433792,-0.26726124191242434,-0.20577968041807276,-0.6627822868937354,2.0065338298845607,-0.8182696483380675,2.430324015464581,-0.5210788604500733,-0.37976217386784894,-0.42008402520840293,-0.4097355387061661,-0.46885190548373656,0.33436589116138493
0.39157290636039066,0.13990150877028945,0.22607216234682218,0.3129061488177294,0.07267132528150075,-0.7660136157433054,-0.999913844560845,-0.17345303624487807,-0.6687353943893308,1.0106378260597584,1.5945016225624369,0.15873472380367074,0.24245617888536294,0.31965825609369647,-0.21654569785255828,-0.1764916480346692,3.53852041969004,0.27379857201246927,-0.9571664769885428,1.0513149660756937,-0.1420960445125053,-0.23192034667290004,-0.30560444605526793,-0.34099716973523675,-0.24173208127588555,-0.2581988897471611,-0.20301416340319547,1.7036546083024706,-0.32946173471593376,-0.3156839517433792,-0.26726124191242434,-0.20577968041807276,1.508791076307582,-0.49837186151879204,-0.8182696483380675,-0.4114677687570971,-0.5210788604500733,-0.37976217386784894,-0.42008402520840293,-0.4097355387061661,2.1328696509578076,-0.3229550964378132
-1.0358271007429318,-1.6117803025085657,0.5584293994876329,0.9216678653865957,-0.7201067686985057,-0.7660136157433054,0.4794086464910957,-0.7364996461076991,1.6551957499138643,-1.001207302021876,-0.6271552100354432,-0.031509139931065404,-0.22120503970019206,0.31965825609369647,-0.21654569785255828,-0.1764916480346692,-0.282603993023614,0.7145178415637874,-0.9571664769885428,1.0513149660756937,-0.1420960445125053,4.3118252207961625,-0.30560444605526793,-0.34099716973523675,-0.24173208127588555,-0.2581988897471611,-0.20301416340319547,-0.5869734364739604,-0.32946173471593376,-0.3156839517433792,-0.26726124191242434,-0.20577968041807276,-0.6627822868937354,-0.49837186151879204,-0.8182696483380675,-0.4114677687570971,-0.5210788604500733,-0.37976217386784894,-0.42008402520840293,-0.4097355387061661,2.1328696509578076,-0.35327789995041486
0.30760820006019524,-0.5585300915297119,-1.103356786216421,0.8631273519830307,-0.2444399123105017,-0.7660136157433054,-1.399541247356867,-1.038423190526893,1.364704356875965,-0.4982460200014673,-0.6271552100354432,0.44410051940577494,0.24245617888536294,0.31965825609369647,-0.21654569785255828,-0.1764916480346692,-0.282603993023614,-0.7224713415878778,-0.9571664769885428,1.0513149660756937,-0.1420960445125053,-0.23192034667290004,-0.30560444605526793,-0.34099716973523675,-0.24173208127588555,-0.2581988897471611,-0.20301416340319547,1.7036546083024706,-0.32946173471593376,-0.3156839517433792,-0.26726124191242434,-0.20577968041807276,-0.6627822868937354,-0.49837186151879204,-0.8182696483380675,-0.4114677687570971,-0.5210788604500733,-0.37976217386784894,-0.42008402520840293,2.4405986435975984,-0.46885190548373656,1.3782301143872027
0.055714081159608894,1.6151232087363028,0.5584293994876329,0.6545612807083049,-0.7201067686985057,-0.7660136157433054,1.5836422594801036,1.5830075836532702,-0.9592267874272302,-1.001207302021876,-0.6271552100354432,0.15873472380367074,0.24245617888536294,0.31965825609369647,-0.21654569785255828,-0.1764916480346692,-0.282603993023614,0.6459257363442754,-0.9571664769885428,1.0513149660756937,-0.1420960445125053,-0.23192034667290004,-0.30560444605526793,2.932575659723036,-0.24173208127588555,-0.2581988897471611,-0.20301416340319547,-0.5869734364739604,-0.32946173471593376,-0.3156839517433792,-0.26726124191242434,-0.20577968041807276,-0.6627822868937354,-0.49837186151879204,1.2220910332321786,2.430324015464581,-0.5210788604500733,-0.37976217386784894,-0.42008402520840293,-0.4097355387061661,-0.46885190548373656,-0.41853207455603025
0.39157290636039066,-1.2705821653544056,-0.1062850747939886,-0.23560841985165573,1.182560656853511,-0.7660136157433054,-0.5179071087323098,-0.8487009632905076,-0.08775260831353203,0.004715262018941286,-0.6271552100354432,0.44410051940577494,0.24245617888536294,0.31965825609369647,-0.21654569785255828,-0.1764916480346692,-0.282603993023614,-0.15144942522680904,1.0447503376280172,-0.9511897312113419,-0.1420960445125053,-0.23192034667290004,-0.30560444605526793,-0.34099716973523675,-0.24173208127588555,-0.2581988897471611,-0.20301416340319547,-0.5869734364739604,-0.32946173471593376,3.1677251709421848,-0.26726124191242434,-0.20577968041807276,-0.6627822868937354,-0.49837186151879204,1.2220910332321786,-0.4114677687570971,-0.5210788604500733,-0.37976217386784894,2.3804761428476167,-0.4097355387061661,-0.46885190548373656,-0.2666536091161177
-0.19618003774097745,0.24248541362723158,-0.4386423119347994,0.32548566838430326,-0.7201067686985057,-0.7660136157433054,0.9894594105860184,-0.22241361101555815,-1.2497181804651296,0.5076765440393498,-0.6271552100354432,-3.075410959686844,-3.003172351213522,-3.1283409107596607,-0.21654569785255828,-0.1764916480346692,-0.282603993023614,-0.2917535157533367,1.0447503376280172,-0.9511897312113419,-0.1420960445125053,-0.23192034667290004,-0.30560444605526793,-0.34099716973523675,-0.24173208127588555,-0.2581988897471611,-0.20301416340319547,1.7036546083024706,-0.32946173471593376,-0.3156839517433792,-0.26726124191242434,-0.20577968041807276,-0.6627822868937354,-0.49837186151879204,1.2220910332321786,-0.4114677687570971,-0.5210788604500733,2.633226974174589,-0.42008402520840293,-0.4097355387061661,-0.46885190548373656,0.1929876521581252
-1.3716859259437137,0.4247103158765112,0.5584293994876329,-2.6007066001480723,-0.40299553110650327,-0.7660136157433054,-0.12529071300288477,0.5997160403421117,1.364704356875965,0.004715262018941286,-0.6271552100354432,0.44410051940577494,0.24245617888536294,0.31965825609369647,-0.21654569785255828,-0.1764916480346692,-0.282603993023614,-0.19001650472899484,-0.9571664769885428,1.0513149660756937,-0.1420960445125053,-0.23192034667290004,-0.30560444605526793,-0.34099716973523675,-0.24173208127588555,-0.2581988897471611,-0.20301416340319547,-0.5869734364739604,-0.32946173471593376,-0.3156839517433792,-0.26726124191242434,-0.20577968041807276,-0.6627822868937354,2.0065338298845607,-0.8182696483380675,-0.4114677687570971,1.919095315316124,-0.37976217386784894,-0.42008402520840293,-0.4097355387061661,-0.46885190548373656,-1.2137944562052783
1.0632905567619542,0.998523943802565,-1.7680712604980426,-1.0733417331625705,1.3411162756495132,1.3054598240132387,-1.0980679434932012,-1.105743980836578,-0.37824400135143144,1.0106378260597584,1.5945016225624369,-3.075410959686844,-3.003172351213522,-3.1283409107596607,-0.21654569785255828,-0.1764916480346692,-0.282603993023614,-1.7885327939332893,1.0447503376280172,-0.9511897312113419,-0.1420960445125053,-0.23192034667290004,-0.30560444605526793,-0.34099716973523675,-0.24173208127588555,-0.2581988897471611,-0.20301416340319547,-0.5869734364739604,-0.32946173471593376,-0.3156839517433792,-0.26726124191242434,-0.20577968041807276,-0.6627822868937354,-0.49837186151879204,1.2220910332321786,-0.4114677687570971,1.919095315316124,-0.37976217386784894,-0.42008402520840293,-0.4097355387061661,-0.46885190548373656,2.1290438796908533
0.5595023189607815,-0.7153280442575042,-1.103356786216421,-1.7351557854001929,-0.5615511499025041,1.3054598240132387,1.4977574229142918,1.5503672004728168,-0.37824400135143144,-1.001207302021876,-0.6271552100354432,0.2538566556710388,0.24245617888536294,0.31965825609369647,-0.21654569785255828,-0.1764916480346692,-0.282603993023614,-1.3897020299070273,1.0447503376280172,-0.9511897312113419,-0.1420960445125053,-0.23192034667290004,-0.30560444605526793,2.932575659723036,-0.24173208127588555,-0.2581988897471611,-0.20301416340319547,-0.5869734364739604,-0.32946173471593376,-0.3156839517433792,-0.26726124191242434,-0.20577968041807276,-0.6627822868937354,-0.49837186151879204,1.2220910332321786,-0.4114677687570971,-0.5210788604500733,-0.37976217386784894,-0.42008402520840293,-0.4097355387061661,2.1328696509578076,0.10870827368949156
0.8113964378613678,-1.97738483855375,0.22607216234682218,-0.5289935755108188,-1.5128848626785127,-0.7660136157433054,1.5696202453469097,-0.5834978499493239,-0.9592267874272302,-0.4982460200014673,-0.6271552100354432,0.539222451273143,0.706117397470918,0.31965825609369647,-0.21654569785255828,-0.1764916480346692,-0.282603993023614,0.057601451507281014,-0.9571664769885428,1.0513149660756937,-0.1420960445125053,-0.23192034667290004,-0.30560444605526793,-0.34099716973523675,-0.24173208127588555,-0.2581988897471611,-0.20301416340319547,1.7036546083024706,-0.32946173471593376,-0.3156839517433792,-0.26726124191242434,-0.20577968041807276,-0.6627822868937354,-0.49837186151879204,1.2220910332321786,-0.4114677687570971,1.919095315316124,-0.37976217386784894,-0.42008402520840293,-0.4097355387061661,-0.46885190548373656,-0.5514842253534924
-0.5320388629417592,0.3025210357465,-0.1062850747939886,-0.21088914938711242,-1.3543292438825112,1.3054598240132387,-1.2750958719247723,-0.8405408674953943,0.7837215708001662,-1.001207302021876,-0.6271552100354432,0.15873472380367074,0.24245617888536294,0.31965825609369647,-0.21654569785255828,-0.1764916480346692,-0.282603993023614,-0.14510159668976438,-0.9571664769885428,1.0513149660756937,-0.1420960445125053,-0.23192034667290004,-0.30560444605526793,-0.34099716973523675,-0.24173208127588555,-0.2581988897471611,-0.20301416340319547,-0.5869734364739604,3.0352538538723257,-0.3156839517433792,-0.26726124191242434,-0.20577968041807276,-0.6627822868937354,-0.49837186151879204,1.2220910332321786,-0.4114677687570971,1.919095315316124,-0.37976217386784894,-0.42008402520840293,-0.4097355387061661,-0.46885190548373656,-0.25910495773712083
0.30760820006019524,1.0962835913200422,-0.4386423119347994,0.6184074148981941,0.07267132528150075,-0.7660136157433054,-1.5590416581219457,-1.0098628552439963,-1.2497181804651296,-0.4982460200014673,-0.6271552100354432,0.539222451273143,0.706117397470918,0.31965825609369647,-0.21654569785255828,-0.1764916480346692,3.53852041969004,-0.21653216064461303,1.0447503376280172,-0.9511897312113419,-0.1420960445125053,-0.23192034667290004,-0.30560444605526793,-0.34099716973523675,-0.24173208127588555,-0.2581988897471611,-0.20301416340319547,-0.5869734364739604,-0.32946173471593376,-0.3156839517433792,-0.26726124191242434,-0.20577968041807276,1.508791076307582,-0.49837186151879204,-0.8182696483380675,2.430324015464581,-0.5210788604500733,-0.37976217386784894,-0.42008402520840293,-0.4097355387061661,-0.46885190548373656,0.29521739804146135
0.7274317315611725,0.07388218778828416,1.8878583480508762,0.7832317194211653,-1.1957736250865103,-0.7660136157433054,-1.4275852756232543,-0.687539071337019,1.6551957499138643,0.5076765440393498,-0.6271552100354432,-0.031509139931065404,-0.22120503970019206,0.31965825609369647,-0.21654569785255828,-0.1764916480346692,-0.282603993023614,1.8165328232061486,-0.9571664769885428,1.0513149660756937,-0.1420960445125053,-0.23192034667290004,-0.30560444605526793,2.932575659723036,-0.24173208127588555,-0.2581988897471611,-0.20301416340319547,-0.5869734364739604,-0.32946173471593376,-0.3156839517433792,-0.26726124191242434,-0.20577968041807276,1.508791076307582,-0.49837186151879204,-0.8182696483380675,-0.4114677687570971,-0.5210788604500733,-0.37976217386784894,-0.42008402520840293,2.4405986435975984,-0.46885190548373656,-0.8803238564378097
0.8113964378613678,-1.1254380409298836,0.22607216234682218,-0.1888286234629716,0.706893800465507,1.3054598240132387,-0.8053583984627817,0.23455175351078936,1.6551957499138643,1.513599108080167,1.5945016225624369,-3.075410959686844,-3.003172351213522,-3.1283409107596607,-0.21654569785255828,-0.1764916480346692,-0.282603993023614,0.1449547086759816,-0.9571664769885428,-0.9511897312113419,-0.1420960445125053,-0.23192034667290004,3.272203702884454,-0.34099716973523675,-0.24173208127588555,-0.2581988897471611,-0.20301416340319547,-0.5869734364739604,-0.32946173471593376,-0.3156839517433792,-0.26726124191242434,-0.20577968041807276,-0.6627822868937354,-0.49837186151879204,1.2220910332321786,-0.4114677687570971,1.919095315316124,-0.37976217386784894,-0.42008402520840293,-0.4097355387061661,-0.46885190548373656,-0.4591482880289642
-1.5396153385441045,-1.4619073783070315,-0.1062850747939886,0.3276675143368815,-1.3543292438825112,-0.7660136157433054,1.7098403866788472,-0.542697370973757,-1.540209573503029,1.513599108080167,1.5945016225624369,0.2538566556710388,0.24245617888536294,0.31965825609369647,-0.21654569785255828,-0.1764916480346692,-0.282603993023614,-0.006801990974998326,-0.9571664769885428,1.0513149660756937,-0.1420960445125053,-0.23192034667290004,-0.30560444605526793,-0.34099716973523675,-0.24173208127588555,-0.2581988897471611,-0.20301416340319547,-0.5869734364739604,-0.32946173471593376,-0.3156839517433792,-0.26726124191242434,4.859566299103718,-0.6627822868937354,-0.49837186151879204,1.2220910332321786,-0.4114677687570971,-0.5210788604500733,-0.37976217386784894,-0.42008402520840293,2.4405986435975984,-0.46885190548373656,-0.094643125899512
-0.44807415664156375,-0.630816299313942,2.5525728223324977,1.5327929140256864,-0.2444399123105017,-0.7660136157433054,-1.3627334602572332,-0.3958156466617168,1.0742129638380655,-0.4982460200014673,-0.6271552100354432,0.2538566556710388,0.24245617888536294,0.31965825609369647,-0.21654569785255828,-0.1764916480346692,-0.282603993023614,2.577800176177644,-0.9571664769885428,-0.9511897312113419,-0.1420960445125053,-0.23192034667290004,3.272203702884454,-0.34099716973523675,-0.24173208127588555,-0.2581988897471611,-0.20301416340319547,-0.5869734364739604,-0.32946173471593376,-0.3156839517433792,-0.26726124191242434,-0.20577968041807276,-0.6627822868937354,-0.49837186151879204,-0.8182696483380675,-0.4114677687570971,-0.5210788604500733,-0.37976217386784894,-0.42008402520840293,2.4405986435975984,-0.46885190548373656,-0.920008289509623
0.30760820006019524,-1.150652321689938,1.5555011109100654,1.34678173699482,0.07267132528150075,-0.7660136157433054,0.8439810139541332,1.4667262185729049,-0.37824400135143144,0.004715262018941286,-0.6271552100354432,-3.075410959686844,-3.003172351213522,-3.1283409107596607,-0.21654569785255828,-0.1764916480346692,3.53852041969004,1.676859407373568,-0.9571664769885428,1.0513149660756937,-0.1420960445125053,-0.23192034667290004,-0.30560444605526793,2.932575659723036,-0.24173208127588555,-0.2581988897471611,-0.20301416340319547,-0.5869734364739604,-0.32946173471593376,-0.3156839517433792,-0.26726124191242434,-0.20577968041807276,1.508791076307582,-0.49837186151879204,-0.8182696483380675,2.430324015464581,-0.5210788604500733,-0.37976217386784894,-0.42008402520840293,-0.4097355387061661,-0.46885190548373656,-0.6795685933395661
1.9029376197639087,0.08394459361902544,0.22607216234682218,0.8837921952349538,0.8654494192615079,1.3054598240132387,0.4723976394244988,0.29575247197413945,1.6551957499138643,1.0106378260597584,1.5945016225624369,0.2538566556710388,0.24245617888536294,0.31965825609369647,-0.21654569785255828,-0.1764916480346692,-0.282603993023614,0.4204002584192808,-0.9571664769885428,1.0513149660756937,-0.1420960445125053,-0.23192034667290004,-0.30560444605526793,-0.34099716973523675,-0.24173208127588555,-0.2581988897471611,-0.20301416340319547,-0.5869734364739604,3.0352538538723257,-0.3156839517433792,-0.26726124191242434,-0.20577968041807276,-0.6627822868937354,-0.49837186151879204,1.2220910332321786,-0.4114677687570971,1.919095315316124,-0.37976217386784894,-0.42008402520840293,-0.4097355387061661,-0.46885190548373656,-0.16799116530944158
1.2312199693623451,0.9059081993557833,-0.4386423119347994,-0.3471503761155446,0.8654494192615079,-0.7660136157433054,-0.5775006687983832,-0.19793332363021812,0.4932301777622668,-0.4982460200014673,-0.6271552100354432,0.44410051940577494,0.24245617888536294,0.31965825609369647,-0.21654569785255828,-0.1764916480346692,-0.282603993023614,-0.46448427188328667,-0.9571664769885428,1.0513149660756937,-0.1420960445125053,-0.23192034667290004,-0.30560444605526793,-0.34099716973523675,-0.24173208127588555,-0.2581988897471611,-0.20301416340319547,-0.5869734364739604,-0.32946173471593376,-0.3156839517433792,-0.26726124191242434,-0.20577968041807276,1.508791076307582,-0.49837186151879204,-0.8182696483380675,-0.4114677687570971,-0.5210788604500733,-0.37976217386784894,2.3804761428476167,-0.4097355387061661,-0.46885190548373656,-0.04176245676876942
-1.3716859259437137,-0.16528441707224098,-0.4386423119347994,0.025760579440518152,-1.0372180062905088,-0.7660136157433054,-1.2102440565587511,-0.6773389515931273,0.20273878472436738,1.513599108080167,1.5945016225624369,0.2538566556710388,0.24245617888536294,0.31965825609369647,-0.21654569785255828,-0.1764916480346692,-0.282603993023614,-0.3687219471475721,-0.9571664769885428,1.0513149660756937,-0.1420960445125053,-0.23192034667290004,-0.30560444605526793,-0.34099716973523675,-0.24173208127588555,-0.2581988897471611,-0.20301416340319547,-0.5869734364739604,-0.32946173471593376,3.1677251709421848,-0.26726124191242434,-0.20577968041807276,-0.6627822868937354,-0.49837186151879204,1.2220910332321786,-0.4114677687570971,-0.5210788604500733,2.633226974174589,-0.42008402520840293,-0.4097355387061661,-0.46885190548373656,0.08838353845798183
0.39157290636039066,-1.2741023312069522,-2.100428497638853,-1.3331744760522,0.3897825628735039,1.3054598240132387,-1.3767554743904271,-0.5896179217956589,1.364704356875965,0.004715262018941286,-0.6271552100354432,0.2538566556710388,0.24245617888536294,0.31965825609369647,-0.21654569785255828,-0.1764916480346692,-0.282603993023614,-2.139648233966257,-0.9571664769885428,1.0513149660756937,-0.1420960445125053,-0.23192034667290004,-0.30560444605526793,-0.34099716973523675,-0.24173208127588555,-0.2581988897471611,4.925764701519638,-0.5869734364739604,-0.32946173471593376,-0.3156839517433792,-0.26726124191242434,-0.20577968041807276,-0.6627822868937354,2.0065338298845607,-0.8182696483380675,-0.4114677687570971,1.919095315316124,-0.37976217386784894,-0.42008402520840293,-0.4097355387061661,-0.46885190548373656,3.9328743616021513
0.8113964378613678,0.7769806937439009,-1.7680712604980426,-1.1064299465256644,0.07267132528150075,-0.7660136157433054,0.3742435404921426,-0.7936203166734925,-1.2497181804651296,1.0106378260597584,1.5945016225624369,-0.031509139931065404,-0.22120503970019206,0.31965825609369647,-0.21654569785255828,-0.1764916480346692,3.53852041969004,-1.7970297398818909,1.0447503376280172,-0.9511897312113419,-0.1420960445125053,-0.23192034667290004,3.272203702884454,-0.34099716973523675,-0.24173208127588555,-0.2581988897471611,-0.20301416340319547,-0.5869734364739604,-0.32946173471593376,-0.3156839517433792,-0.26726124191242434,-0.20577968041807276,-0.6627822868937354,-0.49837186151879204,1.2220910332321786,-0.4114677687570971,-0.5210788604500733,-0.37976217386784894,-0.42008402520840293,-0.4097355387061661,2.1328696509578076,2.1020990297565887
0.22364349375999978,0.9258242242812075,-1.103356786216421,-1.5214242149098895,1.499671894445514,-0.7660136157433054,-1.3960357438235684,-0.9588622565245378,1.364704356875965,-1.5041685840422845,-0.6271552100354432,0.44410051940577494,0.24245617888536294,0.31965825609369647,-0.21654569785255828,-0.1764916480346692,-0.282603993023614,-1.334816455335889,1.0447503376280172,-0.9511897312113419,-0.1420960445125053,-0.23192034667290004,-0.30560444605526793,-0.34099716973523675,-0.24173208127588555,3.8729833462074166,-0.20301416340319547,-0.5869734364739604,-0.32946173471593376,-0.3156839517433792,-0.26726124191242434,-0.20577968041807276,-0.6627822868937354,-0.49837186151879204,1.2220910332321786,2.430324015464581,-0.5210788604500733,-0.37976217386784894,-0.42008402520840293,-0.4097355387061661,-0.46885190548373656,0.21313757659345867
0.30760820006019524,0.806385338065077,-1.103356786216421,0.5180944402084916,-0.40299553110650327,-0.7660136157433054,1.1261740483846574,0.3467530706935979,1.6551957499138643,0.004715262018941286,-0.6271552100354432,0.539222451273143,0.706117397470918,0.31965825609369647,-0.21654569785255828,-0.1764916480346692,-0.282603993023614,-0.8110746750367264,-0.9571664769885428,1.0513149660756937,-0.1420960445125053,-0.23192034667290004,-0.30560444605526793,-0.34099716973523675,-0.24173208127588555,-0.2581988897471611,-0.20301416340319547,1.7036546083024706,-0.32946173471593376,-0.3156839517433792,-0.26726124191242434,-0.20577968041807276,1.508791076307582,-0.49837186151879204,-0.8182696483380675,-0.4114677687570971,-0.5210788604500733,2.633226974174589,-0.42008402520840293,-0.4097355387061661,-0.46885190548373656,1.2096469407695467
0.22364349375999978,-0.08250658841888149,-0.4386423119347994,-0.02712416242468458,-0.7201067686985057,-0.7660136157433054,1.3592900333490034,-0.06941181485718287,0.20273878472436738,0.004715262018941286,-0.6271552100354432,0.15873472380367074,0.24245617888536294,0.31965825609369647,-0.21654569785255828,-0.1764916480346692,-0.282603993023614,-0.3823025774524882,1.0447503376280172,-0.9511897312113419,-0.1420960445125053,4.3118252207961625,-0.30560444605526793,-0.34099716973523675,-0.24173208127588555,-0.2581988897471611,-0.20301416340319547,-0.5869734364739604,-0.32946173471593376,-0.3156839517433792,-0.26726124191242434,-0.20577968041807276,-0.6627822868937354,-0.49837186151879204,1.2220910332321786,-0.4114677687570971,-0.5210788604500733,-0.37976217386784894,2.3804761428476167,-0.4097355387061661,-0.46885190548373656,0.06992675337347429
-1.1197918070431274,0.014875406116053029,-0.7709995490756102,-1.401844518772287,-0.40299553110650327,-0.7660136157433054,1.3803230545487941,1.5422071046777035,0.20273878472436738,1.0106378260597584,1.5945016225624369,-3.075410959686844,-3.003172351213522,-3.1283409107596607,-0.21654569785255828,5.665990493802656,-0.282603993023614,-1.019717543131163,1.0447503376280172,-0.9511897312113419,-0.1420960445125053,-0.23192034667290004,-0.30560444605526793,-0.34099716973523675,-0.24173208127588555,-0.2581988897471611,-0.20301416340319547,1.7036546083024706,-0.32946173471593376,-0.3156839517433792,-0.26726124191242434,-0.20577968041807276,-0.6627822868937354,-0.49837186151879204,-0.8182696483380675,-0.4114677687570971,-0.5210788604500733,2.633226974174589,-0.42008402520840293,-0.4097355387061661,-0.46885190548373656,-0.12592793054085324
-0.2801447440411729,0.40426538643108034,-0.4386423119347994,0.3910403096509396,0.07267132528150075,-0.7660136157433054,0.08328674722837226,-0.2081334433741098,0.20273878472436738,0.004715262018941286,-0.6271552100354432,0.44410051940577494,0.24245617888536294,0.31965825609369647,-0.21654569785255828,-0.1764916480346692,3.53852041969004,-0.27491929634686146,1.0447503376280172,-0.9511897312113419,-0.1420960445125053,-0.23192034667290004,3.272203702884454,-0.34099716973523675,-0.24173208127588555,-0.2581988897471611,-0.20301416340319547,-0.5869734364739604,-0.32946173471593376,-0.3156839517433792,-0.26726124191242434,-0.20577968041807276,-0.6627822868937354,-0.49837186151879204,1.2220910332321786,-0.4114677687570971,-0.5210788604500733,2.633226974174589,-0.42008402520840293,-0.4097355387061661,-0.46885190548373656,0.2158662345710689
-0.9518623944427365,-2.4734587134155874,-0.1062850747939886,-0.3335414650754985,0.8654494192615079,1.3054598240132387,0.2603146756599434,1.0322011174831192,-0.6687353943893308,-1.5041685840422845,-0.6271552100354432,0.539222451273143,0.706117397470918,0.31965825609369647,-0.21654569785255828,-0.1764916480346692,-0.282603993023614,-0.17659831382703475,1.0447503376280172,-0.9511897312113419,-0.1420960445125053,-0.23192034667290004,-0.30560444605526793,2.932575659723036,-0.24173208127588555,-0.2581988897471611,-0.20301416340319547,-0.5869734364739604,-0.32946173471593376,-0.3156839517433792,-0.26726124191242434,-0.20577968041807276,1.508791076307582,-0.49837186151879204,-0.8182696483380675,-0.4114677687570971,-0.5210788604500733,-0.37976217386784894,2.3804761428476167,-0.4097355387061661,-0.46885190548373656,-0.296559929285991
-1.7075447511444954,0.44473216946772326,1.5555011109100654,1.5026339335646928,-1.5128848626785127,-0.7660136157433054,-0.5669841581984879,0.07338986155730072,0.20273878472436738,0.004715262018941286,-0.6271552100354432,0.539222451273143,0.706117397470918,0.31965825609369647,-0.21654569785255828,-0.1764916480346692,-0.282603993023614,1.716881746316235,-0.9571664769885428,1.0513149660756937,-0.1420960445125053,4.3118252207961625,-0.30560444605526793,-0.34099716973523675,-0.24173208127588555,-0.2581988897471611,-0.20301416340319547,-0.5869734364739604,-0.32946173471593376,-0.3156839517433792,-0.26726124191242434,-0.20577968041807276,1.508791076307582,-0.49837186151879204,-0.8182696483380675,-0.4114677687570971,-0.5210788604500733,2.633226974174589,-0.42008402520840293,-0.4097355387061661,-0.46885190548373656,-0.6502803528709845
-2.1273682826454725,-1.5496547824330706,0.22607216234682218,-2.168261054330133,-0.5615511499025041,-0.7660136157433054,1.315471239182773,2.6887005638911288,0.4932301777622668,-1.5041685840422845,-0.6271552100354432,0.44410051940577494,0.24245617888536294,0.31965825609369647,-0.21654569785255828,-0.1764916480346692,-0.282603993023614,-0.3633571239824412,1.0447503376280172,-0.9511897312113419,-0.1420960445125053,-0.23192034667290004,-0.30560444605526793,2.932575659723036,-0.24173208127588555,-0.2581988897471611,-0.20301416340319547,-0.5869734364739604,-0.32946173471593376,-0.3156839517433792,-0.26726124191242434,-0.20577968041807276,-0.6627822868937354,2.0065338298845607,-0.8182696483380675,-0.4114677687570971,-0.5210788604500733,-0.37976217386784894,-0.42008402520840293,-0.4097355387061661,-0.46885190548373656,-0.9964545207092192
-1.2037565133433228,-1.2130280932418624,-1.103356786216421,-0.8091204282302296,0.07267132528150075,-0.7660136157433054,0.14463305906109492,-0.10001217408885793,-0.08775260831353203,0.004715262018941286,-0.6271552100354432,0.15873472380367074,0.24245617888536294,0.31965825609369647,-0.21654569785255828,-0.1764916480346692,3.53852041969004,-1.1518991515822803,-0.9571664769885428,1.0513149660756937,-0.1420960445125053,-0.23192034667290004,-0.30560444605526793,-0.34099716973523675,-0.24173208127588555,-0.2581988897471611,-0.20301416340319547,-0.5869734364739604,3.0352538538723257,-0.3156839517433792,-0.26726124191242434,-0.20577968041807276,1.508791076307582,-0.49837186151879204,-0.8182696483380675,-0.4114677687570971,-0.5210788604500733,-0.37976217386784894,2.3804761428476167,-0.4097355387061661,-0.46885190548373656,0.5611693986035237
-0.867897688142541,0.010027148782459968,1.2231438737692546,1.5327929140256864,0.07267132528150075,1.3054598240132387,1.2471139202834536,1.6646085416044036,0.7837215708001662,0.5076765440393498,-0.6271552100354432,-3.075410959686844,-3.003172351213522,-3.1283409107596607,-0.21654569785255828,-0.1764916480346692,-0.282603993023614,1.4402352409402357,-0.9571664769885428,1.0513149660756937,-0.1420960445125053,-0.23192034667290004,-0.30560444605526793,-0.34099716973523675,-0.24173208127588555,-0.2581988897471611,-0.20301416340319547,-0.5869734364739604,-0.32946173471593376,-0.3156839517433792,3.741657386773941,-0.20577968041807276,1.508791076307582,-0.49837186151879204,-0.8182696483380675,-0.4114677687570971,-0.5210788604500733,-0.37976217386784894,-0.42008402520840293,2.4405986435975984,-0.46885190548373656,-0.5222147777117625
1.9029376197639087,-1.3841974262681747,0.5584293994876329,-0.6728666739347954,-0.2444399123105017,1.3054598240132387,0.8930580634203114,0.9383600158393156,-0.6687353943893308,0.004715262018941286,-0.6271552100354432,0.15873472380367074,0.24245617888536294,0.31965825609369647,-0.21654569785255828,-0.1764916480346692,-0.282603993023614,0.30504653995207526,1.0447503376280172,-0.9511897312113419,-0.1420960445125053,-0.23192034667290004,-0.30560444605526793,-0.34099716973523675,-0.24173208127588555,-0.2581988897471611,4.925764701519638,-0.5869734364739604,-0.32946173471593376,-0.3156839517433792,-0.26726124191242434,-0.20577968041807276,-0.6627822868937354,2.0065338298845607,-0.8182696483380675,-0.4114677687570971,-0.5210788604500733,-0.37976217386784894,-0.42008402520840293,2.4405986435975984,-0.46885190548373656,-0.7428229026274661
-1.3716859259437137,0.3363028332172997,0.22607216234682218,-0.43724860320012615,-0.7201067686985057,-0.7660136157433054,1.6362248124795802,2.8070219529202722,-1.2497181804651296,1.513599108080167,1.5945016225624369,-3.075410959686844,-3.003172351213522,-3.1283409107596607,-0.21654569785255828,-0.1764916480346692,-0.282603993023614,0.08116126303972838,1.0447503376280172,-0.9511897312113419,-0.1420960445125053,-0.23192034667290004,-0.30560444605526793,-0.34099716973523675,-0.24173208127588555,-0.2581988897471611,-0.20301416340319547,-0.5869734364739604,-0.32946173471593376,-0.3156839517433792,3.741657386773941,-0.20577968041807276,-0.6627822868937354,-0.49837186151879204,1.2220910332321786,-0.4114677687570971,-0.5210788604500733,-0.37976217386784894,2.3804761428476167,-0.4097355387061661,-0.46885190548373656,-0.5265805485869067
0.4755376126605861,-1.88520704615713,1.5555011109100654,0.3871839984408552,0.706893800465507,1.3054598240132387,0.8141842339210965,1.2708839194901846,-0.37824400135143144,1.513599108080167,1.5945016225624369,0.15873472380367074,0.24245617888536294,0.31965825609369647,-0.21654569785255828,-0.1764916480346692,-0.282603993023614,1.4304378182892887,-0.9571664769885428,1.0513149660756937,-0.1420960445125053,4.3118252207961625,-0.30560444605526793,-0.34099716973523675,-0.24173208127588555,-0.2581988897471611,-0.20301416340319547,-0.5869734364739604,-0.32946173471593376,-0.3156839517433792,-0.26726124191242434,-0.20577968041807276,1.508791076307582,-0.49837186151879204,-0.8182696483380675,-0.4114677687570971,-0.5210788604500733,-0.37976217386784894,-0.42008402520840293,-0.4097355387061661,2.1328696509578076,-0.8598992523769932
-0.112215331440782,-0.6616350199181714,-1.4357140233572319,-0.2641719902112343,0.5483381816695062,-0.7660136157433054,0.9929649141193169,0.7159974054224769,-1.2497181804651296,-0.4982460200014673,-0.6271552100354432,0.44410051940577494,0.24245617888536294,0.31965825609369647,-0.21654569785255828,-0.1764916480346692,-0.282603993023614,-1.2963493927544507,-0.9571664769885428,1.0513149660756937,-0.1420960445125053,-0.23192034667290004,3.272203702884454,-0.34099716973523675,-0.24173208127588555,-0.2581988897471611,-0.20301416340319547,-0.5869734364739604,-0.32946173471593376,-0.3156839517433792,-0.26726124191242434,-0.20577968041807276,1.508791076307582,-0.49837186151879204,-0.8182696483380675,-0.4114677687570971,-0.5210788604500733,-0.37976217386784894,-0.42008402520840293,-0.4097355387061661,2.1328696509578076,1.5626363964578944
-0.02825062514058655,-1.4732219083758595,-0.1062850747939886,-0.6079449464718554,-1.5128848626785127,1.3054598240132387,-1.3644862120238825,-0.9466221128318678,1.0742129638380655,0.004715262018941286,-0.6271552100354432,0.539222451273143,0.706117397470918,0.31965825609369647,-0.21654569785255828,-0.1764916480346692,-0.282603993023614,-0.2470642384735903,1.0447503376280172,-0.9511897312113419,-0.1420960445125053,-0.23192034667290004,-0.30560444605526793,-0.34099716973523675,-0.24173208127588555,-0.2581988897471611,-0.20301416340319547,-0.5869734364739604,-0.32946173471593376,3.1677251709421848,-0.26726124191242434,-0.20577968041807276,1.508791076307582,-0.49837186151879204,-0.8182696483380675,-0.4114677687570971,1.919095315316124,-0.37976217386784894,-0.42008402520840293,-0.4097355387061661,-0.46885190548373656,-0.38035593860654465
-1.5396153385441045,-0.16681313682132598,0.22607216234682218,-1.3570192338208762,-1.6714404814745143,-0.7660136157433054,0.5530242206903629,0.9444800876856506,1.0742129638380655,-1.001207302021876,-0.6271552100354432,0.539222451273143,0.706117397470918,0.31965825609369647,-0.21654569785255828,-0.1764916480346692,-0.282603993023614,-0.1550328538119435,1.0447503376280172,-0.9511897312113419,-0.1420960445125053,-0.23192034667290004,-0.30560444605526793,2.932575659723036,-0.24173208127588555,-0.2581988897471611,-0.20301416340319547,-0.5869734364739604,-0.32946173471593376,-0.3156839517433792,-0.26726124191242434,-0.20577968041807276,-0.6627822868937354,-0.49837186151879204,1.2220910332321786,-0.4114677687570971,-0.5210788604500733,-0.37976217386784894,-0.42008402520840293,-0.4097355387061661,2.1328696509578076,-0.7762473140507201
2.0708670323642995,-0.9140301689724684,0.22607216234682218,-0.7648224584829139,-1.5128848626785127,1.3054598240132387,-1.737822338320166,-0.8466609393417293,-0.37824400135143144,1.513599108080167,1.5945016225624369,0.2538566556710388,0.24245617888536294,0.31965825609369647,-0.21654569785255828,-0.1764916480346692,-0.282603993023614,-0.0029586412890262536,-0.9571664769885428,1.0513149660756937,-0.1420960445125053,-0.23192034667290004,-0.30560444605526793,-0.34099716973523675,-0.24173208127588555,-0.2581988897471611,-0.20301416340319547,-0.5869734364739604,-0.32946173471593376,3.1677251709421848,-0.26726124191242434,-0.20577968041807276,1.508791076307582,-0.49837186151879204,-0.8182696483380675,-0.4114677687570971,-0.5210788604500733,-0.37976217386784894,-0.42008402520840293,2.4405986435975984,-0.46885190548373656,-0.6154987007611818
-0.5320388629417592,0.04772692568365173,0.5584293994876329,1.2155819951802587,-0.08588429351450011,1.3054598240132387,-0.8053583984627817,-0.04289150352306449,1.6551957499138643,1.513599108080167,1.5945016225624369,0.15873472380367074,0.24245617888536294,0.31965825609369647,-0.21654569785255828,-0.1764916480346692,-0.282603993023614,0.7899940374823169,1.0447503376280172,-0.9511897312113419,-0.1420960445125053,4.3118252207961625,-0.30560444605526793,-0.34099716973523675,-0.24173208127588555,-0.2581988897471611,-0.20301416340319547,-0.5869734364739604,-0.32946173471593376,-0.3156839517433792,-0.26726124191242434,-0.20577968041807276,1.508791076307582,-0.49837186151879204,-0.8182696483380675,-0.4114677687570971,-0.5210788604500733,-0.37976217386784894,2.3804761428476167,-0.4097355387061661,-0.46885190548373656,-0.28147463846319604
0.13967878745980433,0.9887975953338463,1.8878583480508762,0.6196477018738491,0.23122694407750302,1.3054598240132387,1.5678674935802606,-1.219985321968165,-0.9592267874272302,0.004715262018941286,-0.6271552100354432,0.2538566556710388,0.706117397470918,0.31965825609369647,-0.21654569785255828,-0.1764916480346692,-0.282603993023614,1.7745249776962748,1.0447503376280172,-0.9511897312113419,-0.1420960445125053,-0.23192034667290004,-0.30560444605526793,-0.34099716973523675,4.1368112776835515,-0.2581988897471611,-0.20301416340319547,-0.5869734364739604,-0.32946173471593376,-0.3156839517433792,-0.26726124191242434,-0.20577968041807276,-0.6627822868937354,-0.49837186151879204,-0.8182696483380675,-0.4114677687570971,-0.5210788604500733,-0.37976217386784894,-0.42008402520840293,2.4405986435975984,-0.46885190548373656,-0.9088692832343216
0.22364349375999978,-0.7145887517542276,-0.1062850747939886,0.7390427920907805,-1.1957736250865103,-0.7660136157433054,1.1507125731177466,1.6748086613482953,1.364704356875965,0.004715262018941286,-0.6271552100354432,0.539222451273143,0.706117397470918,0.31965825609369647,-0.21654569785255828,-0.1764916480346692,-0.282603993023614,0.09883784703343818,-0.9571664769885428,1.0513149660756937,-0.1420960445125053,-0.23192034667290004,-0.30560444605526793,-0.34099716973523675,-0.24173208127588555,-0.2581988897471611,-0.20301416340319547,-0.5869734364739604,-0.32946173471593376,3.1677251709421848,-0.26726124191242434,-0.20577968041807276,-0.6627822868937354,-0.49837186151879204,1.2220910332321786,-0.4114677687570971,-0.5210788604500733,-0.37976217386784894,-0.42008402520840293,2.4405986435975984,-0.46885190548373656,0.030980668789591083
0.8113964378613678,0.8992811815386664,0.22607216234682218,-0.06634009312408766,-0.7201067686985057,1.3054598240132387,-0.12879621653618323,0.37939345387405127,1.364704356875965,1.0106378260597584,1.5945016225624369,-0.031509139931065404,-0.22120503970019206,0.31965825609369647,-0.21654569785255828,-0.1764916480346692,-0.282603993023614,0.17640936626634887,-0.9571664769885428,1.0513149660756937,-0.1420960445125053,-0.23192034667290004,-0.30560444605526793,-0.34099716973523675,-0.24173208127588555,-0.2581988897471611,-0.20301416340319547,1.7036546083024706,-0.32946173471593376,-0.3156839517433792,-0.26726124191242434,-0.20577968041807276,-0.6627822868937354,-0.49837186151879204,1.2220910332321786,-0.4114677687570971,-0.5210788604500733,-0.37976217386784894,-0.42008402520840293,-0.4097355387061661,2.1328696509578076,-0.4258994386332338
1.4831140882629315,0.6839798243731915,-0.1062850747939886,-1.2340053856675544,0.07267132528150075,-0.7660136157433054,0.9982231694192645,0.5160750584421999,-1.2497181804651296,1.513599108080167,1.5945016225624369,0.539222451273143,0.706117397470918,0.31965825609369647,-0.21654569785255828,-0.1764916480346692,3.53852041969004,-0.40783453011880144,-0.9571664769885428,1.0513149660756937,-0.1420960445125053,4.3118252207961625,-0.30560444605526793,-0.34099716973523675,-0.24173208127588555,-0.2581988897471611,-0.20301416340319547,-0.5869734364739604,-0.32946173471593376,-0.3156839517433792,-0.26726124191242434,-0.20577968041807276,-0.6627822868937354,-0.49837186151879204,-0.8182696483380675,-0.4114677687570971,-0.5210788604500733,-0.37976217386784894,-0.42008402520840293,2.4405986435975984,-0.46885190548373656,-0.5715392506079542
-0.6999682755421501,-0.30884557948210534,-0.7709995490756102,0.1619890930695771,0.07267132528150075,-0.7660136157433054,1.3365042603825636,2.6193397496326654,0.4932301777622668,-0.4982460200014673,-0.6271552100354432,-3.075410959686844,-3.003172351213522,-3.1283409107596607,-0.21654569785255828,-0.1764916480346692,3.53852041969004,-0.6181301401906456,1.0447503376280172,-0.9511897312113419,-0.1420960445125053,-0.23192034667290004,-0.30560444605526793,-0.34099716973523675,-0.24173208127588555,-0.2581988897471611,-0.20301416340319547,1.7036546083024706,-0.32946173471593376,-0.3156839517433792,-0.26726124191242434,-0.20577968041807276,-0.6627822868937354,-0.49837186151879204,1.2220910332321786,-0.4114677687570971,1.919095315316124,-0.37976217386784894,-0.42008402520840293,-0.4097355387061661,-0.46885190548373656,0.5108133393918134
-1.5396153385441045,-1.639283290424306,-0.7709995490756102,0.22750644936694123,1.182560656853511,1.3054598240132387,-0.5214126122656082,-0.8854213943685177,0.20273878472436738,1.0106378260597584,1.5945016225624369,0.44410051940577494,0.24245617888536294,0.31965825609369647,-0.21654569785255828,-0.1764916480346692,-0.282603993023614,-0.6013054954434347,1.0447503376280172,-0.9511897312113419,-0.1420960445125053,-0.23192034667290004,-0.30560444605526793,-0.34099716973523675,-0.24173208127588555,-0.2581988897471611,-0.20301416340319547,1.7036546083024706,-0.32946173471593376,-0.3156839517433792,-0.26726124191242434,-0.20577968041807276,-0.6627822868937354,-0.49837186151879204,1.2220910332321786,-0.4114677687570971,1.919095315316124,-0.37976217386784894,-0.42008402520840293,-0.4097355387061661,-0.46885190548373656,0.537489837668558
-1.5396153385441045,-0.16048825394188843,0.5584293994876329,-0.15033382861423286,-0.08588429351450011,-0.7660136157433054,1.178756601384134,-1.026183046834223,1.364704356875965,-1.001207302021876,-0.6271552100354432,0.15873472380367074,0.24245617888536294,0.31965825609369647,-0.21654569785255828,-0.1764916480346692,-0.282603993023614,0.4392312810360415,-0.9571664769885428,1.0513149660756937,-0.1420960445125053,-0.23192034667290004,-0.30560444605526793,2.932575659723036,-0.24173208127588555,-0.2581988897471611,-0.20301416340319547,-0.5869734364739604,-0.32946173471593376,-0.3156839517433792,-0.26726124191242434,-0.20577968041807276,1.508791076307582,-0.49837186151879204,-0.8182696483380675,-0.4114677687570971,1.919095315316124,-0.37976217386784894,-0.42008402520840293,-0.4097355387061661,-0.46885190548373656,-0.6151680581511129
-1.1197918070431274,0.3638924815169627,-0.4386423119347994,0.7861358492228936,-1.3543292438825112,-0.7660136157433054,1.1962841190506261,2.1746145287989878,1.0742129638380655,1.0106378260597584,1.5945016225624369,0.539222451273143,0.706117397470918,0.31965825609369647,-0.21654569785255828,-0.1764916480346692,-0.282603993023614,-0.17346004233887982,1.0447503376280172,-0.9511897312113419,-0.1420960445125053,-0.23192034667290004,-0.30560444605526793,-0.34099716973523675,-0.24173208127588555,-0.2581988897471611,-0.20301416340319547,-0.5869734364739604,-0.32946173471593376,-0.3156839517433792,-0.26726124191242434,-0.20577968041807276,-0.6627822868937354,-0.49837186151879204,1.2220910332321786,-0.4114677687570971,1.919095315316124,-0.37976217386784894,-0.42008402520840293,-0.4097355387061661,-0.46885190548373656,0.3537546538870624
-0.2801447440411729,1.0419655912993175,0.8907866366284438,1.3280712789128226,0.23122694407750302,-0.7660136157433054,0.8334645033542379,-0.18773320388632642,-0.37824400135143144,-0.4982460200014673,-0.6271552100354432,0.539222451273143,0.706117397470918,0.31965825609369647,-0.21654569785255828,-0.1764916480346692,-0.282603993023614,1.1032721547623436,1.0447503376280172,-0.9511897312113419,-0.1420960445125053,-0.23192034667290004,-0.30560444605526793,-0.34099716973523675,-0.24173208127588555,-0.2581988897471611,-0.20301416340319547,1.7036546083024706,-0.32946173471593376,-0.3156839517433792,-0.26726124191242434,-0.20577968041807276,-0.6627822868937354,-0.49837186151879204,1.2220910332321786,-0.4114677687570971,-0.5210788604500733,-0.37976217386784894,-0.42008402520840293,2.4405986435975984,-0.46885190548373656,-0.42302943071798804
-0.112215331440782,-0.18024477355116164,-0.1062850747939886,1.1623403951728486,-1.1957736250865103,-0.7660136157433054,0.7580961773883215,1.666648565553182,0.20273878472436738,0.004715262018941286,-0.6271552100354432,0.15873472380367074,0.24245617888536294,0.31965825609369647,-0.21654569785255828,-0.1764916480346692,-0.282603993023614,0.2075392995443999,-0.9571664769885428,1.0513149660756937,-0.1420960445125053,-0.23192034667290004,-0.30560444605526793,-0.34099716973523675,-0.24173208127588555,-0.2581988897471611,-0.20301416340319547,-0.5869734364739604,-0.32946173471593376,-0.3156839517433792,-0.26726124191242434,-0.20577968041807276,1.508791076307582,-0.49837186151879204,-0.8182696483380675,-0.4114677687570971,-0.5210788604500733,-0.37976217386784894,-0.42008402520840293,-0.4097355387061661,2.1328696509578076,0.16024524558261688
-1.0358271007429318,0.4747583478844867,-0.7709995490756102,-0.7829622043705822,-1.3543292438825112,-0.7660136157433054,-1.0787876740600597,-0.4590563890738453,-0.37824400135143144,-1.001207302021876,-0.6271552100354432,0.44410051940577494,0.24245617888536294,0.31965825609369647,-0.21654569785255828,-0.1764916480346692,-0.282603993023614,-0.8607905706678486,-0.9571664769885428,1.0513149660756937,-0.1420960445125053,-0.23192034667290004,-0.30560444605526793,-0.34099716973523675,-0.24173208127588555,-0.2581988897471611,-0.20301416340319547,1.7036546083024706,-0.32946173471593376,-0.3156839517433792,-0.26726124191242434,-0.20577968041807276,1.508791076307582,-0.49837186151879204,-0.8182696483380675,2.430324015464581,-0.5210788604500733,-0.37976217386784894,-0.42008402520840293,-0.4097355387061661,-0.46885190548373656,0.1260604573713884
1.399149381962736,-1.0917187047887806,1.5555011109100654,0.18292905425346762,-1.0372180062905088,-0.7660136157433054,-0.6388469806311059,0.4773146034154115,0.7837215708001662,-0.4982460200014673,-0.6271552100354432,-3.075410959686844,-3.003172351213522,-3.1283409107596607,-0.21654569785255828,-0.1764916480346692,-0.282603993023614,1.3779858106378071,1.0447503376280172,-0.9511897312113419,-0.1420960445125053,-0.23192034667290004,-0.30560444605526793,-0.34099716973523675,4.1368112776835515,-0.2581988897471611,-0.20301416340319547,-0.5869734364739604,-0.32946173471593376,-0.3156839517433792,-0.26726124191242434,-0.20577968041807276,-0.6627822868937354,-0.49837186151879204,1.2220910332321786,-0.4114677687570971,-0.5210788604500733,-0.37976217386784894,-0.42008402520840293,2.4405986435975984,-0.46885190548373656,-0.8982834911231885
0.22364349375999978,-0.08683901519148005,-0.1062850747939886,0.2953544157552985,0.706893800465507,-0.7660136157433054,-0.703698795997127,-1.1343043161194748,1.0742129638380655,0.5076765440393498,-0.6271552100354432,-0.031509139931065404,-0.22120503970019206,0.31965825609369647,-0.21654569785255828,-0.1764916480346692,-0.282603993023614,-0.015099889959951877,1.0447503376280172,-0.9511897312113419,-0.1420960445125053,-0.23192034667290004,-0.30560444605526793,-0.34099716973523675,-0.24173208127588555,-0.2581988897471611,-0.20301416340319547,1.7036546083024706,-0.32946173471593376,-0.3156839517433792,-0.26726124191242434,-0.20577968041807276,-0.6627822868937354,-0.49837186151879204,1.2220910332321786,-0.4114677687570971,-0.5210788604500733,-0.37976217386784894,-0.42008402520840293,2.4405986435975984,-0.46885190548373656,-0.10451074381798586
0.22364349375999978,-2.2450311838089014,-0.4386423119347994,0.41949029743222066,1.02400503805751,-0.7660136157433054,-1.0437326387270753,-0.6304184007712256,-0.6687353943893308,-0.4982460200014673,-0.6271552100354432,0.539222451273143,0.706117397470918,0.31965825609369647,-0.21654569785255828,-0.1764916480346692,-0.282603993023614,-0.26761343169459983,-0.9571664769885428,1.0513149660756937,-0.1420960445125053,-0.23192034667290004,-0.30560444605526793,-0.34099716973523675,4.1368112776835515,-0.2581988897471611,-0.20301416340319547,-0.5869734364739604,-0.32946173471593376,-0.3156839517433792,-0.26726124191242434,-0.20577968041807276,-0.6627822868937354,-0.49837186151879204,-0.8182696483380675,-0.4114677687570971,1.919095315316124,-0.37976217386784894,-0.42008402520840293,-0.4097355387061661,-0.46885190548373656,0.22579528577972163
-0.5320388629417592,1.7899473330309645,0.22607216234682218,0.8384701049419181,1.499671894445514,1.3054598240132387,-1.585332934621684,-1.1220641724268048,-1.2497181804651296,0.004715262018941286,-0.6271552100354432,0.2538566556710388,0.706117397470918,0.31965825609369647,-0.21654569785255828,-0.1764916480346692,-0.282603993023614,0.4087616925265964,1.0447503376280172,-0.9511897312113419,-0.1420960445125053,-0.23192034667290004,-0.30560444605526793,-0.34099716973523675,-0.24173208127588555,-0.2581988897471611,-0.20301416340319547,-0.5869734364739604,-0.32946173471593376,-0.3156839517433792,-0.26726124191242434,-0.20577968041807276,-0.6627822868937354,2.0065338298845607,-0.8182696483380675,-0.4114677687570971,1.919095315316124,-0.37976217386784894,-0.42008402520840293,-0.4097355387061661,-0.46885190548373656,-0.18029360171131323
0.9793258504617588,-0.2805921107979474,0.22607216234682218,-2.3901956169639202,-1.1957736250865103,-0.7660136157433054,0.530238447723923,-1.0914638131951298,1.364704356875965,-1.5041685840422845,-0.6271552100354432,-3.075410959686844,-3.003172351213522,-3.1283409107596607,-0.21654569785255828,-0.1764916480346692,-0.282603993023614,-0.42034920034910195,-0.9571664769885428,1.0513149660756937,-0.1420960445125053,-0.23192034667290004,-0.30560444605526793,-0.34099716973523675,-0.24173208127588555,-0.2581988897471611,-0.20301416340319547,-0.5869734364739604,3.0352538538723257,-0.3156839517433792,-0.26726124191242434,-0.20577968041807276,-0.6627822868937354,-0.49837186151879204,-0.8182696483380675,-0.4114677687570971,1.919095315316124,-0.37976217386784894,-0.42008402520840293,-0.4097355387061661,-0.46885190548373656,-1.0566974579728365
0.7274317315611725,-2.0973629533853817,1.8878583480508762,1.1546265305981707,-0.08588429351450011,-0.7660136157433054,-0.24447783313503166,0.7384376688590386,-1.540209573503029,-1.001207302021876,-0.6271552100354432,0.2538566556710388,0.24245617888536294,0.31965825609369647,-0.21654569785255828,-0.1764916480346692,-0.282603993023614,1.9119058069793353,-0.9571664769885428,-0.9511897312113419,7.037493572961446,-0.23192034667290004,-0.30560444605526793,-0.34099716973523675,-0.24173208127588555,-0.2581988897471611,-0.20301416340319547,1.7036546083024706,-0.32946173471593376,-0.3156839517433792,-0.26726124191242434,-0.20577968041807276,1.508791076307582,-0.49837186151879204,-0.8182696483380675,-0.4114677687570971,-0.5210788604500733,2.633226974174589,-0.42008402520840293,-0.4097355387061661,-0.46885190548373656,-0.8155154261644116
-0.6160035692419547,1.7899473330309645,1.5555011109100654,0.7387889428236616,0.07267132528150075,-0.7660136157433054,0.9824484035194215,1.5911676794483836,-1.2497181804651296,-1.001207302021876,-0.6271552100354432,0.15873472380367074,0.24245617888536294,0.31965825609369647,-0.21654569785255828,-0.1764916480346692,-0.282603993023614,1.5207288284111597,-0.9571664769885428,1.0513149660756937,-0.1420960445125053,-0.23192034667290004,-0.30560444605526793,-0.34099716973523675,-0.24173208127588555,-0.2581988897471611,-0.20301416340319547,-0.5869734364739604,-0.32946173471593376,-0.3156839517433792,3.741657386773941,-0.20577968041807276,-0.6627822868937354,-0.49837186151879204,1.2220910332321786,-0.4114677687570971,-0.5210788604500733,2.633226974174589,-0.42008402520840293,-0.4097355387061661,-0.46885190548373656,-0.7938245329462078
-0.19618003774097745,0.014875406116053029,-1.103356786216421,-0.3961705314646857,-0.40299553110650327,-0.7660136157433054,0.5530242206903629,-0.3509351197885934,1.0742129638380655,-1.001207302021876,-0.6271552100354432,0.539222451273143,0.706117397470918,0.31965825609369647,-0.21654569785255828,5.665990493802656,-0.282603993023614,-1.045854956515191,-0.9571664769885428,1.0513149660756937,-0.1420960445125053,-0.23192034667290004,-0.30560444605526793,-0.34099716973523675,-0.24173208127588555,3.8729833462074166,-0.20301416340319547,-0.5869734364739604,-0.32946173471593376,-0.3156839517433792,-0.26726124191242434,-0.20577968041807276,-0.6627822868937354,-0.49837186151879204,1.2220910332321786,-0.4114677687570971,-0.5210788604500733,-0.37976217386784894,-0.42008402520840293,-0.4097355387061661,-0.46885190548373656,0.7629368293792562
0.30760820006019524,-0.7292087011462401,-0.4386423119347994,0.5743475962319198,0.07267132528150075,-0.7660136157433054,0.6266397948896301,1.6707286134507386,0.7837215708001662,-1.001207302021876,-0.6271552100354432,0.44410051940577494,0.24245617888536294,0.31965825609369647,-0.21654569785255828,-0.1764916480346692,-0.282603993023614,-0.22784657927472524,-0.9571664769885428,1.0513149660756937,-0.1420960445125053,-0.23192034667290004,-0.30560444605526793,-0.34099716973523675,-0.24173208127588555,-0.2581988897471611,-0.20301416340319547,1.7036546083024706,-0.32946173471593376,-0.3156839517433792,-0.26726124191242434,-0.20577968041807276,-0.6627822868937354,-0.49837186151879204,1.2220910332321786,-0.4114677687570971,-0.5210788604500733,-0.37976217386784894,2.3804761428476167,-0.4097355387061661,-0.46885190548373656,0.2798405128510493
0.39157290636039066,-0.3874450174740716,0.22607216234682218,-0.4115692441362945,-2.622774194250523,1.3054598240132387,-1.7325640830202185,-1.219985321968165,-0.37824400135143144,0.004715262018941286,-0.6271552100354432,-0.031509139931065404,-0.22120503970019206,0.31965825609369647,-0.21654569785255828,-0.1764916480346692,-0.282603993023614,0.08775563921730321,1.0447503376280172,-0.9511897312113419,-0.1420960445125053,-0.23192034667290004,-0.30560444605526793,-0.34099716973523675,-0.24173208127588555,-0.2581988897471611,-0.20301416340319547,1.7036546083024706,-0.32946173471593376,-0.3156839517433792,-0.26726124191242434,-0.20577968041807276,-0.6627822868937354,-0.49837186151879204,1.2220910332321786,2.430324015464581,-0.5210788604500733,-0.37976217386784894,-0.42008402520840293,-0.4097355387061661,-0.46885190548373656,-0.5196100253899181
0.22364349375999978,-0.739370976410208,1.2231438737692546,-0.452603334572425,-0.5615511499025041,-0.7660136157433054,-1.5642999134218933,-0.6467385923614523,-1.2497181804651296,1.0106378260597584,1.5945016225624369,-3.075410959686844,-3.003172351213522,-3.1283409107596607,-0.21654569785255828,-0.1764916480346692,-0.282603993023614,0.9303919192179846,1.0447503376280172,-0.9511897312113419,-0.1420960445125053,-0.23192034667290004,-0.30560444605526793,2.932575659723036,-0.24173208127588555,-0.2581988897471611,-0.20301416340319547,-0.5869734364739604,-0.32946173471593376,-0.3156839517433792,-0.26726124191242434,-0.20577968041807276,-0.6627822868937354,-0.49837186151879204,1.2220910332321786,-0.4114677687570971,-0.5210788604500733,2.633226974174589,-0.42008402520840293,-0.4097355387061661,-0.46885190548373656,-0.9264085867842551
0.13967878745980433,0.9005237027259084,-1.103356786216421,1.0772324844413086,1.02400503805751,-0.7660136157433054,1.3768175510154956,0.4569143639276281,0.20273878472436738,-1.5041685840422845,-0.6271552100354432,-3.075410959686844,-3.003172351213522,-3.1283409107596607,-0.21654569785255828,-0.1764916480346692,-0.282603993023614,-0.6674898375141248,1.0447503376280172,-0.9511897312113419,-0.1420960445125053,-0.23192034667290004,-0.30560444605526793,-0.34099716973523675,-0.24173208127588555,3.8729833462074166,-0.20301416340319547,-0.5869734364739604,-0.32946173471593376,-0.3156839517433792,-0.26726124191242434,-0.20577968041807276,-0.6627822868937354,2.0065338298845607,-0.8182696483380675,-0.4114677687570971,-0.5210788604500733,-0.37976217386784894,2.3804761428476167,-0.4097355387061661,-0.46885190548373656,1.4828419397693302
0.7274317315611725,-0.21721240684979656,-0.7709995490756102,0.36271811788033353,1.499671894445514,1.3054598240132387,-1.2768486236914216,-0.44681624538117526,0.7837215708001662,-0.4982460200014673,-0.6271552100354432,0.44410051940577494,0.24245617888536294,0.31965825609369647,-0.21654569785255828,-0.1764916480346692,-0.282603993023614,-0.5665835772071373,-0.9571664769885428,1.0513149660756937,-0.1420960445125053,-0.23192034667290004,-0.30560444605526793,-0.34099716973523675,-0.24173208127588555,-0.2581988897471611,-0.20301416340319547,-0.5869734364739604,-0.32946173471593376,-0.3156839517433792,-0.26726124191242434,4.859566299103718,-0.6627822868937354,-0.49837186151879204,1.2220910332321786,-0.4114677687570971,-0.5210788604500733,-0.37976217386784894,2.3804761428476167,-0.4097355387061661,-0.46885190548373656,0.5925435523777148
-0.6999682755421501,0.29720240673170234,1.2231438737692546,-2.2013709283153537,0.07267132528150075,1.3054598240132387,0.8387227586541856,-0.24281385050334153,-0.37824400135143144,1.513599108080167,1.5945016225624369,0.15873472380367074,0.24245617888536294,0.31965825609369647,-0.21654569785255828,-0.1764916480346692,-0.282603993023614,0.4813140691194561,-0.9571664769885428,1.0513149660756937,-0.1420960445125053,4.3118252207961625,-0.30560444605526793,-0.34099716973523675,-0.24173208127588555,-0.2581988897471611,-0.20301416340319547,-0.5869734364739604,-0.32946173471593376,-0.3156839517433792,-0.26726124191242434,-0.20577968041807276,-0.6627822868937354,2.0065338298845607,-0.8182696483380675,2.430324015464581,-0.5210788604500733,-0.37976217386784894,-0.42008402520840293,-0.4097355387061661,-0.46885190548373656,-1.2824287189853674
1.4831140882629315,1.6118535782769343,0.22607216234682218,0.5025885000844609,-0.2444399123105017,1.3054598240132387,-1.736069586553517,-1.2118252261730516,-0.37824400135143144,1.0106378260597584,1.5945016225624369,-0.031509139931065404,-0.22120503970019206,0.31965825609369647,-0.21654569785255828,-0.1764916480346692,-0.282603993023614,0.32250838503352336,-0.9571664769885428,1.0513149660756937,-0.1420960445125053,-0.23192034667290004,-0.30560444605526793,-0.34099716973523675,-0.24173208127588555,3.8729833462074166,-0.20301416340319547,-0.5869734364739604,-0.32946173471593376,-0.3156839517433792,-0.26726124191242434,-0.20577968041807276,1.508791076307582,-0.49837186151879204,-0.8182696483380675,2.430324015464581,-0.5210788604500733,-0.37976217386784894,-0.42008402520840293,-0.4097355387061661,-0.46885190548373656,-0.27146684759649686
0.13967878745980433,1.0908099843386272,1.8878583480508762,-0.3496000984653893,1.3411162756495132,1.3054598240132387,-1.5274921263222598,-0.8670611788295127,-1.540209573503029,1.0106378260597584,1.5945016225624369,-0.031509139931065404,-0.22120503970019206,0.31965825609369647,-0.21654569785255828,-0.1764916480346692,-0.282603993023614,1.5256252840225943,-0.9571664769885428,1.0513149660756937,-0.1420960445125053,-0.23192034667290004,-0.30560444605526793,-0.34099716973523675,-0.24173208127588555,3.8729833462074166,-0.20301416340319547,-0.5869734364739604,-0.32946173471593376,-0.3156839517433792,-0.26726124191242434,-0.20577968041807276,1.508791076307582,-0.49837186151879204,-0.8182696483380675,-0.4114677687570971,1.919095315316124,-0.37976217386784894,-0.42008402520840293,-0.4097355387061661,-0.46885190548373656,-1.0780031176216642
-1.0358271007429318,-2.5416946440208474,0.8907866366284438,1.0943207999009044,-1.1957736250865103,1.3054598240132387,1.2313391543836105,0.49771484290319484,1.0742129638380655,1.513599108080167,1.5945016225624369,0.539222451273143,0.706117397470918,0.31965825609369647,-0.21654569785255828,-0.1764916480346692,-0.282603993023614,1.043245789366642,-0.9571664769885428,-0.9511897312113419,-0.1420960445125053,-0.23192034667290004,-0.30560444605526793,-0.34099716973523675,-0.24173208127588555,-0.2581988897471611,-0.20301416340319547,1.7036546083024706,-0.32946173471593376,-0.3156839517433792,-0.26726124191242434,-0.20577968041807276,1.508791076307582,-0.49837186151879204,-0.8182696483380675,2.430324015464581,-0.5210788604500733,-0.37976217386784894,-0.42008402520840293,-0.4097355387061661,-0.46885190548373656,-0.4749433157175977
0.055714081159608894,-0.33742683359355136,0.22607216234682218,0.18228366452297717,1.3411162756495132,-0.7660136157433054,1.508273933514187,1.5197668412411418,-0.37824400135143144,-0.4982460200014673,-0.6271552100354432,0.2538566556710388,0.706117397470918,0.31965825609369647,-0.21654569785255828,-0.1764916480346692,-0.282603993023614,0.2402551414093976,-0.9571664769885428,1.0513149660756937,-0.1420960445125053,-0.23192034667290004,-0.30560444605526793,-0.34099716973523675,-0.24173208127588555,-0.2581988897471611,-0.20301416340319547,-0.5869734364739604,-0.32946173471593376,-0.3156839517433792,-0.26726124191242434,4.859566299103718,-0.6627822868937354,-0.49837186151879204,1.2220910332321786,-0.4114677687570971,-0.5210788604500733,-0.37976217386784894,-0.42008402520840293,-0.4097355387061661,2.1328696509578076,-0.35841186366325595
-0.02825062514058655,-1.226412349660378,0.8907866366284438,0.6809431811462014,-0.08588429351450011,1.3054598240132387,0.016682180095701937,-0.2856543534276866,0.4932301777622668,1.513599108080167,1.5945016225624369,0.15873472380367074,0.24245617888536294,0.31965825609369647,-0.21654569785255828,-0.1764916480346692,-0.282603993023614,0.9370917566790374,-0.9571664769885428,1.0513149660756937,-0.1420960445125053,4.3118252207961625,-0.30560444605526793,-0.34099716973523675,-0.24173208127588555,-0.2581988897471611,-0.20301416340319547,-0.5869734364739604,-0.32946173471593376,-0.3156839517433792,-0.26726124191242434,-0.20577968041807276,-0.6627822868937354,-0.49837186151879204,1.2220910332321786,2.430324015464581,-0.5210788604500733,-0.37976217386784894,-0.42008402520840293,-0.4097355387061661,-0.46885190548373656,-0.5667507774697933
0.30760820006019524,1.0126745324473645,1.2231438737692546,1.5327929140256864,0.07267132528150075,-0.7660136157433054,-0.5582203993652418,-1.1404243879658098,0.20273878472436738,1.0106378260597584,1.5945016225624369,0.44410051940577494,0.24245617888536294,0.31965825609369647,-0.21654569785255828,-0.1764916480346692,-0.282603993023614,1.4402352409402357,-0.9571664769885428,1.0513149660756937,-0.1420960445125053,-0.23192034667290004,3.272203702884454,-0.34099716973523675,-0.24173208127588555,-0.2581988897471611,-0.20301416340319547,-0.5869734364739604,-0.32946173471593376,-0.3156839517433792,-0.26726124191242434,-0.20577968041807276,-0.6627822868937354,2.0065338298845607,-0.8182696483380675,-0.4114677687570971,-0.5210788604500733,2.633226974174589,-0.42008402520840293,-0.4097355387061661,-0.46885190548373656,-0.5222147777117625
0.4755376126605861,1.7899473330309645,0.22607216234682218,0.11044202078529729,0.23122694407750302,1.3054598240132387,-1.1348757305928348,-0.9772224720635428,-0.08775260831353203,1.0106378260597584,1.5945016225624369,0.44410051940577494,0.24245617888536294,0.31965825609369647,-0.21654569785255828,-0.1764916480346692,-0.282603993023614,0.22180644014532108,1.0447503376280172,-0.9511897312113419,-0.1420960445125053,-0.23192034667290004,-0.30560444605526793,-0.34099716973523675,-0.24173208127588555,-0.2581988897471611,-0.20301416340319547,-0.5869734364739604,3.0352538538723257,-0.3156839517433792,-0.26726124191242434,-0.20577968041807276,-0.6627822868937354,-0.49837186151879204,1.2220910332321786,-0.4114677687570971,-0.5210788604500733,-0.37976217386784894,-0.42008402520840293,-0.4097355387061661,2.1328696509578076,-0.37791288948475343
0.7274317315611725,1.5394297808076565,-1.4357140233572319,-0.6905435349128607,0.5483381816695062,-0.7660136157433054,1.250619423816752,1.2770039913365197,0.7837215708001662,-0.4982460200014673,-0.6271552100354432,0.44410051940577494,0.24245617888536294,0.31965825609369647,-0.21654569785255828,-0.1764916480346692,-0.282603993023614,-1.405840223510285,-0.9571664769885428,1.0513149660756937,-0.1420960445125053,-0.23192034667290004,-0.30560444605526793,-0.34099716973523675,-0.24173208127588555,-0.2581988897471611,4.925764701519638,-0.5869734364739604,-0.32946173471593376,-0.3156839517433792,-0.26726124191242434,-0.20577968041807276,-0.6627822868937354,-0.49837186151879204,1.2220910332321786,-0.4114677687570971,1.919095315316124,-0.37976217386784894,-0.42008402520840293,-0.4097355387061661,-0.46885190548373656,1.3022298319928514
-0.19618003774097745,-1.8483385496171802,0.5584293994876329,1.5327929140256864,0.5483381816695062,-0.7660136157433054,-0.6178139594313152,0.2569920169473511,0.4932301777622668,0.5076765440393498,-0.6271552100354432,0.2538566556710388,0.24245617888536294,0.31965825609369647,-0.21654569785255828,-0.1764916480346692,-0.282603993023614,0.8714527733215315,-0.9571664769885428,1.0513149660756937,-0.1420960445125053,-0.23192034667290004,-0.30560444605526793,-0.34099716973523675,-0.24173208127588555,-0.2581988897471611,-0.20301416340319547,-0.5869734364739604,-0.32946173471593376,-0.3156839517433792,3.741657386773941,-0.20577968041807276,-0.6627822868937354,-0.49837186151879204,1.2220910332321786,-0.4114677687570971,-0.5210788604500733,2.633226974174589,-0.42008402520840293,-0.4097355387061661,-0.46885190548373656,-0.20397996827347392
-0.02825062514058655,0.061838938322342926,-0.7709995490756102,0.24469429996786987,0.706893800465507,-0.7660136157433054,0.9105855810868035,-0.48557670040796364,-0.6687353943893308,-1.5041685840422845,-0.6271552100354432,0.44410051940577494,0.24245617888536294,0.31965825609369647,4.617962905367348,-0.1764916480346692,-0.282603993023614,-0.5968917111170914,1.0447503376280172,-0.9511897312113419,-0.1420960445125053,-0.23192034667290004,-0.30560444605526793,-0.34099716973523675,-0.24173208127588555,3.8729833462074166,-0.20301416340319547,-0.5869734364739604,-0.32946173471593376,-0.3156839517433792,-0.26726124191242434,-0.20577968041807276,-0.6627822868937354,2.0065338298845607,-0.8182696483380675,-0.4114677687570971,-0.5210788604500733,-0.37976217386784894,-0.42008402520840293,2.4405986435975984,-0.46885190548373656,0.5444881613624442
0.22364349375999978,1.756537134271127,-0.4386423119347994,-0.6116408713976874,0.07267132528150075,-0.7660136157433054,-0.8859849797286458,-0.4243759819446135,-1.540209573503029,0.004715262018941286,-0.6271552100354432,0.539222451273143,0.706117397470918,0.31965825609369647,-0.21654569785255828,-0.1764916480346692,3.53852041969004,-0.532404573824941,-0.9571664769885428,1.0513149660756937,-0.1420960445125053,-0.23192034667290004,-0.30560444605526793,-0.34099716973523675,-0.24173208127588555,-0.2581988897471611,-0.20301416340319547,-0.5869734364739604,-0.32946173471593376,3.1677251709421848,-0.26726124191242434,-0.20577968041807276,-0.6627822868937354,2.0065338298845607,-0.8182696483380675,-0.4114677687570971,-0.5210788604500733,-0.37976217386784894,-0.42008402520840293,-0.4097355387061661,2.1328696509578076,-0.13406969050284437
-0.19618003774097745,-0.10532875369908612,0.22607216234682218,0.9768591895306797,1.499671894445514,-0.7660136157433054,-0.6633855053641949,-0.23261373075944983,0.7837215708001662,-0.4982460200014673,-0.6271552100354432,0.44410051940577494,0.24245617888536294,0.31965825609369647,-0.21654569785255828,-0.1764916480346692,-0.282603993023614,0.444299560912646,-0.9571664769885428,1.0513149660756937,-0.1420960445125053,-0.23192034667290004,-0.30560444605526793,-0.34099716973523675,-0.24173208127588555,-0.2581988897471611,-0.20301416340319547,1.7036546083024706,-0.32946173471593376,-0.3156839517433792,-0.26726124191242434,-0.20577968041807276,-0.6627822868937354,-0.49837186151879204,1.2220910332321786,-0.4114677687570971,-0.5210788604500733,-0.37976217386784894,-0.42008402520840293,-0.4097355387061661,2.1328696509578076,-0.14272863282178092
0.5595023189607815,-0.8676746086581595,-2.100428497638853,-1.9367772889277908,-1.3543292438825112,-0.7660136157433054,-1.3820137296903747,-0.43865614958606186,1.364704356875965,1.513599108080167,1.5945016225624369,0.15873472380367074,0.24245617888536294,0.31965825609369647,-0.21654569785255828,-0.1764916480346692,-0.282603993023614,-2.2946514799604416,-0.9571664769885428,1.0513149660756937,-0.1420960445125053,-0.23192034667290004,-0.30560444605526793,-0.34099716973523675,-0.24173208127588555,-0.2581988897471611,-0.20301416340319547,-0.5869734364739604,3.0352538538723257,-0.3156839517433792,-0.26726124191242434,-0.20577968041807276,-0.6627822868937354,-0.49837186151879204,-0.8182696483380675,-0.4114677687570971,1.919095315316124,-0.37976217386784894,-0.42008402520840293,-0.4097355387061661,-0.46885190548373656,3.1955731192673023
0.13967878745980433,1.7899473330309645,-0.4386423119347994,-0.05977384775632786,1.499671894445514,1.3054598240132387,1.4889936640810457,2.1746145287989878,-0.37824400135143144,1.513599108080167,1.5945016225624369,-0.031509139931065404,-0.22120503970019206,0.31965825609369647,-0.21654569785255828,-0.1764916480346692,-0.282603993023614,-0.3906869108239377,-0.9571664769885428,1.0513149660756937,-0.1420960445125053,-0.23192034667290004,-0.30560444605526793,-0.34099716973523675,-0.24173208127588555,-0.2581988897471611,-0.20301416340319547,-0.5869734364739604,-0.32946173471593376,3.1677251709421848,-0.26726124191242434,-0.20577968041807276,1.508791076307582,-0.49837186151879204,-0.8182696483380675,-0.4114677687570971,-0.5210788604500733,-0.37976217386784894,2.3804761428476167,-0.4097355387061661,-0.46885190548373656,0.058532006911840316
0.8113964378613678,0.6564570963222734,-0.7709995490756102,-1.4362433214698431,0.706893800465507,-0.7660136157433054,0.5687989865902059,0.07950993340363574,1.0742129638380655,1.513599108080167,1.5945016225624369,-3.075410959686844,-3.003172351213522,-3.1283409107596607,-0.21654569785255828,-0.1764916480346692,-0.282603993023614,-1.0285510441730705,1.0447503376280172,-0.9511897312113419,-0.1420960445125053,-0.23192034667290004,-0.30560444605526793,-0.34099716973523675,-0.24173208127588555,-0.2581988897471611,-0.20301416340319547,1.7036546083024706,-0.32946173471593376,-0.3156839517433792,-0.26726124191242434,-0.20577968041807276,-0.6627822868937354,-0.49837186151879204,1.2220910332321786,-0.4114677687570971,-0.5210788604500733,-0.37976217386784894,-0.42008402520840293,-0.4097355387061661,2.1328696509578076,-0.13993398409280874
0.643467025260977,0.34521685962726834,1.2231438737692546,-0.8498409187158539,-0.7201067686985057,-0.7660136157433054,-0.7177208101303207,-0.5018968919981903,1.0742129638380655,1.0106378260597584,1.5945016225624369,0.2538566556710388,0.24245617888536294,0.31965825609369647,-0.21654569785255828,-0.1764916480346692,-0.282603993023614,0.828382595106682,-0.9571664769885428,1.0513149660756937,-0.1420960445125053,4.3118252207961625,-0.30560444605526793,-0.34099716973523675,-0.24173208127588555,-0.2581988897471611,-0.20301416340319547,-0.5869734364739604,-0.32946173471593376,-0.3156839517433792,-0.26726124191242434,-0.20577968041807276,-0.6627822868937354,-0.49837186151879204,1.2220910332321786,-0.4114677687570971,-0.5210788604500733,-0.37976217386784894,2.3804761428476167,-0.4097355387061661,-0.46885190548373656,-1.0072795828663013
1.399149381962736,0.992429504196444,1.2231438737692546,0.8040654986817672,0.5483381816695062,1.3054598240132387,-1.5274921263222598,-0.5875778978468805,-1.540209573503029,1.0106378260597584,1.5945016225624369,-3.075410959686844,-3.003172351213522,-3.1283409107596607,-0.21654569785255828,-0.1764916480346692,-0.282603993023614,1.2531004025766808,1.0447503376280172,-0.9511897312113419,-0.1420960445125053,-0.23192034667290004,-0.30560444605526793,-0.34099716973523675,4.1368112776835515,-0.2581988897471611,-0.20301416340319547,-0.5869734364739604,-0.32946173471593376,-0.3156839517433792,-0.26726124191242434,-0.20577968041807276,-0.6627822868937354,-0.49837186151879204,1.2220910332321786,-0.4114677687570971,-0.5210788604500733,-0.37976217386784894,-0.42008402520840293,2.4405986435975984,-0.46885190548373656,-0.6705716157945336
0.13967878745980433,0.2874108279889231,0.8907866366284438,-0.28312415276848524,0.5483381816695062,1.3054598240132387,-1.0472381422603738,-0.5386173230762004,-0.6687353943893308,0.5076765440393498,-0.6271552100354432,0.15873472380367074,0.24245617888536294,0.31965825609369647,-0.21654569785255828,-0.1764916480346692,-0.282603993023614,0.6895223899926428,1.0447503376280172,-0.9511897312113419,-0.1420960445125053,-0.23192034667290004,-0.30560444605526793,2.932575659723036,-0.24173208127588555,-0.2581988897471611,-0.20301416340319547,-0.5869734364739604,-0.32946173471593376,-0.3156839517433792,-0.26726124191242434,-0.20577968041807276,-0.6627822868937354,2.0065338298845607,-0.8182696483380675,-0.4114677687570971,1.919095315316124,-0.37976217386784894,-0.42008402520840293,-0.4097355387061661,-0.46885190548373656,-0.7808614861035728
-0.19618003774097745,1.7899473330309645,0.8907866366284438,-0.021910762040619525,-1.3543292438825112,1.3054598240132387,-1.1331229788261856,-0.6956991671321323,-0.08775260831353203,0.5076765440393498,-0.6271552100354432,0.2538566556710388,0.706117397470918,0.31965825609369647,-0.21654569785255828,-0.1764916480346692,-0.282603993023614,0.7566011421062644,-0.9571664769885428,1.0513149660756937,-0.1420960445125053,-0.23192034667290004,-0.30560444605526793,2.932575659723036,-0.24173208127588555,-0.2581988897471611,-0.20301416340319547,-0.5869734364739604,-0.32946173471593376,-0.3156839517433792,-0.26726124191242434,-0.20577968041807276,-0.6627822868937354,-0.49837186151879204,1.2220910332321786,-0.4114677687570971,1.919095315316124,-0.37976217386784894,-0.42008402520840293,-0.4097355387061661,-0.46885190548373656,-0.7228483347127125
-0.2801447440411729,-0.19012146280740036,0.22607216234682218,-0.7745059497318665,0.8654494192615079,1.3054598240132387,-0.8369079302624676,-0.6324584247200039,1.6551957499138643,0.004715262018941286,-0.6271552100354432,-3.075410959686844,-3.003172351213522,-3.1283409107596607,-0.21654569785255828,-0.1764916480346692,-0.282603993023614,-0.005445330456350115,-0.9571664769885428,1.0513149660756937,-0.1420960445125053,-0.23192034667290004,-0.30560444605526793,-0.34099716973523675,-0.24173208127588555,-0.2581988897471611,-0.20301416340319547,-0.5869734364739604,-0.32946173471593376,-0.3156839517433792,3.741657386773941,-0.20577968041807276,-0.6627822868937354,-0.49837186151879204,1.2220910332321786,-0.4114677687570971,1.919095315316124,-0.37976217386784894,-0.42008402520840293,-0.4097355387061661,-0.46885190548373656,-0.6181272321124074
-0.2801447440411729,-1.5693371947247345,0.8907866366284438,0.3408928803445867,-0.2444399123105017,-0.7660136157433054,0.16566608026088553,-0.018411216137724444,-0.08775260831353203,1.0106378260597584,1.5945016225624369,0.15873472380367074,0.24245617888536294,0.31965825609369647,-0.21654569785255828,-0.1764916480346692,-0.282603993023614,0.84976794157877,-0.9571664769885428,1.0513149660756937,-0.1420960445125053,-0.23192034667290004,-0.30560444605526793,-0.34099716973523675,-0.24173208127588555,-0.2581988897471611,-0.20301416340319547,-0.5869734364739604,3.0352538538723257,-0.3156839517433792,-0.26726124191242434,-0.20577968041807276,-0.6627822868937354,-0.49837186151879204,1.2220910332321786,2.430324015464581,-0.5210788604500733,-0.37976217386784894,-0.42008402520840293,-0.4097355387061661,-0.46885190548373656,-0.6422728995399585
-0.5320388629417592,-1.659471875739452,0.22607216234682218,0.006899748510051145,0.5483381816695062,1.3054598240132387,0.922854843453348,1.242323584207288,-0.9592267874272302,-1.5041685840422845,-0.6271552100354432,-0.031509139931065404,-0.22120503970019206,0.31965825609369647,-0.21654569785255828,-0.1764916480346692,-0.282603993023614,0.19521712021850168,-0.9571664769885428,-0.9511897312113419,-0.1420960445125053,-0.23192034667290004,-0.30560444605526793,-0.34099716973523675,-0.24173208127588555,-0.2581988897471611,4.925764701519638,-0.5869734364739604,-0.32946173471593376,-0.3156839517433792,-0.26726124191242434,-0.20577968041807276,1.508791076307582,-0.49837186151879204,-0.8182696483380675,-0.4114677687570971,-0.5210788604500733,-0.37976217386784894,-0.42008402520840293,-0.4097355387061661,-0.46885190548373656,-0.4060188795513065
-1.2037565133433228,-0.5823521142824422,0.22607216234682218,-0.361403147320208,-0.7201067686985057,-0.7660136157433054,-1.096315191726552,-1.1791848429925982,-0.37824400135143144,0.5076765440393498,-0.6271552100354432,-3.075410959686844,-3.003172351213522,-3.1283409107596607,-0.21654569785255828,-0.1764916480346692,-0.282603993023614,0.1006381302850754,1.0447503376280172,-0.9511897312113419,-0.1420960445125053,-0.23192034667290004,3.272203702884454,-0.34099716973523675,-0.24173208127588555,-0.2581988897471611,-0.20301416340319547,-0.5869734364739604,-0.32946173471593376,-0.3156839517433792,-0.26726124191242434,-0.20577968041807276,1.508791076307582,-0.49837186151879204,-0.8182696483380675,-0.4114677687570971,-0.5210788604500733,-0.37976217386784894,-0.42008402520840293,-0.4097355387061661,2.1328696509578076,-0.5059927096037381
-0.02825062514058655,-0.0036973006182944228,0.22607216234682218,0.3588718250848465,-2.4642185754545216,-0.7660136157433054,1.147207069584448,2.345976540496368,1.364704356875965,1.0106378260597584,1.5945016225624369,0.539222451273143,0.706117397470918,0.31965825609369647,-0.21654569785255828,-0.1764916480346692,-0.282603993023614,0.2856024086973546,1.0447503376280172,-0.9511897312113419,-0.1420960445125053,-0.23192034667290004,-0.30560444605526793,-0.34099716973523675,-0.24173208127588555,3.8729833462074166,-0.20301416340319547,-0.5869734364739604,-0.32946173471593376,-0.3156839517433792,-0.26726124191242434,-0.20577968041807276,1.508791076307582,-0.49837186151879204,-0.8182696483380675,2.430324015464581,-0.5210788604500733,-0.37976217386784894,-0.42008402520840293,-0.4097355387061661,-0.46885190548373656,-0.3104779621024598
-1.0358271007429318,0.1913148361185651,-0.1062850747939886,1.2418308470662396,0.23122694407750302,1.3054598240132387,1.3925923169153387,2.2990559896744664,0.20273878472436738,1.0106378260597584,1.5945016225624369,0.2538566556710388,0.24245617888536294,0.31965825609369647,-0.21654569785255828,-0.1764916480346692,-0.282603993023614,0.22795218995211844,-0.9571664769885428,1.0513149660756937,-0.1420960445125053,-0.23192034667290004,-0.30560444605526793,-0.34099716973523675,-0.24173208127588555,-0.2581988897471611,-0.20301416340319547,1.7036546083024706,-0.32946173471593376,-0.3156839517433792,-0.26726124191242434,-0.20577968041807276,-0.6627822868937354,-0.49837186151879204,1.2220910332321786,2.430324015464581,-0.5210788604500733,-0.37976217386784894,-0.42008402520840293,-0.4097355387061661,-0.46885190548373656,0.1845196557098422
0.055714081159608894,0.08180326878352542,0.22607216234682218,1.2011919384308414,0.5483381816695062,-0.7660136157433054,0.9596626305529816,-0.705899286876024,-0.9592267874272302,-1.5041685840422845,-0.6271552100354432,0.539222451273143,0.706117397470918,0.31965825609369647,-0.21654569785255828,-0.1764916480346692,-0.282603993023614,0.5019074837396895,1.0447503376280172,-0.9511897312113419,-0.1420960445125053,-0.23192034667290004,-0.30560444605526793,-0.34099716973523675,-0.24173208127588555,-0.2581988897471611,-0.20301416340319547,1.7036546083024706,-0.32946173471593376,-0.3156839517433792,-0.26726124191242434,-0.20577968041807276,-0.6627822868937354,-0.49837186151879204,-0.8182696483380675,-0.4114677687570971,1.919095315316124,-0.37976217386784894,-0.42008402520840293,-0.4097355387061661,-0.46885190548373656,-0.08183472086058971
-0.2801447440411729,0.2146932600106375,0.8907866366284438,0.025165552607739193,-0.2444399123105017,-0.7660136157433054,1.4767244017145011,-0.5100569877933037,-0.37824400135143144,1.513599108080167,1.5945016225624369,-0.031509139931065404,-0.22120503970019206,0.31965825609369647,-0.21654569785255828,-0.1764916480346692,-0.282603993023614,0.7686901871277351,-0.9571664769885428,1.0513149660756937,-0.1420960445125053,-0.23192034667290004,-0.30560444605526793,-0.34099716973523675,-0.24173208127588555,-0.2581988897471611,-0.20301416340319547,-0.5869734364739604,3.0352538538723257,-0.3156839517433792,-0.26726124191242434,-0.20577968041807276,-0.6627822868937354,-0.49837186151879204,-0.8182696483380675,-0.4114677687570971,1.919095315316124,-0.37976217386784894,-0.42008402520840293,-0.4097355387061661,-0.46885190548373656,-0.7123931074327903
-0.112215331440782,0.041165173006421946,0.8907866366284438,-0.1522533156217638,0.23122694407750302,-0.7660136157433054,-1.2190078153919972,-0.2468938984008982,0.4932301777622668,0.5076765440393498,-0.6271552100354432,0.44410051940577494,0.24245617888536294,0.31965825609369647,-0.21654569785255828,-0.1764916480346692,-0.282603993023614,0.7231295968031572,-0.9571664769885428,1.0513149660756937,-0.1420960445125053,-0.23192034667290004,-0.30560444605526793,-0.34099716973523675,-0.24173208127588555,3.8729833462074166,-0.20301416340319547,-0.5869734364739604,-0.32946173471593376,-0.3156839517433792,-0.26726124191242434,-0.20577968041807276,1.508791076307582,-0.49837186151879204,-0.8182696483380675,-0.4114677687570971,-0.5210788604500733,-0.37976217386784894,-0.42008402520840293,-0.4097355387061661,-0.46885190548373656,-0.7517962468871384
0.30760820006019524,0.4362567671498926,0.5584293994876329,-0.8110183832392285,-0.40299553110650327,-0.7660136157433054,1.1086465307181652,-0.4488562693299536,1.6551957499138643,1.513599108080167,1.5945016225624369,0.15873472380367074,0.24245617888536294,0.31965825609369647,-0.21654569785255828,-0.1764916480346692,-0.282603993023614,0.26956962876967877,-0.9571664769885428,1.0513149660756937,-0.1420960445125053,-0.23192034667290004,-0.30560444605526793,-0.34099716973523675,-0.24173208127588555,3.8729833462074166,-0.20301416340319547,-0.5869734364739604,-0.32946173471593376,-0.3156839517433792,-0.26726124191242434,-0.20577968041807276,-0.6627822868937354,-0.49837186151879204,1.2220910332321786,2.430324015464581,-0.5210788604500733,-0.37976217386784894,-0.42008402520840293,-0.4097355387061661,-0.46885190548373656,-0.7765733838141186
-0.9518623944427365,-0.556700121433887,-0.1062850747939886,0.5968408285458556,-0.2444399123105017,1.3054598240132387,0.21299037796041445,1.2647638476438496,-0.37824400135143144,1.513599108080167,1.5945016225624369,0.44410051940577494,0.24245617888536294,0.31965825609369647,-0.21654569785255828,-0.1764916480346692,-0.282603993023614,0.06232084368946405,-0.9571664769885428,1.0513149660756937,-0.1420960445125053,-0.23192034667290004,-0.30560444605526793,-0.34099716973523675,-0.24173208127588555,-0.2581988897471611,-0.20301416340319547,-0.5869734364739604,-0.32946173471593376,3.1677251709421848,-0.26726124191242434,-0.20577968041807276,-0.6627822868937354,2.0065338298845607,-0.8182696483380675,-0.4114677687570971,-0.5210788604500733,-0.37976217386784894,-0.42008402520840293,2.4405986435975984,-0.46885190548373656,-0.012444279764176601
-0.6999682755421501,1.4821184179521145,1.2231438737692546,-0.7564277265183091,-0.8786623874945072,-0.7660136157433054,-0.20942279780204728,-0.9629423044220945,-1.540209573503029,-0.4982460200014673,-0.6271552100354432,-3.075410959686844,-3.003172351213522,-3.1283409107596607,-0.21654569785255828,-0.1764916480346692,-0.282603993023614,0.8523708000991642,1.0447503376280172,-0.9511897312113419,-0.1420960445125053,-0.23192034667290004,3.272203702884454,-0.34099716973523675,-0.24173208127588555,-0.2581988897471611,-0.20301416340319547,-0.5869734364739604,-0.32946173471593376,-0.3156839517433792,-0.26726124191242434,-0.20577968041807276,-0.6627822868937354,-0.49837186151879204,-0.8182696483380675,-0.4114677687570971,-0.5210788604500733,2.633226974174589,-0.42008402520840293,-0.4097355387061661,-0.46885190548373656,-0.9882622033388611
-0.5320388629417592,1.4821403906265573,0.22607216234682218,1.1875113931042953,1.02400503805751,-0.7660136157433054,-0.840413433795766,0.12031041237920248,1.6551957499138643,1.0106378260597584,1.5945016225624369,-0.031509139931065404,-0.22120503970019206,0.31965825609369647,-0.21654569785255828,-0.1764916480346692,-0.282603993023614,0.49839436404019216,-0.9571664769885428,1.0513149660756937,-0.1420960445125053,-0.23192034667290004,3.272203702884454,-0.34099716973523675,-0.24173208127588555,-0.2581988897471611,-0.20301416340319547,-0.5869734364739604,-0.32946173471593376,-0.3156839517433792,-0.26726124191242434,-0.20577968041807276,-0.6627822868937354,2.0065338298845607,-0.8182696483380675,-0.4114677687570971,1.919095315316124,-0.37976217386784894,-0.42008402520840293,-0.4097355387061661,-0.46885190548373656,-0.0855482309333725
1.1472552630621498,-1.8917086032107782,-0.4386423119347994,0.2936918525508785,-0.7201067686985057,-0.7660136157433054,-1.0665184116935154,-0.39785567061049515,-0.37824400135143144,-1.001207302021876,-0.6271552100354432,0.539222451273143,0.706117397470918,0.31965825609369647,-0.21654569785255828,-0.1764916480346692,-0.282603993023614,-0.29991806461162307,-0.9571664769885428,1.0513149660756937,-0.1420960445125053,-0.23192034667290004,-0.30560444605526793,-0.34099716973523675,4.1368112776835515,-0.2581988897471611,-0.20301416340319547,-0.5869734364739604,-0.32946173471593376,-0.3156839517433792,-0.26726124191242434,-0.20577968041807276,-0.6627822868937354,-0.49837186151879204,-0.8182696483380675,-0.4114677687570971,-0.5210788604500733,2.633226974174589,-0.42008402520840293,-0.4097355387061661,-0.46885190548373656,0.18189160431601475
-0.02825062514058655,-0.14320788147497895,1.5555011109100654,1.1723798571739061,0.8654494192615079,1.3054598240132387,0.8317117515875887,1.6564484458092903,-0.37824400135143144,0.004715262018941286,-0.6271552100354432,0.44410051940577494,0.24245617888536294,0.31965825609369647,-0.21654569785255828,-0.1764916480346692,-0.282603993023614,1.632073569893879,-0.9571664769885428,1.0513149660756937,-0.1420960445125053,-0.23192034667290004,-0.30560444605526793,-0.34099716973523675,-0.24173208127588555,-0.2581988897471611,4.925764701519638,-0.5869734364739604,-0.32946173471593376,-0.3156839517433792,-0.26726124191242434,-0.20577968041807276,1.508791076307582,-0.49837186151879204,-0.8182696483380675,-0.4114677687570971,-0.5210788604500733,-0.37976217386784894,-0.42008402520840293,-0.4097355387061661,2.1328696509578076,-0.7123427492821013
-1.7075447511444954,-1.578484885065213,0.8907866366284438,-0.4631328091505444,-0.2444399123105017,-0.7660136157433054,0.7353104044218817,0.49363479500563817,0.20273878472436738,-0.4982460200014673,-0.6271552100354432,0.15873472380367074,0.24245617888536294,0.31965825609369647,-0.21654569785255828,-0.1764916480346692,-0.282603993023614,0.6432967504643167,-0.9571664769885428,1.0513149660756937,-0.1420960445125053,-0.23192034667290004,-0.30560444605526793,-0.34099716973523675,-0.24173208127588555,-0.2581988897471611,-0.20301416340319547,-0.5869734364739604,-0.32946173471593376,-0.3156839517433792,3.741657386773941,-0.20577968041807276,-0.6627822868937354,2.0065338298845607,-0.8182696483380675,-0.4114677687570971,1.919095315316124,-0.37976217386784894,-0.42008402520840293,-0.4097355387061661,-0.46885190548373656,-0.8208397942801133
0.22364349375999978,-0.690578703839226,0.8907866366284438,-0.8052555072918893,0.3897825628735039,-0.7660136157433054,0.9316186022865941,0.4834346752617465,-0.9592267874272302,-0.4982460200014673,-0.6271552100354432,-0.031509139931065404,-0.22120503970019206,0.31965825609369647,-0.21654569785255828,-0.1764916480346692,-0.282603993023614,0.5554407504441056,1.0447503376280172,-0.9511897312113419,-0.1420960445125053,-0.23192034667290004,-0.30560444605526793,-0.34099716973523675,-0.24173208127588555,-0.2581988897471611,-0.20301416340319547,-0.5869734364739604,-0.32946173471593376,-0.3156839517433792,-0.26726124191242434,-0.20577968041807276,-0.6627822868937354,2.0065338298845607,-0.8182696483380675,-0.4114677687570971,1.919095315316124,-0.37976217386784894,-0.42008402520840293,-0.4097355387061661,-0.46885190548373656,-0.8968221772131567
1.0632905567619542,1.7899473330309645,-0.4386423119347994,1.3020622557901027,0.5483381816695062,-0.7660136157433054,-1.2119968083254005,-0.9690623762684295,0.20273878472436738,-1.5041685840422845,-0.6271552100354432,0.15873472380367074,0.24245617888536294,0.31965825609369647,-0.21654569785255828,-0.1764916480346692,-0.282603993023614,-0.04097181331448018,1.0447503376280172,-0.9511897312113419,-0.1420960445125053,-0.23192034667290004,-0.30560444605526793,-0.34099716973523675,-0.24173208127588555,-0.2581988897471611,-0.20301416340319547,-0.5869734364739604,-0.32946173471593376,-0.3156839517433792,3.741657386773941,-0.20577968041807276,-0.6627822868937354,-0.49837186151879204,-0.8182696483380675,-0.4114677687570971,-0.5210788604500733,-0.37976217386784894,2.3804761428476167,-0.4097355387061661,-0.46885190548373656,0.5338130690288946
1.6510435008633224,-0.1455276169565077,-1.4357140233572319,-0.8426506787651623,0.07267132528150075,-0.7660136157433054,-1.7045200547538308,-1.1934650106340465,-0.37824400135143144,-1.001207302021876,-0.6271552100354432,0.44410051940577494,0.24245617888536294,0.31965825609369647,-0.21654569785255828,-0.1764916480346692,-0.282603993023614,-1.4449008450532648,1.0447503376280172,-0.9511897312113419,-0.1420960445125053,-0.23192034667290004,-0.30560444605526793,-0.34099716973523675,-0.24173208127588555,-0.2581988897471611,-0.20301416340319547,1.7036546083024706,-0.32946173471593376,-0.3156839517433792,-0.26726124191242434,-0.20577968041807276,-0.6627822868937354,2.0065338298845607,-0.8182696483380675,-0.4114677687570971,1.919095315316124,-0.37976217386784894,-0.42008402520840293,-0.4097355387061661,-0.46885190548373656,1.209330342677994
0.7274317315611725,1.4321954685287615,0.5584293994876329,1.4813553476660184,-1.5128848626785127,1.3054598240132387,1.010492431785809,-1.087383765297573,-1.2497181804651296,1.513599108080167,1.5945016225624369,0.44410051940577494,0.24245617888536294,0.31965825609369647,-0.21654569785255828,-0.1764916480346692,-0.282603993023614,0.858243772995959,-0.9571664769885428,1.0513149660756937,-0.1420960445125053,-0.23192034667290004,-0.30560444605526793,-0.34099716973523675,-0.24173208127588555,-0.2581988897471611,-0.20301416340319547,1.7036546083024706,-0.32946173471593376,-0.3156839517433792,-0.26726124191242434,-0.20577968041807276,1.508791076307582,-0.49837186151879204,-0.8182696483380675,-0.4114677687570971,1.919095315316124,-0.37976217386784894,-0.42008402520840293,-0.4097355387061661,-0.46885190548373656,-0.21654617266174983
0.22364349375999978,1.6048038175237471,0.22607216234682218,0.014137066422495691,0.706893800465507,-0.7660136157433054,0.8755305457538192,2.219495055672111,-0.6687353943893308,1.513599108080167,1.5945016225624369,0.44410051940577494,0.24245617888536294,0.31965825609369647,-0.21654569785255828,-0.1764916480346692,-0.282603993023614,0.19707564000136446,-0.9571664769885428,1.0513149660756937,-0.1420960445125053,-0.23192034667290004,-0.30560444605526793,-0.34099716973523675,-0.24173208127588555,-0.2581988897471611,4.925764701519638,-0.5869734364739604,-0.32946173471593376,-0.3156839517433792,-0.26726124191242434,-0.20577968041807276,-0.6627822868937354,-0.49837186151879204,1.2220910332321786,-0.4114677687570971,-0.5210788604500733,-0.37976217386784894,-0.42008402520840293,-0.4097355387061661,2.1328696509578076,-0.4040543487284274
-1.5396153385441045,-1.5305319403729847,0.5584293994876329,0.6302744483211767,-1.5128848626785127,1.3054598240132387,1.3978505722152863,1.872690984379794,0.20273878472436738,-0.4982460200014673,-0.6271552100354432,0.539222451273143,0.706117397470918,0.31965825609369647,-0.21654569785255828,-0.1764916480346692,-0.282603993023614,0.639688956503924,-0.9571664769885428,1.0513149660756937,-0.1420960445125053,-0.23192034667290004,-0.30560444605526793,-0.34099716973523675,-0.24173208127588555,-0.2581988897471611,-0.20301416340319547,1.7036546083024706,-0.32946173471593376,-0.3156839517433792,-0.26726124191242434,-0.20577968041807276,-0.6627822868937354,-0.49837186151879204,1.2220910332321786,-0.4114677687570971,-0.5210788604500733,-0.37976217386784894,-0.42008402520840293,2.4405986435975984,-0.46885190548373656,-0.42446535097868304
0.30760820006019524,1.346373095012385,-0.1062850747939886,1.3023558005944014,1.499671894445514,-0.7660136157433054,-1.2505573471916833,-0.9160217536001928,0.4932301777622668,-1.001207302021876,-0.6271552100354432,0.44410051940577494,0.24245617888536294,0.31965825609369647,-0.21654569785255828,-0.1764916480346692,-0.282603993023614,0.2434948018492006,-0.9571664769885428,1.0513149660756937,-0.1420960445125053,-0.23192034667290004,-0.30560444605526793,-0.34099716973523675,-0.24173208127588555,-0.2581988897471611,-0.20301416340319547,-0.5869734364739604,3.0352538538723257,-0.3156839517433792,-0.26726124191242434,-0.20577968041807276,-0.6627822868937354,-0.49837186151879204,1.2220910332321786,2.430324015464581,-0.5210788604500733,-0.37976217386784894,-0.42008402520840293,-0.4097355387061661,-0.46885190548373656,0.203002473581406
-0.02825062514058655,-0.21513561378245524,-0.4386423119347994,1.0572134243365363,0.3897825628735039,-0.7660136157433054,-0.41975300979995356,-0.5324972512298654,-0.37824400135143144,0.004715262018941286,-0.6271552100354432,0.15873472380367074,0.24245617888536294,0.31965825609369647,4.617962905367348,-0.1764916480346692,-0.282603993023614,-0.10384819964604676,1.0447503376280172,-0.9511897312113419,-0.1420960445125053,-0.23192034667290004,-0.30560444605526793,2.932575659723036,-0.24173208127588555,-0.2581988897471611,-0.20301416340319547,-0.5869734364739604,-0.32946173471593376,-0.3156839517433792,-0.26726124191242434,-0.20577968041807276,-0.6627822868937354,-0.49837186151879204,1.2220910332321786,-0.4114677687570971,-0.5210788604500733,2.633226974174589,-0.42008402520840293,-0.4097355387061661,-0.46885190548373656,0.44836077974950195
1.0632905567619542,-1.6704655229488223,0.5584293994876329,0.20214960463384307,-1.829996100270516,1.3054598240132387,-1.127864723526238,-0.36113523953248505,-0.08775260831353203,-1.001207302021876,-0.6271552100354432,0.44410051940577494,0.24245617888536294,0.31965825609369647,-0.21654569785255828,-0.1764916480346692,-0.282603993023614,0.5297478842512217,1.0447503376280172,-0.9511897312113419,-0.1420960445125053,-0.23192034667290004,-0.30560444605526793,2.932575659723036,-0.24173208127588555,-0.2581988897471611,-0.20301416340319547,-0.5869734364739604,-0.32946173471593376,-0.3156839517433792,-0.26726124191242434,-0.20577968041807276,-0.6627822868937354,-0.49837186151879204,1.2220910332321786,2.430324015464581,-0.5210788604500733,-0.37976217386784894,-0.42008402520840293,-0.4097355387061661,-0.46885190548373656,-0.5290563079430086
-0.02825062514058655,0.1428040969740366,-0.7709995490756102,0.46307183136598856,0.8654494192615079,-0.7660136157433054,-0.20767004603539807,-0.7854602208783792,-1.540209573503029,-1.001207302021876,-0.6271552100354432,-0.031509139931065404,-0.22120503970019206,0.31965825609369647,4.617962905367348,-0.1764916480346692,-0.282603993023614,-0.540813068842967,-0.9571664769885428,1.0513149660756937,-0.1420960445125053,-0.23192034667290004,3.272203702884454,-0.34099716973523675,-0.24173208127588555,-0.2581988897471611,-0.20301416340319547,-0.5869734364739604,-0.32946173471593376,-0.3156839517433792,-0.26726124191242434,-0.20577968041807276,1.508791076307582,-0.49837186151879204,-0.8182696483380675,-0.4114677687570971,-0.5210788604500733,-0.37976217386784894,-0.42008402520840293,-0.4097355387061661,-0.46885190548373656,0.6334042619080943
-0.2801447440411729,-0.4271791184649781,-0.7709995490756102,-2.0715178946438018,-1.0372180062905088,-0.7660136157433054,-1.6238934734879669,-0.7609799334930392,-0.9592267874272302,0.5076765440393498,-0.6271552100354432,0.44410051940577494,0.24245617888536294,0.31965825609369647,-0.21654569785255828,-0.1764916480346692,-0.282603993023614,-1.1916874955597372,-0.9571664769885428,1.0513149660756937,-0.1420960445125053,-0.23192034667290004,-0.30560444605526793,2.932575659723036,-0.24173208127588555,-0.2581988897471611,-0.20301416340319547,-0.5869734364739604,-0.32946173471593376,-0.3156839517433792,-0.26726124191242434,-0.20577968041807276,-0.6627822868937354,-0.49837186151879204,1.2220910332321786,-0.4114677687570971,-0.5210788604500733,-0.37976217386784894,-0.42008402520840293,-0.4097355387061661,2.1328696509578076,-0.3985967570474696
0.39157290636039066,-1.1564921721613597,-1.103356786216421,0.668944170459061,0.5483381816695062,-0.7660136157433054,1.4977574229142918,-1.0098628552439963,-0.37824400135143144,-1.001207302021876,-0.6271552100354432,0.44410051940577494,0.24245617888536294,0.31965825609369647,-0.21654569785255828,-0.1764916480346692,-0.282603993023614,-0.7723369532312373,1.0447503376280172,-0.9511897312113419,-0.1420960445125053,-0.23192034667290004,-0.30560444605526793,-0.34099716973523675,4.1368112776835515,-0.2581988897471611,-0.20301416340319547,-0.5869734364739604,-0.32946173471593376,-0.3156839517433792,-0.26726124191242434,-0.20577968041807276,-0.6627822868937354,-0.49837186151879204,1.2220910332321786,-0.4114677687570971,-0.5210788604500733,2.633226974174589,-0.42008402520840293,-0.4097355387061661,-0.46885190548373656,1.2833521595969783
-0.6160035692419547,-0.990122470947466,0.5584293994876329,-1.9144736673484248,1.499671894445514,1.3054598240132387,-1.6589485088209512,-1.001702759448883,-0.6687353943893308,0.004715262018941286,-0.6271552100354432,0.44410051940577494,0.24245617888536294,0.31965825609369647,-0.21654569785255828,-0.1764916480346692,-0.282603993023614,-0.013794111752873187,1.0447503376280172,-0.9511897312113419,-0.1420960445125053,-0.23192034667290004,-0.30560444605526793,2.932575659723036,-0.24173208127588555,-0.2581988897471611,-0.20301416340319547,-0.5869734364739604,-0.32946173471593376,-0.3156839517433792,-0.26726124191242434,-0.20577968041807276,1.508791076307582,-0.49837186151879204,-0.8182696483380675,-0.4114677687570971,-0.5210788604500733,2.633226974174589,-0.42008402520840293,-0.4097355387061661,-0.46885190548373656,-1.0461476583138474
-1.4556506322439091,-0.4445422662926816,1.5555011109100654,0.055401142825075064,1.499671894445514,1.3054598240132387,1.6555050819127215,1.5320069849338118,-1.2497181804651296,-0.4982460200014673,-0.6271552100354432,0.15873472380367074,0.24245617888536294,0.31965825609369647,-0.21654569785255828,-0.1764916480346692,-0.282603993023614,1.3452370563169183,1.0447503376280172,-0.9511897312113419,-0.1420960445125053,-0.23192034667290004,-0.30560444605526793,-0.34099716973523675,-0.24173208127588555,-0.2581988897471611,-0.20301416340319547,1.7036546083024706,-0.32946173471593376,-0.3156839517433792,-0.26726124191242434,-0.20577968041807276,-0.6627822868937354,-0.49837186151879204,1.2220910332321786,-0.4114677687570971,-0.5210788604500733,-0.37976217386784894,-0.42008402520840293,-0.4097355387061661,2.1328696509578076,-0.9222489418423654
-2.4632271078462544,-0.9889180086048204,-0.1062850747939886,-0.010480844783251862,1.499671894445514,1.3054598240132387,-0.5477038887653465,0.0060690712476156,0.20273878472436738,1.513599108080167,1.5945016225624369,-0.031509139931065404,-0.22120503970019206,0.31965825609369647,-0.21654569785255828,-0.1764916480346692,-0.282603993023614,-0.09363739361589207,1.0447503376280172,-0.9511897312113419,-0.1420960445125053,-0.23192034667290004,-0.30560444605526793,-0.34099716973523675,-0.24173208127588555,-0.2581988897471611,-0.20301416340319547,-0.5869734364739604,-0.32946173471593376,3.1677251709421848,-0.26726124191242434,-0.20577968041807276,-0.6627822868937354,-0.49837186151879204,1.2220910332321786,-0.4114677687570971,-0.5210788604500733,-0.37976217386784894,2.3804761428476167,-0.4097355387061661,-0.46885190548373656,-0.19790523798486112
-1.2877212196435182,-2.254867479290781,-0.1062850747939886,0.8374701602956188,0.8654494192615079,-0.7660136157433054,0.5319911994905723,-0.9282618972928628,1.364704356875965,1.513599108080167,1.5945016225624369,0.2538566556710388,0.706117397470918,0.31965825609369647,-0.21654569785255828,-0.1764916480346692,-0.282603993023614,0.12411367617302091,-0.9571664769885428,1.0513149660756937,-0.1420960445125053,-0.23192034667290004,-0.30560444605526793,2.932575659723036,-0.24173208127588555,-0.2581988897471611,-0.20301416340319547,-0.5869734364739604,-0.32946173471593376,-0.3156839517433792,-0.26726124191242434,-0.20577968041807276,-0.6627822868937354,-0.49837186151879204,-0.8182696483380675,-0.4114677687570971,-0.5210788604500733,-0.37976217386784894,-0.42008402520840293,-0.4097355387061661,2.1328696509578076,0.06103794292299318
-1.0358271007429318,1.6598306867285293,-0.4386423119347994,0.6646718521406135,-0.7201067686985057,-0.7660136157433054,1.0525584741853902,2.213374983825776,-1.540209573503029,0.004715262018941286,-0.6271552100354432,-0.031509139931065404,-0.22120503970019206,0.31965825609369647,-0.21654569785255828,-0.1764916480346692,-0.282603993023614,-0.20465160310959177,-0.9571664769885428,1.0513149660756937,-0.1420960445125053,-0.23192034667290004,-0.30560444605526793,-0.34099716973523675,-0.24173208127588555,3.8729833462074166,-0.20301416340319547,-0.5869734364739604,-0.32946173471593376,-0.3156839517433792,-0.26726124191242434,-0.20577968041807276,1.508791076307582,-0.49837186151879204,-0.8182696483380675,-0.4114677687570971,-0.5210788604500733,2.633226974174589,-0.42008402520840293,-0.4097355387061661,-0.46885190548373656,0.31136369553905535
-0.9518623944427365,1.0745643960899518,0.8907866366284438,-1.2847845644284683,0.07267132528150075,-0.7660136157433054,-0.1165269541696387,0.4773146034154115,1.364704356875965,1.0106378260597584,1.5945016225624369,0.2538566556710388,0.24245617888536294,0.31965825609369647,-0.21654569785255828,-0.1764916480346692,-0.282603993023614,0.4322992427851265,1.0447503376280172,-0.9511897312113419,-0.1420960445125053,-0.23192034667290004,-0.30560444605526793,-0.34099716973523675,4.1368112776835515,-0.2581988897471611,-0.20301416340319547,-0.5869734364739604,-0.32946173471593376,-0.3156839517433792,-0.26726124191242434,-0.20577968041807276,-0.6627822868937354,-0.49837186151879204,1.2220910332321786,-0.4114677687570971,1.919095315316124,-0.37976217386784894,-0.42008402520840293,-0.4097355387061661,-0.46885190548373656,-1.0033212801514237
-0.3641094503413683,-1.6177343644798312,-0.1062850747939886,-0.40096991698992873,1.499671894445514,-0.7660136157433054,0.8247007445209918,-0.4080557903543868,-0.37824400135143144,-1.5041685840422845,-0.6271552100354432,0.15873472380367074,0.24245617888536294,0.31965825609369647,-0.21654569785255828,-0.1764916480346692,-0.282603993023614,-0.19391372173460836,1.0447503376280172,-0.9511897312113419,-0.1420960445125053,-0.23192034667290004,-0.30560444605526793,-0.34099716973523675,-0.24173208127588555,-0.2581988897471611,-0.20301416340319547,-0.5869734364739604,-0.32946173471593376,3.1677251709421848,-0.26726124191242434,-0.20577968041807276,-0.6627822868937354,2.0065338298845607,-0.8182696483380675,-0.4114677687570971,-0.5210788604500733,2.633226974174589,-0.42008402520840293,-0.4097355387061661,-0.46885190548373656,-0.31715090413929736
0.055714081159608894,0.014875406116053029,1.2231438737692546,-0.10105995518470189,-0.08588429351450011,1.3054598240132387,0.4618811288246035,1.4463259790851215,1.6551957499138643,0.5076765440393498,-0.6271552100354432,0.2538566556710388,0.706117397470918,0.31965825609369647,-0.21654569785255828,5.665990493802656,-0.282603993023614,1.020667119648658,1.0447503376280172,-0.9511897312113419,-0.1420960445125053,4.3118252207961625,-0.30560444605526793,-0.34099716973523675,-0.24173208127588555,-0.2581988897471611,-0.20301416340319547,-0.5869734364739604,-0.32946173471593376,-0.3156839517433792,-0.26726124191242434,-0.20577968041807276,1.508791076307582,-0.49837186151879204,-0.8182696483380675,-0.4114677687570971,-0.5210788604500733,-0.37976217386784894,-0.42008402520840293,-0.4097355387061661,2.1328696509578076,-0.8548401743480619
0.5595023189607815,1.7899473330309645,-0.1062850747939886,0.8686294739640423,-0.7201067686985057,-0.7660136157433054,1.6975711243123028,3.115065569185801,-1.540209573503029,1.513599108080167,1.5945016225624369,0.2538566556710388,0.706117397470918,0.31965825609369647,-0.21654569785255828,-0.1764916480346692,-0.282603993023614,0.1321152869318364,-0.9571664769885428,1.0513149660756937,-0.1420960445125053,-0.23192034667290004,-0.30560444605526793,-0.34099716973523675,-0.24173208127588555,-0.2581988897471611,-0.20301416340319547,-0.5869734364739604,-0.32946173471593376,-0.3156839517433792,-0.26726124191242434,-0.20577968041807276,1.508791076307582,-0.49837186151879204,-0.8182696483380675,-0.4114677687570971,-0.5210788604500733,2.633226974174589,-0.42008402520840293,-0.4097355387061661,-0.46885190548373656,0.07055322357939936
0.9793258504617588,-0.40486555519237105,-0.4386423119347994,0.546566536288044,0.5483381816695062,-0.7660136157433054,-1.0489908940270232,-0.4284560298421702,-0.6687353943893308,1.0106378260597584,1.5945016225624369,0.2538566556710388,0.24245617888536294,0.31965825609369647,-0.21654569785255828,-0.1764916480346692,-0.282603993023614,-0.2349806654264203,-0.9571664769885428,-0.9511897312113419,-0.1420960445125053,-0.23192034667290004,-0.30560444605526793,-0.34099716973523675,-0.24173208127588555,-0.2581988897471611,-0.20301416340319547,-0.5869734364739604,-0.32946173471593376,-0.3156839517433792,-0.26726124191242434,-0.20577968041807276,1.508791076307582,-0.49837186151879204,-0.8182696483380675,-0.4114677687570971,1.919095315316124,-0.37976217386784894,-0.42008402520840293,-0.4097355387061661,-0.46885190548373656,0.2701449175863343
-0.02825062514058655,-0.17496988782372686,1.5555011109100654,-0.6206683776809633,1.3411162756495132,1.3054598240132387,-1.6677122676541973,-0.8507409872392859,-0.6687353943893308,-1.001207302021876,-0.6271552100354432,0.44410051940577494,0.24245617888536294,0.31965825609369647,-0.21654569785255828,-0.1764916480346692,-0.282603993023614,1.1716245946769046,1.0447503376280172,-0.9511897312113419,-0.1420960445125053,-0.23192034667290004,-0.30560444605526793,-0.34099716973523675,-0.24173208127588555,-0.2581988897471611,-0.20301416340319547,1.7036546083024706,-0.32946173471593376,-0.3156839517433792,-0.26726124191242434,-0.20577968041807276,-0.6627822868937354,-0.49837186151879204,1.2220910332321786,2.430324015464581,-0.5210788604500733,-0.37976217386784894,-0.42008402520840293,-0.4097355387061661,-0.46885190548373656,-1.0492980763804363
-0.44807415664156375,1.3646586797198141,-0.7709995490756102,-0.4633640833451175,0.23122694407750302,-0.7660136157433054,1.010492431785809,0.06930981365974405,-1.2497181804651296,1.513599108080167,1.5945016225624369,0.539222451273143,0.706117397470918,0.31965825609369647,-0.21654569785255828,-0.1764916480346692,-0.282603993023614,-0.7787188090460221,-0.9571664769885428,1.0513149660756937,-0.1420960445125053,-0.23192034667290004,3.272203702884454,-0.34099716973523675,-0.24173208127588555,-0.2581988897471611,-0.20301416340319547,-0.5869734364739604,-0.32946173471593376,-0.3156839517433792,-0.26726124191242434,-0.20577968041807276,-0.6627822868937354,-0.49837186151879204,1.2220910332321786,-0.4114677687570971,-0.5210788604500733,-0.37976217386784894,-0.42008402520840293,-0.4097355387061661,2.1328696509578076,0.2561902307110002
-0.44807415664156375,-1.1205295290014339,1.2231438737692546,-1.1843434735409433,0.07267132528150075,1.3054598240132387,0.02895144246224647,0.8832793692223005,0.4932301777622668,1.513599108080167,1.5945016225624369,0.44410051940577494,0.24245617888536294,0.31965825609369647,-0.21654569785255828,-0.1764916480346692,3.53852041969004,0.7424834231922478,1.0447503376280172,-0.9511897312113419,-0.1420960445125053,-0.23192034667290004,-0.30560444605526793,-0.34099716973523675,-0.24173208127588555,3.8729833462074166,-0.20301416340319547,-0.5869734364739604,-0.32946173471593376,-0.3156839517433792,-0.26726124191242434,-0.20577968041807276,-0.6627822868937354,-0.49837186151879204,-0.8182696483380675,-0.4114677687570971,-0.5210788604500733,2.633226974174589,-0.42008402520840293,-0.4097355387061661,-0.46885190548373656,-1.0753787655230131
0.7274317315611725,0.20413242531070508,-1.7680712604980426,-0.3999865309759046,-0.5615511499025041,-0.7660136157433054,-1.5976021969882286,-0.8691012027782911,-0.9592267874272302,0.004715262018941286,-0.6271552100354432,0.44410051940577494,0.24245617888536294,0.31965825609369647,-0.21654569785255828,-0.1764916480346692,-0.282603993023614,-1.6156173604402446,1.0447503376280172,-0.9511897312113419,-0.1420960445125053,-0.23192034667290004,-0.30560444605526793,-0.34099716973523675,-0.24173208127588555,-0.2581988897471611,-0.20301416340319547,-0.5869734364739604,-0.32946173471593376,-0.3156839517433792,-0.26726124191242434,-0.20577968041807276,-0.6627822868937354,-0.49837186151879204,1.2220910332321786,-0.4114677687570971,-0.5210788604500733,-0.37976217386784894,-0.42008402520840293,2.4405986435975984,-0.46885190548373656,2.6773797682527127
-0.112215331440782,-1.1210845421951068,1.2231438737692546,-0.3815736275060727,0.23122694407750302,-0.7660136157433054,1.035030956518898,0.8098385070662804,-1.540209573503029,1.513599108080167,1.5945016225624369,0.2538566556710388,0.24245617888536294,0.31965825609369647,-0.21654569785255828,-0.1764916480346692,-0.282603993023614,0.9486321177764521,1.0447503376280172,-0.9511897312113419,-0.1420960445125053,-0.23192034667290004,-0.30560444605526793,-0.34099716973523675,-0.24173208127588555,-0.2581988897471611,-0.20301416340319547,1.7036546083024706,-0.32946173471593376,-0.3156839517433792,-0.26726124191242434,-0.20577968041807276,-0.6627822868937354,2.0065338298845607,-0.8182696483380675,-0.4114677687570971,-0.5210788604500733,-0.37976217386784894,-0.42008402520840293,2.4405986435975984,-0.46885190548373656,-0.9119481142832497
0.643467025260977,0.028362258285262145,-0.7709995490756102,-2.7037516119805227,0.23122694407750302,-0.7660136157433054,1.4854881605477472,2.7968218331763803,-0.37824400135143144,-1.001207302021876,-0.6271552100354432,0.15873472380367074,0.24245617888536294,0.31965825609369647,-0.21654569785255828,-0.1764916480346692,-0.282603993023614,-1.3540430650231958,1.0447503376280172,-0.9511897312113419,-0.1420960445125053,-0.23192034667290004,-0.30560444605526793,-0.34099716973523675,-0.24173208127588555,-0.2581988897471611,-0.20301416340319547,-0.5869734364739604,3.0352538538723257,-0.3156839517433792,-0.26726124191242434,-0.20577968041807276,1.508791076307582,-0.49837186151879204,-0.8182696483380675,-0.4114677687570971,1.919095315316124,-0.37976217386784894,-0.42008402520840293,-0.4097355387061661,-0.46885190548373656,-0.6560213941845966
0.22364349375999978,0.563019273455681,-1.103356786216421,0.6859934131488563,-0.2444399123105017,1.3054598240132387,1.3925923169153387,-1.2281454177632782,0.20273878472436738,1.0106378260597584,1.5945016225624369,0.15873472380367074,0.24245617888536294,0.31965825609369647,-0.21654569785255828,-0.1764916480346692,-0.282603993023614,-0.7679587629672269,-0.9571664769885428,1.0513149660756937,-0.1420960445125053,-0.23192034667290004,-0.30560444605526793,2.932575659723036,-0.24173208127588555,-0.2581988897471611,-0.20301416340319547,-0.5869734364739604,-0.32946173471593376,-0.3156839517433792,-0.26726124191242434,-0.20577968041807276,-0.6627822868937354,-0.49837186151879204,1.2220910332321786,2.430324015464581,-0.5210788604500733,-0.37976217386784894,-0.42008402520840293,-0.4097355387061661,-0.46885190548373656,1.2916824241669318
-0.3641094503413683,0.6765898168563426,0.5584293994876329,0.12392980308838702,0.3897825628735039,1.3054598240132387,-0.44954978983299027,-0.8854213943685177,-0.37824400135143144,1.513599108080167,1.5945016225624369,-0.031509139931065404,-0.22120503970019206,0.31965825609369647,-0.21654569785255828,-0.1764916480346692,-0.282603993023614,0.5096612927345154,1.0447503376280172,-0.9511897312113419,-0.1420960445125053,-0.23192034667290004,-0.30560444605526793,-0.34099716973523675,-0.24173208127588555,-0.2581988897471611,-0.20301416340319547,1.7036546083024706,-0.32946173471593376,-0.3156839517433792,-0.26726124191242434,-0.20577968041807276,1.508791076307582,-0.49837186151879204,-0.8182696483380675,-0.4114677687570971,1.919095315316124,-0.37976217386784894,-0.42008402520840293,-0.4097355387061661,-0.46885190548373656,-0.5481654159936818
-1.7075447511444954,-0.6659471898374527,1.2231438737692546,-0.6052468011823652,0.706893800465507,-0.7660136157433054,-0.9210400150616301,-0.5773777781029888,-1.2497181804651296,-0.4982460200014673,-0.6271552100354432,0.2538566556710388,0.706117397470918,0.31965825609369647,-0.21654569785255828,-0.1764916480346692,-0.282603993023614,0.8911935717291324,-0.9571664769885428,1.0513149660756937,-0.1420960445125053,-0.23192034667290004,-0.30560444605526793,-0.34099716973523675,-0.24173208127588555,-0.2581988897471611,-0.20301416340319547,-0.5869734364739604,-0.32946173471593376,3.1677251709421848,-0.26726124191242434,-0.20577968041807276,-0.6627822868937354,2.0065338298845607,-0.8182696483380675,-0.4114677687570971,1.919095315316124,-0.37976217386784894,-0.42008402520840293,-0.4097355387061661,-0.46885190548373656,-0.9574842696574679
-0.3641094503413683,1.0398068622291545,-1.7680712604980426,-0.5328656974470969,0.706893800465507,1.3054598240132387,0.8457337657207824,0.2977924959229178,-0.37824400135143144,-0.4982460200014673,-0.6271552100354432,0.539222451273143,0.706117397470918,0.31965825609369647,-0.21654569785255828,-0.1764916480346692,-0.282603993023614,-1.6497402997120365,1.0447503376280172,-0.9511897312113419,-0.1420960445125053,-0.23192034667290004,-0.30560444605526793,-0.34099716973523675,-0.24173208127588555,-0.2581988897471611,-0.20301416340319547,1.7036546083024706,-0.32946173471593376,-0.3156839517433792,-0.26726124191242434,-0.20577968041807276,-0.6627822868937354,2.0065338298845607,-0.8182696483380675,-0.4114677687570971,1.919095315316124,-0.37976217386784894,-0.42008402520840293,-0.4097355387061661,-0.46885190548373656,2.5691717740444178
-0.02825062514058655,1.167674491273617,-1.103356786216421,-0.21981004739238238,-0.08588429351450011,-0.7660136157433054,-0.33737367676744023,-0.9323419451904195,-0.9592267874272302,1.0106378260597584,1.5945016225624369,0.539222451273143,0.706117397470918,0.31965825609369647,4.617962905367348,-0.1764916480346692,-0.282603993023614,-1.0005661558118266,-0.9571664769885428,1.0513149660756937,-0.1420960445125053,-0.23192034667290004,-0.30560444605526793,-0.34099716973523675,-0.24173208127588555,-0.2581988897471611,-0.20301416340319547,1.7036546083024706,-0.32946173471593376,-0.3156839517433792,-0.26726124191242434,-0.20577968041807276,1.508791076307582,-0.49837186151879204,-0.8182696483380675,-0.4114677687570971,1.919095315316124,-0.37976217386784894,-0.42008402520840293,-0.4097355387061661,-0.46885190548373656,0.8491066093945695
-1.3716859259437137,1.7698759324739723,0.22607216234682218,0.061645637979500685,-1.9885517190665176,1.3054598240132387,0.8211952409876934,1.8400506011993407,-0.37824400135143144,-0.4982460200014673,-0.6271552100354432,0.44410051940577494,0.24245617888536294,0.31965825609369647,-0.21654569785255828,-0.1764916480346692,-0.282603993023614,0.20927568719597653,1.0447503376280172,-0.9511897312113419,-0.1420960445125053,-0.23192034667290004,-0.30560444605526793,-0.34099716973523675,-0.24173208127588555,-0.2581988897471611,-0.20301416340319547,-0.5869734364739604,3.0352538538723257,-0.3156839517433792,-0.26726124191242434,-0.20577968041807276,-0.6627822868937354,2.0065338298845607,-0.8182696483380675,-0.4114677687570971,-0.5210788604500733,-0.37976217386784894,-0.42008402520840293,-0.4097355387061661,2.1328696509578076,-0.3911584038074223
0.8113964378613678,0.33907252963712364,-0.1062850747939886,-3.5478510092987565,1.499671894445514,-0.7660136157433054,0.37249078872549335,-0.9955826876025479,-1.2497181804651296,1.513599108080167,1.5945016225624369,0.2538566556710388,0.24245617888536294,0.31965825609369647,-0.21654569785255828,-0.1764916480346692,-0.282603993023614,-1.0020225868040156,1.0447503376280172,-0.9511897312113419,-0.1420960445125053,-0.23192034667290004,-0.30560444605526793,-0.34099716973523675,-0.24173208127588555,-0.2581988897471611,-0.20301416340319547,1.7036546083024706,-0.32946173471593376,-0.3156839517433792,-0.26726124191242434,-0.20577968041807276,-0.6627822868937354,2.0065338298845607,-0.8182696483380675,-0.4114677687570971,-0.5210788604500733,-0.37976217386784894,-0.42008402520840293,-0.4097355387061661,2.1328696509578076,-1.278130247403874
-2.1273682826454725,-1.4825732006888703,-0.4386423119347994,-1.7837959138603974,-0.08588429351450011,-0.7660136157433054,-0.3163406555676496,0.6099161600860034,-0.9592267874272302,-1.5041685840422845,-0.6271552100354432,0.15873472380367074,0.24245617888536294,0.31965825609369647,-0.21654569785255828,-0.1764916480346692,-0.282603993023614,-0.8334101896281589,1.0447503376280172,-0.9511897312113419,-0.1420960445125053,4.3118252207961625,-0.30560444605526793,-0.34099716973523675,-0.24173208127588555,-0.2581988897471611,-0.20301416340319547,-0.5869734364739604,-0.32946173471593376,-0.3156839517433792,-0.26726124191242434,-0.20577968041807276,-0.6627822868937354,-0.49837186151879204,1.2220910332321786,-0.4114677687570971,-0.5210788604500733,-0.37976217386784894,-0.42008402520840293,-0.4097355387061661,2.1328696509578076,-0.5431520258123252
1.5670787945631268,0.4687697394064646,-1.103356786216421,0.13681816632626378,-0.40299553110650327,-0.7660136157433054,1.219069892017066,0.9852805666612174,1.0742129638380655,1.513599108080167,1.5945016225624369,0.539222451273143,0.706117397470918,0.31965825609369647,-0.21654569785255828,-0.1764916480346692,-0.282603993023614,-0.9089851864055567,-0.9571664769885428,1.0513149660756937,-0.1420960445125053,-0.23192034667290004,-0.30560444605526793,-0.34099716973523675,-0.24173208127588555,3.8729833462074166,-0.20301416340319547,-0.5869734364739604,-0.32946173471593376,-0.3156839517433792,-0.26726124191242434,-0.20577968041807276,-0.6627822868937354,-0.49837186151879204,1.2220910332321786,-0.4114677687570971,-0.5210788604500733,2.633226974174589,-0.42008402520840293,-0.4097355387061661,-0.46885190548373656,1.0233552506649746
1.1472552630621498,0.760166928106138,-0.7709995490756102,-1.262787364850041,-1.5128848626785127,1.3054598240132387,-0.30932964850105277,-0.6242983289248906,-0.9592267874272302,0.004715262018941286,-0.6271552100354432,-0.031509139931065404,-0.22120503970019206,0.31965825609369647,-0.21654569785255828,-0.1764916480346692,-0.282603993023614,-0.9840081167055714,1.0447503376280172,-0.9511897312113419,-0.1420960445125053,-0.23192034667290004,-0.30560444605526793,2.932575659723036,-0.24173208127588555,-0.2581988897471611,-0.20301416340319547,-0.5869734364739604,-0.32946173471593376,-0.3156839517433792,-0.26726124191242434,-0.20577968041807276,-0.6627822868937354,-0.49837186151879204,1.2220910332321786,-0.4114677687570971,-0.5210788604500733,-0.37976217386784894,-0.42008402520840293,-0.4097355387061661,2.1328696509578076,-0.06930846149299982
-0.6160035692419547,0.2386035037455859,0.8907866366284438,-1.356241980442364,-1.829996100270516,-0.7660136157433054,0.305886221592823,0.1876312026888876,-0.9592267874272302,-0.4982460200014673,-0.6271552100354432,0.44410051940577494,0.24245617888536294,0.31965825609369647,-0.21654569785255828,-0.1764916480346692,-0.282603993023614,0.4139492099551871,1.0447503376280172,-0.9511897312113419,-0.1420960445125053,-0.23192034667290004,-0.30560444605526793,-0.34099716973523675,-0.24173208127588555,-0.2581988897471611,-0.20301416340319547,-0.5869734364739604,-0.32946173471593376,3.1677251709421848,-0.26726124191242434,-0.20577968041807276,1.508791076307582,-0.49837186151879204,-0.8182696483380675,-0.4114677687570971,-0.5210788604500733,2.633226974174589,-0.42008402520840293,-0.4097355387061661,-0.46885190548373656,-1.0191913313829575
-0.7839329818423455,1.5274475036854591,-1.103356786216421,-0.858729588570371,-0.8786623874945072,1.3054598240132387,1.219069892017066,1.4748863143680182,1.0742129638380655,1.513599108080167,1.5945016225624369,0.539222451273143,0.706117397470918,0.31965825609369647,-0.21654569785255828,-0.1764916480346692,-0.282603993023614,-1.164638623168131,1.0447503376280172,-0.9511897312113419,-0.1420960445125053,-0.23192034667290004,-0.30560444605526793,-0.34099716973523675,-0.24173208127588555,-0.2581988897471611,-0.20301416340319547,-0.5869734364739604,-0.32946173471593376,3.1677251709421848,-0.26726124191242434,-0.20577968041807276,-0.6627822868937354,2.0065338298845607,-0.8182696483380675,-0.4114677687570971,1.919095315316124,-0.37976217386784894,-0.42008402520840293,-0.4097355387061661,-0.46885190548373656,0.536930349500541
0.055714081159608894,1.2909922217633398,0.8907866366284438,0.5180944402084916,1.499671894445514,1.3054598240132387,-1.5730636722551394,-0.6283783768224472,-1.2497181804651296,0.004715262018941286,-0.6271552100354432,-3.075410959686844,-3.003172351213522,-3.1283409107596607,-0.21654569785255828,-0.1764916480346692,-0.282603993023614,0.8952727278193856,-0.9571664769885428,1.0513149660756937,-0.1420960445125053,-0.23192034667290004,-0.30560444605526793,-0.34099716973523675,-0.24173208127588555,-0.2581988897471611,-0.20301416340319547,-0.5869734364739604,3.0352538538723257,-0.3156839517433792,-0.26726124191242434,-0.20577968041807276,1.508791076307582,-0.49837186151879204,-0.8182696483380675,-0.4114677687570971,1.919095315316124,-0.37976217386784894,-0.42008402520840293,-0.4097355387061661,-0.46885190548373656,-0.6029180223246816
-1.4556506322439091,-0.13326138117756714,-0.4386423119347994,-0.3350853890348731,-0.40299553110650327,1.3054598240132387,1.1612290837176418,-0.1918132517838831,1.364704356875965,0.5076765440393498,-0.6271552100354432,0.2538566556710388,0.24245617888536294,0.31965825609369647,-0.21654569785255828,-0.1764916480346692,-0.282603993023614,-0.46138602230510345,-0.9571664769885428,1.0513149660756937,-0.1420960445125053,-0.23192034667290004,-0.30560444605526793,2.932575659723036,-0.24173208127588555,-0.2581988897471611,-0.20301416340319547,-0.5869734364739604,-0.32946173471593376,-0.3156839517433792,-0.26726124191242434,-0.20577968041807276,1.508791076307582,-0.49837186151879204,-0.8182696483380675,-0.4114677687570971,-0.5210788604500733,-0.37976217386784894,2.3804761428476167,-0.4097355387061661,-0.46885190548373656,-0.0375517739566473
-2.1273682826454725,-0.817462189434964,-1.4357140233572319,-0.8162545938293909,0.07267132528150075,-0.7660136157433054,-1.4118105097234115,-0.41417586220072183,1.364704356875965,-0.4982460200014673,-0.6271552100354432,0.44410051940577494,0.24245617888536294,0.31965825609369647,-0.21654569785255828,-0.1764916480346692,-0.282603993023614,-1.4381224159947736,-0.9571664769885428,1.0513149660756937,-0.1420960445125053,-0.23192034667290004,3.272203702884454,-0.34099716973523675,-0.24173208127588555,-0.2581988897471611,-0.20301416340319547,-0.5869734364739604,-0.32946173471593376,-0.3156839517433792,-0.26726124191242434,-0.20577968041807276,-0.6627822868937354,-0.49837186151879204,1.2220910332321786,-0.4114677687570971,-0.5210788604500733,-0.37976217386784894,-0.42008402520840293,2.4405986435975984,-0.46885190548373656,1.225451760438792
-1.1197918070431274,-1.144737508859366,-0.1062850747939886,0.36625041538945713,1.499671894445514,1.3054598240132387,-0.28829662730126215,0.2875923761790261,-1.2497181804651296,1.0106378260597584,1.5945016225624369,0.539222451273143,0.706117397470918,0.31965825609369647,-0.21654569785255828,-0.1764916480346692,-0.282603993023614,0.0031059729632917947,-0.9571664769885428,1.0513149660756937,-0.1420960445125053,-0.23192034667290004,-0.30560444605526793,-0.34099716973523675,-0.24173208127588555,-0.2581988897471611,-0.20301416340319547,-0.5869734364739604,-0.32946173471593376,-0.3156839517433792,3.741657386773941,-0.20577968041807276,-0.6627822868937354,-0.49837186151879204,-0.8182696483380675,-0.4114677687570971,-0.5210788604500733,2.633226974174589,-0.42008402520840293,-0.4097355387061661,-0.46885190548373656,-0.08286086599609029
1.6510435008633224,0.3056794855391609,0.22607216234682218,1.5327929140256864,0.5483381816695062,1.3054598240132387,-1.119100964692992,-0.7854602208783792,-0.08775260831353203,0.004715262018941286,-0.6271552100354432,0.539222451273143,0.706117397470918,0.31965825609369647,-0.21654569785255828,-0.1764916480346692,-0.282603993023614,0.5870615395121794,1.0447503376280172,-0.9511897312113419,-0.1420960445125053,-0.23192034667290004,-0.30560444605526793,2.932575659723036,-0.24173208127588555,-0.2581988897471611,-0.20301416340319547,-0.5869734364739604,-0.32946173471593376,-0.3156839517433792,-0.26726124191242434,-0.20577968041807276,-0.6627822868937354,2.0065338298845607,-0.8182696483380675,2.430324015464581,-0.5210788604500733,-0.37976217386784894,-0.42008402520840293,-0.4097355387061661,-0.46885190548373656,0.008176571352051874
0.22364349375999978,1.7899473330309645,-0.1062850747939886,0.21623183585747488,-2.1471073378625185,-0.7660136157433054,1.5678674935802606,1.49732657780458,-0.9592267874272302,0.004715262018941286,-0.6271552100354432,0.44410051940577494,0.24245617888536294,0.31965825609369647,-0.21654569785255828,-0.1764916480346692,-0.282603993023614,-0.035418312031528155,-0.9571664769885428,1.0513149660756937,-0.1420960445125053,4.3118252207961625,-0.30560444605526793,-0.34099716973523675,-0.24173208127588555,-0.2581988897471611,-0.20301416340319547,-0.5869734364739604,-0.32946173471593376,-0.3156839517433792,-0.26726124191242434,-0.20577968041807276,-0.6627822868937354,-0.49837186151879204,1.2220910332321786,-0.4114677687570971,-0.5210788604500733,2.633226974174589,-0.42008402520840293,-0.4097355387061661,-0.46885190548373656,-0.12867281497264252
-2.0434035763452774,-0.38097833537334647,-0.7709995490756102,-0.9221564322972058,0.706893800465507,-0.7660136157433054,-0.8176276608293263,-0.8935814901636311,1.6551957499138643,1.513599108080167,1.5945016225624369,0.15873472380367074,0.24245617888536294,0.31965825609369647,-0.21654569785255828,-0.1764916480346692,-0.282603993023614,-0.8965351972534906,-0.9571664769885428,1.0513149660756937,-0.1420960445125053,-0.23192034667290004,-0.30560444605526793,-0.34099716973523675,-0.24173208127588555,-0.2581988897471611,-0.20301416340319547,-0.5869734364739604,-0.32946173471593376,-0.3156839517433792,-0.26726124191242434,4.859566299103718,-0.6627822868937354,-0.49837186151879204,1.2220910332321786,-0.4114677687570971,-0.5210788604500733,-0.37976217386784894,-0.42008402520840293,-0.4097355387061661,2.1328696509578076,0.0693851763273218
-0.6999682755421501,1.7899473330309645,-2.100428497638853,-2.8745396517057484,-0.08588429351450011,-0.7660136157433054,-0.8491771926290121,-0.3223747845056967,-1.540209573503029,0.004715262018941286,-0.6271552100354432,0.44410051940577494,0.24245617888536294,0.31965825609369647,-0.21654569785255828,-0.1764916480346692,-0.282603993023614,-2.5354658153166283,1.0447503376280172,-0.9511897312113419,-0.1420960445125053,-0.23192034667290004,3.272203702884454,-0.34099716973523675,-0.24173208127588555,-0.2581988897471611,-0.20301416340319547,-0.5869734364739604,-0.32946173471593376,-0.3156839517433792,-0.26726124191242434,-0.20577968041807276,-0.6627822868937354,-0.49837186151879204,-0.8182696483380675,-0.4114677687570971,-0.5210788604500733,-0.37976217386784894,-0.42008402520840293,2.4405986435975984,-0.46885190548373656,2.0500957617362343
-1.3716859259437137,1.1050990954479742,-1.103356786216421,-0.753267862144887,-0.8786623874945072,-0.7660136157433054,-1.0682711634601645,-0.7507798137491475,-0.37824400135143144,-0.4982460200014673,-0.6271552100354432,0.44410051940577494,0.24245617888536294,0.31965825609369647,-0.21654569785255828,-0.1764916480346692,-0.282603993023614,-1.1375563936367221,-0.9571664769885428,1.0513149660756937,-0.1420960445125053,-0.23192034667290004,-0.30560444605526793,2.932575659723036,-0.24173208127588555,-0.2581988897471611,-0.20301416340319547,-0.5869734364739604,-0.32946173471593376,-0.3156839517433792,-0.26726124191242434,-0.20577968041807276,1.508791076307582,-0.49837186151879204,-0.8182696483380675,-0.4114677687570971,1.919095315316124,-0.37976217386784894,-0.42008402520840293,-0.4097355387061661,-0.46885190548373656,0.5884589774350922
-0.02825062514058655,-1.1595136733857014,0.22607216234682218,0.7300838971950602,1.182560656853511,1.3054598240132387,0.02895144246224647,-0.13469258121808966,0.4932301777622668,1.513599108080167,1.5945016225624369,0.15873472380367074,0.24245617888536294,0.31965825609369647,4.617962905367348,-0.1764916480346692,-0.282603993023614,0.380928465670469,1.0447503376280172,-0.9511897312113419,-0.1420960445125053,-0.23192034667290004,-0.30560444605526793,-0.34099716973523675,-0.24173208127588555,-0.2581988897471611,-0.20301416340319547,-0.5869734364739604,3.0352538538723257,-0.3156839517433792,-0.26726124191242434,-0.20577968041807276,-0.6627822868937354,-0.49837186151879204,1.2220910332321786,-0.4114677687570971,-0.5210788604500733,-0.37976217386784894,-0.42008402520840293,-0.4097355387061661,-0.46885190548373656,-0.20971445187564594
-0.02825062514058655,0.4417683373364453,0.5584293994876329,0.5486089580663054,-1.829996100270516,1.3054598240132387,-0.22870306723518868,-0.6956991671321323,-1.540209573503029,1.513599108080167,1.5945016225624369,-0.031509139931065404,-0.22120503970019206,0.31965825609369647,4.617962905367348,-0.1764916480346692,-0.282603993023614,0.6187175232945489,1.0447503376280172,-0.9511897312113419,-0.1420960445125053,-0.23192034667290004,-0.30560444605526793,-0.34099716973523675,-0.24173208127588555,-0.2581988897471611,-0.20301416340319547,-0.5869734364739604,-0.32946173471593376,3.1677251709421848,-0.26726124191242434,-0.20577968041807276,1.508791076307582,-0.49837186151879204,-0.8182696483380675,-0.4114677687570971,1.919095315316124,-0.37976217386784894,-0.42008402520840293,-0.4097355387061661,-0.46885190548373656,-0.44441624124506474
-0.867897688142541,1.1997239173779342,0.8907866366284438,0.24408392931932132,-1.0372180062905088,-0.7660136157433054,-1.2873651342913168,-1.013942903141553,0.7837215708001662,-1.001207302021876,-0.6271552100354432,0.539222451273143,0.706117397470918,0.31965825609369647,-0.21654569785255828,-0.1764916480346692,-0.282603993023614,0.8249077167254097,1.0447503376280172,-0.9511897312113419,-0.1420960445125053,-0.23192034667290004,-0.30560444605526793,-0.34099716973523675,-0.24173208127588555,-0.2581988897471611,-0.20301416340319547,1.7036546083024706,-0.32946173471593376,-0.3156839517433792,-0.26726124191242434,-0.20577968041807276,-0.6627822868937354,-0.49837186151879204,-0.8182696483380675,-0.4114677687570971,-0.5210788604500733,-0.37976217386784894,-0.42008402520840293,2.4405986435975984,-0.46885190548373656,-0.6637732993325176
1.1472552630621498,-0.5012634550068693,1.5555011109100654,1.5327929140256864,0.706893800465507,-0.7660136157433054,-0.3899562297669168,0.3855135257203863,-0.6687353943893308,-1.5041685840422845,-0.6271552100354432,0.2538566556710388,0.24245617888536294,0.31965825609369647,-0.21654569785255828,-0.1764916480346692,-0.282603993023614,1.7246264747495879,-0.9571664769885428,1.0513149660756937,-0.1420960445125053,-0.23192034667290004,-0.30560444605526793,-0.34099716973523675,-0.24173208127588555,-0.2581988897471611,-0.20301416340319547,-0.5869734364739604,-0.32946173471593376,3.1677251709421848,-0.26726124191242434,-0.20577968041807276,-0.6627822868937354,2.0065338298845607,-0.8182696483380675,-0.4114677687570971,-0.5210788604500733,-0.37976217386784894,-0.42008402520840293,-0.4097355387061661,2.1328696509578076,-0.6446127813418734
-0.112215331440782,-1.081461628182319,-2.100428497638853,-3.341574068421099,-0.2444399123105017,1.3054598240132387,-0.7282373207302161,-0.7834201969296009,1.0742129638380655,0.5076765440393498,-0.6271552100354432,-3.075410959686844,-3.003172351213522,-3.1283409107596607,-0.21654569785255828,-0.1764916480346692,-0.282603993023614,-2.6553987398121297,-0.9571664769885428,1.0513149660756937,-0.1420960445125053,-0.23192034667290004,3.272203702884454,-0.34099716973523675,-0.24173208127588555,-0.2581988897471611,-0.20301416340319547,-0.5869734364739604,-0.32946173471593376,-0.3156839517433792,-0.26726124191242434,-0.20577968041807276,1.508791076307582,-0.49837186151879204,-0.8182696483380675,-0.4114677687570971,-0.5210788604500733,-0.37976217386784894,-0.42008402520840293,-0.4097355387061661,2.1328696509578076,1.479612907262968
-0.6999682755421501,-0.26639813788186,2.5525728223324977,0.6025756881080402,-1.5128848626785127,1.3054598240132387,-0.41975300979995356,-1.1526645316584798,-0.37824400135143144,0.004715262018941286,-0.6271552100354432,0.44410051940577494,0.24245617888536294,0.31965825609369647,-0.21654569785255828,-0.1764916480346692,-0.282603993023614,2.3389234075124525,-0.9571664769885428,1.0513149660756937,-0.1420960445125053,-0.23192034667290004,-0.30560444605526793,2.932575659723036,-0.24173208127588555,-0.2581988897471611,-0.20301416340319547,-0.5869734364739604,-0.32946173471593376,-0.3156839517433792,-0.26726124191242434,-0.20577968041807276,-0.6627822868937354,2.0065338298845607,-0.8182696483380675,-0.4114677687570971,1.919095315316124,-0.37976217386784894,-0.42008402520840293,-0.4097355387061661,-0.46885190548373656,-1.0620409104816277
-0.112215331440782,-1.0505894797445559,0.8907866366284438,-0.5397211228968641,0.706893800465507,-0.7660136157433054,-0.6125557041313676,0.3283928551545929,0.4932301777622668,-1.001207302021876,-0.6271552100354432,0.2538566556710388,0.706117397470918,0.31965825609369647,-0.21654569785255828,-0.1764916480346692,-0.282603993023614,0.6236291197265725,-0.9571664769885428,1.0513149660756937,-0.1420960445125053,-0.23192034667290004,-0.30560444605526793,-0.34099716973523675,4.1368112776835515,-0.2581988897471611,-0.20301416340319547,-0.5869734364739604,-0.32946173471593376,-0.3156839517433792,-0.26726124191242434,-0.20577968041807276,1.508791076307582,-0.49837186151879204,-0.8182696483380675,-0.4114677687570971,-0.5210788604500733,-0.37976217386784894,-0.42008402520840293,-0.4097355387061661,2.1328696509578076,-0.8378493718816109
-0.3641094503413683,1.1926478178308795,0.8907866366284438,0.7127057619113218,0.8654494192615079,-0.7660136157433054,-1.073529418760112,-0.28973440132524325,-0.37824400135143144,1.0106378260597584,1.5945016225624369,0.15873472380367074,0.24245617888536294,0.31965825609369647,-0.21654569785255828,-0.1764916480346692,-0.282603993023614,0.9452482844730212,-0.9571664769885428,1.0513149660756937,-0.1420960445125053,-0.23192034667290004,3.272203702884454,-0.34099716973523675,-0.24173208127588555,-0.2581988897471611,-0.20301416340319547,-0.5869734364739604,-0.32946173471593376,-0.3156839517433792,-0.26726124191242434,-0.20577968041807276,-0.6627822868937354,-0.49837186151879204,1.2220910332321786,-0.4114677687570971,1.919095315316124,-0.37976217386784894,-0.42008402520840293,-0.4097355387061661,-0.46885190548373656,-0.5596965931442621
-1.4556506322439091,-2.229437532116945,-1.103356786216421,-0.08409757212703377,-0.5615511499025041,-0.7660136157433054,0.1989683638272207,0.5915559445469983,-0.37824400135143144,-1.5041685840422845,-0.6271552100354432,0.2538566556710388,0.706117397470918,0.31965825609369647,-0.21654569785255828,-0.1764916480346692,-0.282603993023614,-0.9657156320248037,1.0447503376280172,-0.9511897312113419,-0.1420960445125053,-0.23192034667290004,-0.30560444605526793,-0.34099716973523675,-0.24173208127588555,-0.2581988897471611,-0.20301416340319547,-0.5869734364739604,-0.32946173471593376,3.1677251709421848,-0.26726124191242434,-0.20577968041807276,-0.6627822868937354,-0.49837186151879204,-0.8182696483380675,-0.4114677687570971,1.919095315316124,-0.37976217386784894,-0.42008402520840293,-0.4097355387061661,-0.46885190548373656,0.9154157613594412
-1.0358271007429318,0.12801235243281875,-0.1062850747939886,1.1761887462681364,-0.5615511499025041,-0.7660136157433054,-1.024452369293934,-0.004131048496276086,-0.6687353943893308,1.0106378260597584,1.5945016225624369,0.539222451273143,0.706117397470918,0.31965825609369647,-0.21654569785255828,-0.1764916480346692,-0.282603993023614,0.21109551122143055,1.0447503376280172,-0.9511897312113419,-0.1420960445125053,-0.23192034667290004,-0.30560444605526793,-0.34099716973523675,-0.24173208127588555,-0.2581988897471611,-0.20301416340319547,1.7036546083024706,-0.32946173471593376,-0.3156839517433792,-0.26726124191242434,-0.20577968041807276,-0.6627822868937354,2.0065338298845607,-0.8182696483380675,-0.4114677687570971,-0.5210788604500733,-0.37976217386784894,2.3804761428476167,-0.4097355387061661,-0.46885190548373656,0.1644741881293729
0.13967878745980433,0.7762345578893336,-1.103356786216421,-0.8582338974871121,-0.08588429351450011,1.3054598240132387,1.667774344279266,-0.5161770596396387,-1.540209573503029,-0.4982460200014673,-0.6271552100354432,-3.075410959686844,-3.003172351213522,-3.1283409107596607,-0.21654569785255828,-0.1764916480346692,-0.282603993023614,-1.1645113313045465,1.0447503376280172,-0.9511897312113419,-0.1420960445125053,-0.23192034667290004,-0.30560444605526793,-0.34099716973523675,-0.24173208127588555,-0.2581988897471611,-0.20301416340319547,-0.5869734364739604,-0.32946173471593376,-0.3156839517433792,-0.26726124191242434,4.859566299103718,1.508791076307582,-0.49837186151879204,-0.8182696483380675,-0.4114677687570971,-0.5210788604500733,-0.37976217386784894,-0.42008402520840293,-0.4097355387061661,2.1328696509578076,0.5371725442973213
-1.3716859259437137,-0.9351960356537093,0.22607216234682218,0.8166241538286642,-1.5128848626785127,-0.7660136157433054,0.8317117515875887,0.20599141822789263,-0.37824400135143144,0.004715262018941286,-0.6271552100354432,-3.075410959686844,-3.003172351213522,-3.1283409107596607,-0.21654569785255828,-0.1764916480346692,-0.282603993023614,0.403151723086175,1.0447503376280172,-0.9511897312113419,-0.1420960445125053,-0.23192034667290004,-0.30560444605526793,-0.34099716973523675,-0.24173208127588555,-0.2581988897471611,-0.20301416340319547,-0.5869734364739604,-0.32946173471593376,-0.3156839517433792,-0.26726124191242434,-0.20577968041807276,1.508791076307582,-0.49837186151879204,-0.8182696483380675,-0.4114677687570971,-0.5210788604500733,-0.37976217386784894,2.3804761428476167,-0.4097355387061661,-0.46885190548373656,-0.18622356704326312
-0.02825062514058655,-0.734058556621741,-1.4357140233572319,0.476467340454014,-1.0372180062905088,1.3054598240132387,-0.9911500857275989,-0.136732605166868,-0.9592267874272302,-1.5041685840422845,-0.6271552100354432,-0.031509139931065404,-0.22120503970019206,0.31965825609369647,-0.21654569785255828,-0.1764916480346692,-0.282603993023614,-1.1061556131443882,-0.9571664769885428,1.0513149660756937,-0.1420960445125053,-0.23192034667290004,-0.30560444605526793,-0.34099716973523675,4.1368112776835515,-0.2581988897471611,-0.20301416340319547,-0.5869734364739604,-0.32946173471593376,-0.3156839517433792,-0.26726124191242434,-0.20577968041807276,1.508791076307582,-0.49837186151879204,-0.8182696483380675,-0.4114677687570971,1.919095315316124,-0.37976217386784894,-0.42008402520840293,-0.4097355387061661,-0.46885190548373656,2.014982116998871
-0.7839329818423455,1.5411958459354216,0.5584293994876329,1.5327929140256864,1.499671894445514,-0.7660136157433054,-1.3259256731575997,-1.0527033581683414,1.0742129638380655,-0.4982460200014673,-0.6271552100354432,0.539222451273143,0.706117397470918,0.31965825609369647,-0.21654569785255828,-0.1764916480346692,-0.282603993023614,0.8714527733215315,-0.9571664769885428,1.0513149660756937,-0.1420960445125053,-0.23192034667290004,-0.30560444605526793,-0.34099716973523675,-0.24173208127588555,-0.2581988897471611,-0.20301416340319547,-0.5869734364739604,-0.32946173471593376,3.1677251709421848,-0.26726124191242434,-0.20577968041807276,1.508791076307582,-0.49837186151879204,-0.8182696483380675,-0.4114677687570971,-0.5210788604500733,-0.37976217386784894,-0.42008402520840293,2.4405986435975984,-0.46885190548373656,-0.20397996827347392
0.4755376126605861,-0.9849661207335805,-1.4357140233572319,0.03873418540826237,1.499671894445514,-0.7660136157433054,1.3645482886489513,0.24067182535712436,0.20273878472436738,-1.5041685840422845,-0.6271552100354432,0.2538566556710388,0.24245617888536294,0.31965825609369647,-0.21654569785255828,-0.1764916480346692,-0.282603993023614,-1.2185640686121924,1.0447503376280172,-0.9511897312113419,-0.1420960445125053,-0.23192034667290004,-0.30560444605526793,2.932575659723036,-0.24173208127588555,-0.2581988897471611,-0.20301416340319547,-0.5869734364739604,-0.32946173471593376,-0.3156839517433792,-0.26726124191242434,-0.20577968041807276,-0.6627822868937354,-0.49837186151879204,1.2220910332321786,2.430324015464581,-0.5210788604500733,-0.37976217386784894,-0.42008402520840293,-0.4097355387061661,-0.46885190548373656,1.7476364451912527
0.22364349375999978,0.5064803308216721,-0.4386423119347994,-0.8286499829263089,0.07267132528150075,-0.7660136157433054,0.3654797816588965,0.2590320408961294,-1.2497181804651296,0.004715262018941286,-0.6271552100354432,0.15873472380367074,0.24245617888536294,0.31965825609369647,-0.21654569785255828,-0.1764916480346692,3.53852041969004,-0.5881318103117983,-0.9571664769885428,-0.9511897312113419,-0.1420960445125053,-0.23192034667290004,-0.30560444605526793,-0.34099716973523675,-0.24173208127588555,-0.2581988897471611,-0.20301416340319547,-0.5869734364739604,-0.32946173471593376,-0.3156839517433792,-0.26726124191242434,4.859566299103718,-0.6627822868937354,-0.49837186151879204,1.2220910332321786,-0.4114677687570971,1.919095315316124,-0.37976217386784894,-0.42008402520840293,-0.4097355387061661,-0.46885190548373656,-0.2098059121728445
-0.9518623944427365,0.20915428323232782,1.2231438737692546,0.7707228571800856,1.499671894445514,-0.7660136157433054,-0.7177208101303207,0.014229167042728948,1.0742129638380655,1.0106378260597584,1.5945016225624369,0.2538566556710388,0.24245617888536294,0.31965825609369647,-0.21654569785255828,-0.1764916480346692,-0.282603993023614,1.2445381203067234,-0.9571664769885428,1.0513149660756937,-0.1420960445125053,-0.23192034667290004,-0.30560444605526793,2.932575659723036,-0.24173208127588555,-0.2581988897471611,-0.20301416340319547,-0.5869734364739604,-0.32946173471593376,-0.3156839517433792,-0.26726124191242434,-0.20577968041807276,-0.6627822868937354,-0.49837186151879204,-0.8182696483380675,-0.4114677687570971,1.919095315316124,-0.37976217386784894,-0.42008402520840293,-0.4097355387061661,-0.46885190548373656,-0.6773596256351985
-0.19618003774097745,0.8973702785876617,0.5584293994876329,-0.8189617287030029,-1.5128848626785127,-0.7660136157433054,-0.3040713932011051,-0.8119805322124976,-1.2497181804651296,-1.5041685840422845,-0.6271552100354432,0.44410051940577494,0.24245617888536294,0.31965825609369647,-0.21654569785255828,-0.1764916480346692,-0.282603993023614,0.2675298033999581,-0.9571664769885428,1.0513149660756937,-0.1420960445125053,-0.23192034667290004,-0.30560444605526793,-0.34099716973523675,-0.24173208127588555,-0.2581988897471611,-0.20301416340319547,-0.5869734364739604,3.0352538538723257,-0.3156839517433792,-0.26726124191242434,-0.20577968041807276,-0.6627822868937354,-0.49837186151879204,-0.8182696483380675,-0.4114677687570971,1.919095315316124,-0.37976217386784894,-0.42008402520840293,-0.4097355387061661,-0.46885190548373656,-0.7785139441805736
0.9793258504617588,-0.15575904738695076,-1.4357140233572319,0.3620322588897538,-0.7201067686985057,-0.7660136157433054,0.11133077549475975,-0.5794178020517672,0.20273878472436738,-1.001207302021876,-0.6271552100354432,0.2538566556710388,0.24245617888536294,0.31965825609369647,-0.21654569785255828,-0.1764916480346692,-0.282603993023614,-1.1355421711916671,1.0447503376280172,-0.9511897312113419,-0.1420960445125053,-0.23192034667290004,-0.30560444605526793,-0.34099716973523675,-0.24173208127588555,-0.2581988897471611,-0.20301416340319547,-0.5869734364739604,3.0352538538723257,-0.3156839517433792,-0.26726124191242434,-0.20577968041807276,-0.6627822868937354,2.0065338298845607,-0.8182696483380675,-0.4114677687570971,-0.5210788604500733,-0.37976217386784894,-0.42008402520840293,2.4405986435975984,-0.46885190548373656,1.9450908524087829
0.4755376126605861,-0.7170295633182403,0.5584293994876329,0.37336288315918964,0.5483381816695062,-0.7660136157433054,-1.7430805936201137,-1.1037039568877998,-0.37824400135143144,-0.4982460200014673,-0.6271552100354432,0.2538566556710388,0.24245617888536294,0.31965825609369647,-0.21654569785255828,-0.1764916480346692,-0.282603993023614,0.573714899252865,-0.9571664769885428,1.0513149660756937,-0.1420960445125053,-0.23192034667290004,-0.30560444605526793,2.932575659723036,-0.24173208127588555,-0.2581988897471611,-0.20301416340319547,-0.5869734364739604,-0.32946173471593376,-0.3156839517433792,-0.26726124191242434,-0.20577968041807276,-0.6627822868937354,-0.49837186151879204,1.2220910332321786,-0.4114677687570971,1.919095315316124,-0.37976217386784894,-0.42008402520840293,-0.4097355387061661,-0.46885190548373656,-0.4872288809435991
-0.5320388629417592,0.7262304540137526,-0.7709995490756102,-0.2509669632470838,1.499671894445514,-0.7660136157433054,1.3978505722152863,-0.34889509583981504,0.20273878472436738,-0.4982460200014673,-0.6271552100354432,0.15873472380367074,0.24245617888536294,0.31965825609369647,-0.21654569785255828,-0.1764916480346692,-0.282603993023614,-0.7241759170104982,-0.9571664769885428,1.0513149660756937,-0.1420960445125053,-0.23192034667290004,-0.30560444605526793,-0.34099716973523675,-0.24173208127588555,-0.2581988897471611,-0.20301416340319547,-0.5869734364739604,-0.32946173471593376,-0.3156839517433792,-0.26726124191242434,4.859566299103718,-0.6627822868937354,-0.49837186151879204,-0.8182696483380675,-0.4114677687570971,-0.5210788604500733,2.633226974174589,-0.42008402520840293,-0.4097355387061661,-0.46885190548373656,0.34267130578009064
1.3151846756625405,-0.3317342069865441,1.5555011109100654,1.2201182648941158,1.3411162756495132,-0.7660136157433054,-1.0595074046269184,-1.1771448190438198,-0.37824400135143144,0.5076765440393498,-0.6271552100354432,-3.075410959686844,-3.003172351213522,-3.1283409107596607,-0.21654569785255828,-0.1764916480346692,-0.282603993023614,1.6443326382702743,1.0447503376280172,-0.9511897312113419,-0.1420960445125053,-0.23192034667290004,-0.30560444605526793,2.932575659723036,-0.24173208127588555,-0.2581988897471611,-0.20301416340319547,-0.5869734364739604,-0.32946173471593376,-0.3156839517433792,-0.26726124191242434,-0.20577968041807276,1.508791076307582,-0.49837186151879204,-0.8182696483380675,-0.4114677687570971,1.919095315316124,-0.37976217386784894,-0.42008402520840293,-0.4097355387061661,-0.46885190548373656,-0.7033715958709276
-0.02825062514058655,0.09928783409619597,-0.7709995490756102,-1.283813750010225,0.23122694407750302,-0.7660136157433054,-1.6081187075881238,-1.1649046753511498,-0.9592267874272302,-0.4982460200014673,-0.6271552100354432,-0.031509139931065404,-0.22120503970019206,0.31965825609369647,4.617962905367348,-0.1764916480346692,-0.282603993023614,-0.9894076242655606,-0.9571664769885428,1.0513149660756937,-0.1420960445125053,-0.23192034667290004,-0.30560444605526793,-0.34099716973523675,-0.24173208127588555,-0.2581988897471611,-0.20301416340319547,1.7036546083024706,-0.32946173471593376,-0.3156839517433792,-0.26726124191242434,-0.20577968041807276,-0.6627822868937354,-0.49837186151879204,1.2220910332321786,2.430324015464581,-0.5210788604500733,-0.37976217386784894,-0.42008402520840293,-0.4097355387061661,-0.46885190548373656,-0.07786970936976091
-0.6999682755421501,0.6225854043413298,-0.7709995490756102,-0.6338094369077489,0.07267132528150075,-0.7660136157433054,-0.06920265647010979,0.56503563321288,1.0742129638380655,1.513599108080167,1.5945016225624369,0.44410051940577494,0.24245617888536294,0.31965825609369647,-0.21654569785255828,-0.1764916480346692,3.53852041969004,-0.8224886234061811,-0.9571664769885428,1.0513149660756937,-0.1420960445125053,4.3118252207961625,-0.30560444605526793,-0.34099716973523675,-0.24173208127588555,-0.2581988897471611,-0.20301416340319547,-0.5869734364739604,-0.32946173471593376,-0.3156839517433792,-0.26726124191242434,-0.20577968041807276,1.508791076307582,-0.49837186151879204,-0.8182696483380675,2.430324015464581,-0.5210788604500733,-0.37976217386784894,-0.42008402520840293,-0.4097355387061661,-0.46885190548373656,0.1867905259983182
-0.44807415664156375,-0.2770476855627681,-0.7709995490756102,0.7986578143846393,-0.7201067686985057,-0.7660136157433054,0.16741883202753474,0.5242351542373133,-0.08775260831353203,0.5076765440393498,-0.6271552100354432,-3.075410959686844,-3.003172351213522,-3.1283409107596607,-0.21654569785255828,-0.1764916480346692,-0.282603993023614,-0.454635676079952,-0.9571664769885428,1.0513149660756937,-0.1420960445125053,-0.23192034667290004,3.272203702884454,-0.34099716973523675,-0.24173208127588555,-0.2581988897471611,-0.20301416340319547,-0.5869734364739604,-0.32946173471593376,-0.3156839517433792,-0.26726124191242434,-0.20577968041807276,-0.6627822868937354,2.0065338298845607,-0.8182696483380675,-0.4114677687570971,-0.5210788604500733,-0.37976217386784894,2.3804761428476167,-0.4097355387061661,-0.46885190548373656,0.7700437633108216
-0.112215331440782,0.14551818146414433,0.8907866366284438,1.5327929140256864,-3.7326635258225327,-0.7660136157433054,0.41455683112507463,0.2998325198716961,-1.540209573503029,0.004715262018941286,-0.6271552100354432,0.2538566556710388,0.24245617888536294,0.31965825609369647,-0.21654569785255828,-0.1764916480346692,-0.282603993023614,1.1558440071308835,-0.9571664769885428,1.0513149660756937,-0.1420960445125053,-0.23192034667290004,-0.30560444605526793,-0.34099716973523675,-0.24173208127588555,-0.2581988897471611,-0.20301416340319547,-0.5869734364739604,3.0352538538723257,-0.3156839517433792,-0.26726124191242434,-0.20577968041807276,-0.6627822868937354,2.0065338298845607,-0.8182696483380675,-0.4114677687570971,-0.5210788604500733,-0.37976217386784894,-0.42008402520840293,2.4405986435975984,-0.46885190548373656,-0.3775625916034494
-0.02825062514058655,0.1584803320969382,0.5584293994876329,0.25474738348938875,0.23122694407750302,1.3054598240132387,1.315471239182773,1.9665320860235975,0.4932301777622668,-1.5041685840422845,-0.6271552100354432,0.44410051940577494,0.24245617888536294,0.31965825609369647,-0.21654569785255828,-0.1764916480346692,-0.282603993023614,0.543254823385341,-0.9571664769885428,1.0513149660756937,-0.1420960445125053,-0.23192034667290004,-0.30560444605526793,2.932575659723036,-0.24173208127588555,-0.2581988897471611,-0.20301416340319547,-0.5869734364739604,-0.32946173471593376,-0.3156839517433792,-0.26726124191242434,-0.20577968041807276,-0.6627822868937354,-0.49837186151879204,1.2220910332321786,2.430324015464581,-0.5210788604500733,-0.37976217386784894,-0.42008402520840293,-0.4097355387061661,-0.46885190548373656,-0.5162066634857553
-0.3641094503413683,-1.2009018925661024,0.8907866366284438,0.2702692912167721,0.8654494192615079,1.3054598240132387,1.4504331252147629,0.8771592973759655,-0.08775260831353203,-1.5041685840422845,-0.6271552100354432,0.2538566556710388,0.24245617888536294,0.31965825609369647,-0.21654569785255828,-0.1764916480346692,-0.282603993023614,0.8316320327906392,1.0447503376280172,-0.9511897312113419,-0.1420960445125053,-0.23192034667290004,-0.30560444605526793,-0.34099716973523675,-0.24173208127588555,-0.2581988897471611,-0.20301416340319547,-0.5869734364739604,3.0352538538723257,-0.3156839517433792,-0.26726124191242434,-0.20577968041807276,-0.6627822868937354,-0.49837186151879204,1.2220910332321786,-0.4114677687570971,-0.5210788604500733,-0.37976217386784894,-0.42008402520840293,-0.4097355387061661,2.1328696509578076,-0.6579577652982617
-1.7915094574446908,-0.7600956063085106,-1.103356786216421,-1.4792443427483328,0.23122694407750302,-0.7660136157433054,0.021940435395649594,-0.02249126403528112,0.4932301777622668,0.004715262018941286,-0.6271552100354432,0.539222451273143,0.706117397470918,0.31965825609369647,-0.21654569785255828,-0.1764916480346692,-0.282603993023614,-1.3239848008750468,-0.9571664769885428,1.0513149660756937,-0.1420960445125053,-0.23192034667290004,-0.30560444605526793,-0.34099716973523675,-0.24173208127588555,-0.2581988897471611,-0.20301416340319547,-0.5869734364739604,3.0352538538723257,-0.3156839517433792,-0.26726124191242434,-0.20577968041807276,1.508791076307582,-0.49837186151879204,-0.8182696483380675,-0.4114677687570971,1.919095315316124,-0.37976217386784894,-0.42008402520840293,-0.4097355387061661,-0.46885190548373656,0.23374667349152128
1.5670787945631268,-1.3289877002469193,-0.1062850747939886,-1.1959353138312694,-0.2444399123105017,1.3054598240132387,0.4811613982577449,0.2998325198716961,1.6551957499138643,-1.5041685840422845,-0.6271552100354432,0.15873472380367074,0.24245617888536294,0.31965825609369647,-0.21654569785255828,-0.1764916480346692,-0.282603993023614,-0.39805825906111136,1.0447503376280172,-0.9511897312113419,-0.1420960445125053,-0.23192034667290004,-0.30560444605526793,-0.34099716973523675,-0.24173208127588555,-0.2581988897471611,-0.20301416340319547,-0.5869734364739604,-0.32946173471593376,-0.3156839517433792,-0.26726124191242434,-0.20577968041807276,-0.6627822868937354,-0.49837186151879204,1.2220910332321786,-0.4114677687570971,-0.5210788604500733,-0.37976217386784894,-0.42008402520840293,-0.4097355387061661,2.1328696509578076,-0.5599135960127796
0.39157290636039066,-1.0648831743444043,-1.4357140233572319,-1.4313820887713036,-0.5615511499025041,1.3054598240132387,1.6853018619457583,2.782541665534932,-1.540209573503029,1.513599108080167,1.5945016225624369,0.44410051940577494,0.24245617888536294,0.31965825609369647,-0.21654569785255828,-0.1764916480346692,-0.282603993023614,-1.5960851629906532,1.0447503376280172,-0.9511897312113419,-0.1420960445125053,-0.23192034667290004,-0.30560444605526793,-0.34099716973523675,-0.24173208127588555,-0.2581988897471611,-0.20301416340319547,-0.5869734364739604,3.0352538538723257,-0.3156839517433792,-0.26726124191242434,-0.20577968041807276,-0.6627822868937354,-0.49837186151879204,1.2220910332321786,-0.4114677687570971,1.919095315316124,-0.37976217386784894,-0.42008402520840293,-0.4097355387061661,-0.46885190548373656,0.8497624358195626
-0.7839329818423455,1.7899473330309645,-0.7709995490756102,-0.7912502544545907,-0.2444399123105017,-0.7660136157433054,1.1734983460841864,1.2443636081560663,1.364704356875965,0.5076765440393498,-0.6271552100354432,0.2538566556710388,0.24245617888536294,0.31965825609369647,-0.21654569785255828,-0.1764916480346692,-0.282603993023614,-0.8629189150668143,1.0447503376280172,-0.9511897312113419,-0.1420960445125053,-0.23192034667290004,-0.30560444605526793,-0.34099716973523675,-0.24173208127588555,-0.2581988897471611,-0.20301416340319547,-0.5869734364739604,-0.32946173471593376,3.1677251709421848,-0.26726124191242434,-0.20577968041807276,-0.6627822868937354,2.0065338298845607,-0.8182696483380675,-0.4114677687570971,1.919095315316124,-0.37976217386784894,-0.42008402520840293,-0.4097355387061661,-0.46885190548373656,0.12268583778539432
1.5670787945631268,-1.2798498602042427,-0.7709995490756102,0.307153712880323,1.499671894445514,-0.7660136157433054,-0.9017597456284887,-0.9160217536001928,-1.2497181804651296,1.0106378260597584,1.5945016225624369,-0.031509139931065404,-0.22120503970019206,0.31965825609369647,-0.21654569785255828,-0.1764916480346692,-0.282603993023614,-0.5808523363199484,-0.9571664769885428,1.0513149660756937,-0.1420960445125053,-0.23192034667290004,-0.30560444605526793,-0.34099716973523675,-0.24173208127588555,-0.2581988897471611,-0.20301416340319547,-0.5869734364739604,-0.32946173471593376,-0.3156839517433792,-0.26726124191242434,-0.20577968041807276,-0.6627822868937354,2.0065338298845607,-0.8182696483380675,-0.4114677687570971,-0.5210788604500733,-0.37976217386784894,-0.42008402520840293,-0.4097355387061661,2.1328696509578076,0.5699195663379919
-0.2801447440411729,0.8169808379233311,0.8907866366284438,1.018910455050337,-1.1957736250865103,-0.7660136157433054,1.0297727012189504,-1.1853049148389332,-1.540209573503029,-0.4982460200014673,-0.6271552100354432,0.539222451273143,0.706117397470918,0.31965825609369647,-0.21654569785255828,-0.1764916480346692,-0.282603993023614,1.0238806572233827,-0.9571664769885428,1.0513149660756937,-0.1420960445125053,-0.23192034667290004,-0.30560444605526793,-0.34099716973523675,-0.24173208127588555,-0.2581988897471611,-0.20301416340319547,-0.5869734364739604,-0.32946173471593376,-0.3156839517433792,-0.26726124191242434,4.859566299103718,-0.6627822868937354,-0.49837186151879204,1.2220910332321786,-0.4114677687570971,1.919095315316124,-0.37976217386784894,-0.42008402520840293,-0.4097355387061661,-0.46885190548373656,-0.4916912769919515
0.5595023189607815,0.5203236645318864,-1.4357140233572319,-1.454488486633305,1.182560656853511,-0.7660136157433054,-0.744012086630059,-0.8976615380611878,1.364704356875965,1.513599108080167,1.5945016225624369,0.15873472380367074,0.24245617888536294,0.31965825609369647,-0.21654569785255828,-0.1764916480346692,-0.282603993023614,-1.6020188110708873,-0.9571664769885428,1.0513149660756937,-0.1420960445125053,-0.23192034667290004,-0.30560444605526793,-0.34099716973523675,-0.24173208127588555,-0.2581988897471611,-0.20301416340319547,-0.5869734364739604,3.0352538538723257,-0.3156839517433792,-0.26726124191242434,-0.20577968041807276,1.508791076307582,-0.49837186151879204,-0.8182696483380675,-0.4114677687570971,-0.5210788604500733,2.633226974174589,-0.42008402520840293,-0.4097355387061661,-0.46885190548373656,0.8356501955465468
-0.02825062514058655,-0.292086474837932,-0.1062850747939886,-1.4637250412316791,-1.3543292438825112,-0.7660136157433054,1.4399166146148676,0.7751580999370487,-0.08775260831353203,1.513599108080167,1.5945016225624369,0.539222451273143,0.706117397470918,0.31965825609369647,-0.21654569785255828,-0.1764916480346692,-0.282603993023614,-0.46682579311751216,1.0447503376280172,-0.9511897312113419,-0.1420960445125053,-0.23192034667290004,-0.30560444605526793,-0.34099716973523675,-0.24173208127588555,-0.2581988897471611,-0.20301416340319547,-0.5869734364739604,3.0352538538723257,-0.3156839517433792,-0.26726124191242434,-0.20577968041807276,1.508791076307582,-0.49837186151879204,-0.8182696483380675,-0.4114677687570971,-0.5210788604500733,-0.37976217386784894,-0.42008402520840293,2.4405986435975984,-0.46885190548373656,-0.6416899290935565
-0.112215331440782,-0.8503038944575032,-1.103356786216421,-0.34819214889985134,-1.0372180062905088,-0.7660136157433054,0.6231342913563317,-0.8038204364173842,0.7837215708001662,0.004715262018941286,-0.6271552100354432,-0.031509139931065404,-0.22120503970019206,0.31965825609369647,-0.21654569785255828,-0.1764916480346692,-0.282603993023614,-1.0335342633764848,-0.9571664769885428,1.0513149660756937,-0.1420960445125053,-0.23192034667290004,-0.30560444605526793,-0.34099716973523675,-0.24173208127588555,-0.2581988897471611,-0.20301416340319547,-0.5869734364739604,3.0352538538723257,-0.3156839517433792,-0.26726124191242434,-0.20577968041807276,1.508791076307582,-0.49837186151879204,-0.8182696483380675,-0.4114677687570971,1.919095315316124,-0.37976217386784894,-0.42008402520840293,-0.4097355387061661,-0.46885190548373656,0.7863790800220214
0.13967878745980433,-1.0843603950362637,0.5584293994876329,-0.04034498691806119,0.5483381816695062,1.3054598240132387,1.1121520342514637,1.7441694756067587,1.6551957499138643,0.5076765440393498,-0.6271552100354432,0.44410051940577494,0.24245617888536294,0.31965825609369647,-0.21654569785255828,-0.1764916480346692,-0.282603993023614,0.4674760590960157,-0.9571664769885428,-0.9511897312113419,7.037493572961446,-0.23192034667290004,-0.30560444605526793,-0.34099716973523675,-0.24173208127588555,-0.2581988897471611,-0.20301416340319547,1.7036546083024706,-0.32946173471593376,-0.3156839517433792,-0.26726124191242434,-0.20577968041807276,1.508791076307582,-0.49837186151879204,-0.8182696483380675,-0.4114677687570971,1.919095315316124,-0.37976217386784894,-0.42008402520840293,-0.4097355387061661,-0.46885190548373656,-0.5882977693135844
-1.4556506322439091,0.2654746655353921,0.8907866366284438,0.7331894868509886,-0.7201067686985057,-0.7660136157433054,-1.713283813587077,-0.8915414662148528,-0.37824400135143144,1.513599108080167,1.5945016225624369,-3.075410959686844,-3.003172351213522,-3.1283409107596607,-0.21654569785255828,-0.1764916480346692,-0.282603993023614,0.950508438647211,1.0447503376280172,-0.9511897312113419,-0.1420960445125053,-0.23192034667290004,-0.30560444605526793,-0.34099716973523675,-0.24173208127588555,-0.2581988897471611,4.925764701519638,-0.5869734364739604,-0.32946173471593376,-0.3156839517433792,-0.26726124191242434,-0.20577968041807276,-0.6627822868937354,-0.49837186151879204,1.2220910332321786,2.430324015464581,-0.5210788604500733,-0.37976217386784894,-0.42008402520840293,-0.4097355387061661,-0.46885190548373656,-0.5551473415432535
0.13967878745980433,1.7840287483284587,0.5584293994876329,1.3053806468093436,1.499671894445514,-0.7660136157433054,0.6231342913563317,-0.3652152874300417,0.7837215708001662,0.004715262018941286,-0.6271552100354432,-3.075410959686844,-3.003172351213522,-3.1283409107596607,-0.21654569785255828,-0.1764916480346692,-0.282603993023614,0.8130540401719968,-0.9571664769885428,1.0513149660756937,-0.1420960445125053,-0.23192034667290004,-0.30560444605526793,-0.34099716973523675,-0.24173208127588555,-0.2581988897471611,4.925764701519638,-0.5869734364739604,-0.32946173471593376,-0.3156839517433792,-0.26726124191242434,-0.20577968041807276,-0.6627822868937354,2.0065338298845607,-0.8182696483380675,-0.4114677687570971,-0.5210788604500733,-0.37976217386784894,-0.42008402520840293,-0.4097355387061661,2.1328696509578076,-0.25953681577787835
-0.2801447440411729,-0.12310260951967815,-0.7709995490756102,-0.2879996777611543,0.3897825628735039,1.3054598240132387,0.8913053116536621,-1.1098240287341348,-0.6687353943893308,0.5076765440393498,-0.6271552100354432,-3.075410959686844,-3.003172351213522,-3.1283409107596607,-0.21654569785255828,-0.1764916480346692,-0.282603993023614,-0.7336857980700481,-0.9571664769885428,1.0513149660756937,-0.1420960445125053,-0.23192034667290004,-0.30560444605526793,-0.34099716973523675,-0.24173208127588555,3.8729833462074166,-0.20301416340319547,-0.5869734364739604,-0.32946173471593376,-0.3156839517433792,-0.26726124191242434,-0.20577968041807276,1.508791076307582,-0.49837186151879204,-0.8182696483380675,-0.4114677687570971,1.919095315316124,-0.37976217386784894,-0.42008402520840293,-0.4097355387061661,-0.46885190548373656,0.3275928105423713
-0.112215331440782,1.4956687608185584,-1.7680712604980426,-0.7857437891135044,1.182560656853511,-0.7660136157433054,-1.7027673029871817,-1.050663334219563,-0.37824400135143144,-1.5041685840422845,-0.6271552100354432,0.539222451273143,0.706117397470918,0.31965825609369647,-0.21654569785255828,-0.1764916480346692,-0.282603993023614,-1.714678574042423,1.0447503376280172,-0.9511897312113419,-0.1420960445125053,-0.23192034667290004,3.272203702884454,-0.34099716973523675,-0.24173208127588555,-0.2581988897471611,-0.20301416340319547,-0.5869734364739604,-0.32946173471593376,-0.3156839517433792,-0.26726124191242434,-0.20577968041807276,-0.6627822868937354,-0.49837186151879204,1.2220910332321786,2.430324015464581,-0.5210788604500733,-0.37976217386784894,-0.42008402520840293,-0.4097355387061661,-0.46885190548373656,2.3632446012217634
-0.19618003774097745,-0.35649211526509167,-0.1062850747939886,0.23254590211585088,1.499671894445514,-0.7660136157433054,-1.3241729213909506,-1.069023549758568,1.0742129638380655,-1.001207302021876,-0.6271552100354432,0.44410051940577494,0.24245617888536294,0.31965825609369647,-0.21654569785255828,-0.1764916480346692,-0.282603993023614,-0.031228912692307386,1.0447503376280172,-0.9511897312113419,-0.1420960445125053,-0.23192034667290004,-0.30560444605526793,2.932575659723036,-0.24173208127588555,-0.2581988897471611,-0.20301416340319547,-0.5869734364739604,-0.32946173471593376,-0.3156839517433792,-0.26726124191242434,-0.20577968041807276,-0.6627822868937354,-0.49837186151879204,1.2220910332321786,-0.4114677687570971,-0.5210788604500733,2.633226974174589,-0.42008402520840293,-0.4097355387061661,-0.46885190548373656,-0.12369090424291532
-1.2877212196435182,-0.1174597533120395,-1.4357140233572319,-0.998869342646022,-0.8786623874945072,-0.7660136157433054,-1.080540425826709,-1.2261053938145,-0.37824400135143144,-0.4982460200014673,-0.6271552100354432,0.539222451273143,0.706117397470918,0.31965825609369647,-0.21654569785255828,-0.1764916480346692,-0.282603993023614,-1.4850172916136266,1.0447503376280172,-0.9511897312113419,-0.1420960445125053,-0.23192034667290004,-0.30560444605526793,-0.34099716973523675,-0.24173208127588555,-0.2581988897471611,-0.20301416340319547,-0.5869734364739604,-0.32946173471593376,-0.3156839517433792,-0.26726124191242434,4.859566299103718,-0.6627822868937354,2.0065338298845607,-0.8182696483380675,-0.4114677687570971,-0.5210788604500733,-0.37976217386784894,-0.42008402520840293,-0.4097355387061661,-0.46885190548373656,1.1139197411215465
0.643467025260977,0.7973317638926961,-2.100428497638853,-0.06593613306974874,-0.7201067686985057,-0.7660136157433054,-1.4591348074229402,-1.1934650106340465,1.6551957499138643,-1.001207302021876,-0.6271552100354432,0.539222451273143,0.706117397470918,0.31965825609369647,-0.21654569785255828,-0.1764916480346692,-0.282603993023614,-1.8142255347664467,-0.9571664769885428,1.0513149660756937,-0.1420960445125053,-0.23192034667290004,3.272203702884454,-0.34099716973523675,-0.24173208127588555,-0.2581988897471611,-0.20301416340319547,-0.5869734364739604,-0.32946173471593376,-0.3156839517433792,-0.26726124191242434,-0.20577968041807276,-0.6627822868937354,-0.49837186151879204,1.2220910332321786,-0.4114677687570971,-0.5210788604500733,-0.37976217386784894,-0.42008402520840293,-0.4097355387061661,2.1328696509578076,5.480806850790028
0.7274317315611725,-1.8200824434536302,-2.100428497638853,-2.687691800999487,0.07267132528150075,-0.7660136157433054,0.34269400869245664,1.2708839194901846,-1.2497181804651296,-0.4982460200014673,-0.6271552100354432,0.2538566556710388,0.706117397470918,0.31965825609369647,-0.21654569785255828,-0.1764916480346692,3.53852041969004,-2.4874838928525316,1.0447503376280172,-0.9511897312113419,-0.1420960445125053,-0.23192034667290004,3.272203702884454,-0.34099716973523675,-0.24173208127588555,-0.2581988897471611,-0.20301416340319547,-0.5869734364739604,-0.32946173471593376,-0.3156839517433792,-0.26726124191242434,-0.20577968041807276,-0.6627822868937354,-0.49837186151879204,1.2220910332321786,2.430324015464581,-0.5210788604500733,-0.37976217386784894,-0.42008402520840293,-0.4097355387061661,-0.46885190548373656,2.2783305371790674
1.5670787945631268,-0.705446512718308,-1.7680712604980426,-0.821995201810939,-0.7201067686985057,-0.7660136157433054,-0.7510230936966559,-0.0490115753693995,1.364704356875965,0.004715262018941286,-0.6271552100354432,0.15873472380367074,0.24245617888536294,0.31965825609369647,-0.21654569785255828,-0.1764916480346692,-0.282603993023614,-1.7239878193277582,1.0447503376280172,-0.9511897312113419,-0.1420960445125053,-0.23192034667290004,-0.30560444605526793,-0.34099716973523675,-0.24173208127588555,-0.2581988897471611,-0.20301416340319547,-0.5869734364739604,-0.32946173471593376,-0.3156839517433792,-0.26726124191242434,-0.20577968041807276,1.508791076307582,-0.49837186151879204,-0.8182696483380675,-0.4114677687570971,-0.5210788604500733,-0.37976217386784894,-0.42008402520840293,-0.4097355387061661,2.1328696509578076,2.3337238512097067
0.055714081159608894,1.1291027269079799,-0.4386423119347994,-1.4073909440397638,-0.40299553110650327,1.3054598240132387,-1.4240797720899558,-0.5671776583590972,1.364704356875965,-0.4982460200014673,-0.6271552100354432,0.15873472380367074,0.24245617888536294,0.31965825609369647,-0.21654569785255828,-0.1764916480346692,-0.282603993023614,-0.7367506133538405,-0.9571664769885428,1.0513149660756937,-0.1420960445125053,4.3118252207961625,-0.30560444605526793,-0.34099716973523675,-0.24173208127588555,-0.2581988897471611,-0.20301416340319547,-0.5869734364739604,-0.32946173471593376,-0.3156839517433792,-0.26726124191242434,-0.20577968041807276,-0.6627822868937354,2.0065338298845607,-0.8182696483380675,-0.4114677687570971,-0.5210788604500733,-0.37976217386784894,-0.42008402520840293,-0.4097355387061661,-0.46885190548373656,-0.41178661893508794
0.22364349375999978,-1.0709023371394701,0.8907866366284438,1.5327929140256864,1.3411162756495132,1.3054598240132387,0.8790360492871175,1.8094502419676655,-0.6687353943893308,0.5076765440393498,-0.6271552100354432,0.44410051940577494,0.24245617888536294,0.31965825609369647,-0.21654569785255828,-0.1764916480346692,-0.282603993023614,1.1558440071308835,-0.9571664769885428,-0.9511897312113419,7.037493572961446,-0.23192034667290004,-0.30560444605526793,-0.34099716973523675,-0.24173208127588555,-0.2581988897471611,-0.20301416340319547,1.7036546083024706,-0.32946173471593376,-0.3156839517433792,-0.26726124191242434,-0.20577968041807276,-0.6627822868937354,2.0065338298845607,-0.8182696483380675,2.430324015464581,-0.5210788604500733,-0.37976217386784894,-0.42008402520840293,-0.4097355387061661,-0.46885190548373656,-0.3775625916034494
0.643467025260977,1.6981252321713785,-0.4386423119347994,-1.1618434599680494,-0.2444399123105017,-0.7660136157433054,-0.3689232085671262,-1.0914638131951298,-0.6687353943893308,-0.4982460200014673,-0.6271552100354432,-0.031509139931065404,-0.22120503970019206,0.31965825609369647,-0.21654569785255828,-0.1764916480346692,-0.282603993023614,-0.673694815294354,1.0447503376280172,-0.9511897312113419,-0.1420960445125053,-0.23192034667290004,-0.30560444605526793,-0.34099716973523675,-0.24173208127588555,-0.2581988897471611,-0.20301416340319547,1.7036546083024706,-0.32946173471593376,-0.3156839517433792,-0.26726124191242434,-0.20577968041807276,1.508791076307582,-0.49837186151879204,-0.8182696483380675,-0.4114677687570971,-0.5210788604500733,-0.37976217386784894,2.3804761428476167,-0.4097355387061661,-0.46885190548373656,-0.3260904997575602
-1.7915094574446908,1.1832648253252194,-1.4357140233572319,-0.46591129225554045,0.706893800465507,-0.7660136157433054,-0.6651382571308442,-1.1445044358633665,0.7837215708001662,0.004715262018941286,-0.6271552100354432,0.539222451273143,0.706117397470918,0.31965825609369647,-0.21654569785255828,-0.1764916480346692,-0.282603993023614,-1.3481553916570999,1.0447503376280172,-0.9511897312113419,-0.1420960445125053,-0.23192034667290004,-0.30560444605526793,-0.34099716973523675,-0.24173208127588555,-0.2581988897471611,-0.20301416340319547,1.7036546083024706,-0.32946173471593376,-0.3156839517433792,-0.26726124191242434,-0.20577968041807276,-0.6627822868937354,2.0065338298845607,-0.8182696483380675,-0.4114677687570971,-0.5210788604500733,-0.37976217386784894,-0.42008402520840293,-0.4097355387061661,2.1328696509578076,1.4394240498185409
0.9793258504617588,0.2344506892644791,1.2231438737692546,-0.11266875172603372,1.3411162756495132,-0.7660136157433054,0.7160301349887402,-0.026571311932837793,0.20273878472436738,1.513599108080167,1.5945016225624369,0.2538566556710388,0.706117397470918,0.31965825609369647,-0.21654569785255828,-0.1764916480346692,-0.282603993023614,1.0176860183224066,1.0447503376280172,-0.9511897312113419,-0.1420960445125053,-0.23192034667290004,-0.30560444605526793,-0.34099716973523675,-0.24173208127588555,-0.2581988897471611,-0.20301416340319547,1.7036546083024706,-0.32946173471593376,-0.3156839517433792,-0.26726124191242434,-0.20577968041807276,1.508791076307582,-0.49837186151879204,-0.8182696483380675,-0.4114677687570971,-0.5210788604500733,-0.37976217386784894,-0.42008402520840293,-0.4097355387061661,2.1328696509578076,-0.8572035331466401
-0.2801447440411729,1.012902323256191,0.22607216234682218,-0.1022278943267498,0.8654494192615079,1.3054598240132387,1.042041963585495,-0.3407350000447017,-1.540209573503029,-0.4982460200014673,-0.6271552100354432,0.15873472380367074,0.24245617888536294,0.31965825609369647,-0.21654569785255828,-0.1764916480346692,-0.282603993023614,0.16719349523436058,1.0447503376280172,-0.9511897312113419,-0.1420960445125053,-0.23192034667290004,-0.30560444605526793,-0.34099716973523675,4.1368112776835515,-0.2581988897471611,-0.20301416340319547,-0.5869734364739604,-0.32946173471593376,-0.3156839517433792,-0.26726124191242434,-0.20577968041807276,-0.6627822868937354,-0.49837186151879204,1.2220910332321786,-0.4114677687570971,-0.5210788604500733,-0.37976217386784894,-0.42008402520840293,2.4405986435975984,-0.46885190548373656,-0.43564098826265607
1.2312199693623451,-0.2893375302515579,-0.4386423119347994,-1.149741170988012,-0.40299553110650327,-0.7660136157433054,1.0069869282525106,0.8995995608125272,-1.2497181804651296,-1.001207302021876,-0.6271552100354432,0.2538566556710388,0.24245617888536294,0.31965825609369647,-0.21654569785255828,-0.1764916480346692,-0.282603993023614,-0.6705869867093136,1.0447503376280172,-0.9511897312113419,-0.1420960445125053,-0.23192034667290004,-0.30560444605526793,2.932575659723036,-0.24173208127588555,-0.2581988897471611,-0.20301416340319547,-0.5869734364739604,-0.32946173471593376,-0.3156839517433792,-0.26726124191242434,-0.20577968041807276,-0.6627822868937354,-0.49837186151879204,1.2220910332321786,-0.4114677687570971,-0.5210788604500733,-0.37976217386784894,-0.42008402520840293,-0.4097355387061661,2.1328696509578076,-0.32186679857538364
-0.3641094503413683,-0.5685258355702549,0.8907866366284438,1.264280845792585,-0.7201067686985057,-0.7660136157433054,0.4303315970249176,1.4667262185729049,-1.540209573503029,-1.001207302021876,-0.6271552100354432,0.44410051940577494,0.24245617888536294,0.31965825609369647,-0.21654569785255828,-0.1764916480346692,-0.282603993023614,1.0868909782898442,1.0447503376280172,-0.9511897312113419,-0.1420960445125053,-0.23192034667290004,-0.30560444605526793,-0.34099716973523675,-0.24173208127588555,-0.2581988897471611,-0.20301416340319547,-0.5869734364739604,-0.32946173471593376,3.1677251709421848,-0.26726124191242434,-0.20577968041807276,-0.6627822868937354,-0.49837186151879204,-0.8182696483380675,-0.4114677687570971,1.919095315316124,-0.37976217386784894,-0.42008402520840293,-0.4097355387061661,-0.46885190548373656,-0.4371967138101029
-0.19618003774097745,0.23812313878898286,1.2231438737692546,1.0828434313163835,-0.5615511499025041,1.3054598240132387,0.15865507319428865,0.14071065186698584,-0.08775260831353203,-0.4982460200014673,-0.6271552100354432,0.2538566556710388,0.706117397470918,0.31965825609369647,-0.21654569785255828,-0.1764916480346692,-0.282603993023614,1.324689672123078,-0.9571664769885428,1.0513149660756937,-0.1420960445125053,-0.23192034667290004,-0.30560444605526793,-0.34099716973523675,-0.24173208127588555,-0.2581988897471611,-0.20301416340319547,1.7036546083024706,-0.32946173471593376,-0.3156839517433792,-0.26726124191242434,-0.20577968041807276,-0.6627822868937354,2.0065338298845607,-0.8182696483380675,-0.4114677687570971,1.919095315316124,-0.37976217386784894,-0.42008402520840293,-0.4097355387061661,-0.46885190548373656,-0.613817043725354
-0.02825062514058655,0.005265216188138902,0.5584293994876329,-0.755222905319238,0.07267132528150075,-0.7660136157433054,0.05173721542868631,-0.6242983289248906,0.4932301777622668,-1.5041685840422845,-0.6271552100354432,0.2538566556710388,0.24245617888536294,0.31965825609369647,4.617962905367348,-0.1764916480346692,3.53852041969004,0.2838977266594047,1.0447503376280172,-0.9511897312113419,-0.1420960445125053,-0.23192034667290004,-0.30560444605526793,-0.34099716973523675,-0.24173208127588555,-0.2581988897471611,-0.20301416340319547,1.7036546083024706,-0.32946173471593376,-0.3156839517433792,-0.26726124191242434,-0.20577968041807276,-0.6627822868937354,-0.49837186151879204,1.2220910332321786,2.430324015464581,-0.5210788604500733,-0.37976217386784894,-0.42008402520840293,-0.4097355387061661,-0.46885190548373656,-0.7629425410448175
1.4831140882629315,-0.1400836359464881,0.22607216234682218,-0.7824992853962958,1.499671894445514,1.3054598240132387,1.5591037347470145,2.7927417852788237,-0.6687353943893308,-1.001207302021876,-0.6271552100354432,0.15873472380367074,0.24245617888536294,0.31965825609369647,-0.21654569785255828,-0.1764916480346692,-0.282603993023614,-0.00749799314757367,-0.9571664769885428,1.0513149660756937,-0.1420960445125053,-0.23192034667290004,-0.30560444605526793,-0.34099716973523675,-0.24173208127588555,-0.2581988897471611,-0.20301416340319547,-0.5869734364739604,-0.32946173471593376,-0.3156839517433792,-0.26726124191242434,-0.20577968041807276,-0.6627822868937354,-0.49837186151879204,1.2220910332321786,-0.4114677687570971,-0.5210788604500733,-0.37976217386784894,-0.42008402520840293,-0.4097355387061661,2.1328696509578076,-0.6202969798670817
2.0708670323642995,0.4172089669870662,0.22607216234682218,-1.5536062379236029,-0.8786623874945072,-0.7660136157433054,1.6625160889793185,0.6160362319323384,-1.2497181804651296,1.0106378260597584,1.5945016225624369,0.15873472380367074,0.24245617888536294,0.31965825609369647,-0.21654569785255828,-0.1764916480346692,-0.282603993023614,-0.20551575930243762,1.0447503376280172,-0.9511897312113419,-0.1420960445125053,-0.23192034667290004,3.272203702884454,-0.34099716973523675,-0.24173208127588555,-0.2581988897471611,-0.20301416340319547,-0.5869734364739604,-0.32946173471593376,-0.3156839517433792,-0.26726124191242434,-0.20577968041807276,1.508791076307582,-0.49837186151879204,-0.8182696483380675,-0.4114677687570971,-0.5210788604500733,-0.37976217386784894,-0.42008402520840293,2.4405986435975984,-0.46885190548373656,-0.8296097935782782
0.7274317315611725,-0.07449546512622203,0.22607216234682218,-0.14772169639442903,-0.2444399123105017,-0.7660136157433054,0.18669910146067617,-0.8935814901636311,-0.37824400135143144,-1.5041685840422845,-0.6271552100354432,0.44410051940577494,0.24245617888536294,0.31965825609369647,-0.21654569785255828,-0.1764916480346692,-0.282603993023614,0.15551083431448778,1.0447503376280172,-0.9511897312113419,-0.1420960445125053,-0.23192034667290004,-0.30560444605526793,-0.34099716973523675,-0.24173208127588555,-0.2581988897471611,-0.20301416340319547,-0.5869734364739604,3.0352538538723257,-0.3156839517433792,-0.26726124191242434,-0.20577968041807276,-0.6627822868937354,2.0065338298845607,-0.8182696483380675,-0.4114677687570971,-0.5210788604500733,-0.37976217386784894,2.3804761428476167,-0.4097355387061661,-0.46885190548373656,-0.4479900348974923
-0.6999682755421501,-0.4241544629420373,0.22607216234682218,-0.22950542255100903,-1.3543292438825112,1.3054598240132387,-1.1103372058597458,-1.1037039568877998,-0.08775260831353203,1.0106378260597584,1.5945016225624369,0.15873472380367074,0.24245617888536294,0.31965825609369647,-0.21654569785255828,-0.1764916480346692,-0.282603993023614,0.13450903850877075,1.0447503376280172,-0.9511897312113419,-0.1420960445125053,-0.23192034667290004,-0.30560444605526793,-0.34099716973523675,-0.24173208127588555,-0.2581988897471611,-0.20301416340319547,1.7036546083024706,-0.32946173471593376,-0.3156839517433792,-0.26726124191242434,-0.20577968041807276,-0.6627822868937354,2.0065338298845607,-0.8182696483380675,-0.4114677687570971,-0.5210788604500733,2.633226974174589,-0.42008402520840293,-0.4097355387061661,-0.46885190548373656,-0.47018978524537114
-0.02825062514058655,-0.32892445806865067,-0.7709995490756102,0.20840947406250313,-0.5615511499025041,1.3054598240132387,-1.4521238003563435,-1.013942903141553,1.6551957499138643,0.5076765440393498,-0.6271552100354432,0.539222451273143,0.706117397470918,0.31965825609369647,-0.21654569785255828,-0.1764916480346692,-0.282603993023614,-0.6062095368059269,1.0447503376280172,-0.9511897312113419,-0.1420960445125053,-0.23192034667290004,-0.30560444605526793,-0.34099716973523675,-0.24173208127588555,-0.2581988897471611,-0.20301416340319547,1.7036546083024706,-0.32946173471593376,-0.3156839517433792,-0.26726124191242434,-0.20577968041807276,-0.6627822868937354,2.0065338298845607,-0.8182696483380675,-0.4114677687570971,-0.5210788604500733,-0.37976217386784894,-0.42008402520840293,2.4405986435975984,-0.46885190548373656,0.5297141816044203
-1.2877212196435182,0.6580164032578393,-0.7709995490756102,0.10982188648443089,0.07267132528150075,1.3054598240132387,-0.5967809382315247,-1.013942903141553,0.4932301777622668,1.513599108080167,1.5945016225624369,0.15873472380367074,0.24245617888536294,0.31965825609369647,-0.21654569785255828,-0.1764916480346692,-0.282603993023614,-0.6315265097612648,1.0447503376280172,-0.9511897312113419,-0.1420960445125053,-0.23192034667290004,-0.30560444605526793,-0.34099716973523675,-0.24173208127588555,-0.2581988897471611,-0.20301416340319547,-0.5869734364739604,-0.32946173471593376,-0.3156839517433792,-0.26726124191242434,4.859566299103718,-0.6627822868937354,2.0065338298845607,-0.8182696483380675,-0.4114677687570971,-0.5210788604500733,-0.37976217386784894,2.3804761428476167,-0.4097355387061661,-0.46885190548373656,0.4895725800691238
1.1472552630621498,-0.7092010409319768,-0.7709995490756102,-0.43234597652041895,0.23122694407750302,1.3054598240132387,0.6669530855225622,-0.36113523953248505,0.4932301777622668,1.513599108080167,1.5945016225624369,0.539222451273143,0.706117397470918,0.31965825609369647,-0.21654569785255828,-0.1764916480346692,-0.282603993023614,-0.7707534597470058,-0.9571664769885428,1.0513149660756937,-0.1420960445125053,4.3118252207961625,-0.30560444605526793,-0.34099716973523675,-0.24173208127588555,-0.2581988897471611,-0.20301416340319547,-0.5869734364739604,-0.32946173471593376,-0.3156839517433792,-0.26726124191242434,-0.20577968041807276,1.508791076307582,-0.49837186151879204,-0.8182696483380675,-0.4114677687570971,-0.5210788604500733,-0.37976217386784894,-0.42008402520840293,-0.4097355387061661,2.1328696509578076,0.2688197768346469
