customer_id,age,gender,income,city,membership_type,referral_source,signup_date,last_purchase_date,num_purchases,total_spent,avg_rating,discount_used,product_review,is_churned
CUST00001,44.0,Male,13409.0,Qom,Silver,Email Campaign,2022-05-25,2022-07-04,9,616.85,3.4,0,کیفیت متوسط بود ولی ارسال سریع بود,1
CUST00002,36.0,Male,108205.0,Ahvaz,Silver,Instagram,2019-07-12,2024-09-10,5,821.15,,0,خیلی راضی بودم از خرید، کیفیت عالی بود,1
CUST00003,46.0,Female,74902.0,Isfahan,Silver,Friend Referral,2024-01-13,2024-12-01,12,169.19,3.9,0,کیفیت متوسط بود ولی ارسال سریع بود,0
CUST00004,56.0,Female,189106.0,Mashhad,Gold,Google Ads,2020-11-29,2024-07-23,6,153.54,5.0,0,,0
CUST00005,35.0,Male,81066.0,Tehran,Silver,Friend Referral,2023-04-14,2024-04-25,7,554.9,4.1,0,اصلا راضی نبودم، محصول آسیب دیده رسید,0
CUST00006,35.0,Male,18439.0,Karaj,Bronze,Friend Referral,2021-01-28,2021-06-12,12,498.58,3.2,0,قیمت مناسب و کیفیت خوب، پیشنهاد میکنم,1
CUST00007,57.0,Female,54241.0,Shiraz,Bronze,Friend Referral,2019-05-11,2024-04-27,5,149.82,3.4,0,خیلی راضی بودم از خرید، کیفیت عالی بود,0
CUST00008,47.0,Male,20935.0,Karaj,Silver,Instagram,2020-05-23,2020-09-05,9,401.03,3.9,0,خیلی راضی بودم از خرید، کیفیت عالی بود,1
CUST00009,32.0,Male,93603.0,Tehran,Bronze,Friend Referral,2022-02-01,2023-07-04,9,420.49,3.5,0,خیلی راضی بودم از خرید، کیفیت عالی بود,1
CUST00010,45.0,Female,18757.0,Isfahan,Bronze,Google Ads,2020-09-19,2022-12-11,4,85.79,4.8,1,پشتیبانی ضعیف بود اما محصول خوب بود,0
CUST00011,32.0,Male,18224.0,Isfahan,Silver,Instagram,2019-06-11,2023-09-23,7,204.38,3.1,1,کیفیت متوسط بود ولی ارسال سریع بود,1
CUST00012,32.0,Female,13823.0,Tehran,Silver,Instagram,2020-02-01,2020-06-05,10,1653.26,4.0,0,بسته بندی بد بود ولی محصول سالم بود,1
CUST00013,41.0,Female,27091.0,Mashhad,Bronze,Direct,2023-01-04,2023-12-26,10,24.5,4.8,0,کیفیت متوسط بود ولی ارسال سریع بود,0
CUST00014,15.0,Male,24012.0,Kerman,Gold,Friend Referral,2021-10-16,2022-11-19,4,176.7,3.7,0,اصلا راضی نبودم، محصول آسیب دیده رسید,1
CUST00015,17.0,Male,17035.0,Urmia,Silver,Telegram,2020-08-12,2020-10-29,7,588.73,,0,قیمت مناسب و کیفیت خوب، پیشنهاد میکنم,0
CUST00016,31.0,Female,119837.0,Tabriz,Bronze,Direct,2020-02-25,2021-03-19,13,567.08,4.1,0,کیفیت متوسط بود ولی ارسال سریع بود,0
CUST00017,26.0,Female,49908.0,Shiraz,Gold,Telegram,2019-02-15,2023-05-23,9,240.75,4.1,0,عالی بود، حتما دوباره خرید میکنم,1
CUST00018,42.0,Other,46506.0,Tehran,Silver,Friend Referral,2019-10-01,2024-06-20,10,330.81,4.5,0,عالی بود، حتما دوباره خرید میکنم,1
CUST00019,27.0,Female,94230.0,Yazd,Silver,Google Ads,2019-10-05,2019-12-17,7,970.35,2.8,0,خیلی راضی بودم از خرید، کیفیت عالی بود,1
CUST00020,21.0,Male,42351.0,Tehran,Silver,Google Ads,2021-07-11,2024-05-04,9,614.8,4.9,0,پشتیبانی ضعیف بود اما محصول خوب بود,0
CUST00021,56.0,Female,23174.0,Zahedan,Bronze,Telegram,2019-02-26,2024-06-21,7,458.04,2.8,0,پشتیبانی ضعیف بود اما محصول خوب بود,1
CUST00022,35.0,Male,13094.0,Shiraz,Silver,Friend Referral,2024-01-24,2024-04-14,9,360.8,4.9,0,بسته بندی بد بود ولی محصول سالم بود,0
CUST00023,39.0,Female,22403.0,Mashhad,Bronze,Email Campaign,2023-05-26,2024-11-12,10,514.61,4.4,0,اصلا راضی نبودم، محصول آسیب دیده رسید,0
CUST00024,21.0,Male,89612.0,Zahedan,Platinum,Email Campaign,2024-01-27,2024-10-16,6,111.23,4.4,0,کیفیت متوسط بود ولی ارسال سریع بود,1
CUST00025,31.0,Male,17099.0,Tehran,Gold,Instagram,2019-02-10,2019-11-14,6,863.96,5.0,1,قیمت مناسب و کیفیت خوب، پیشنهاد میکنم,0
CUST00026,39.0,Female,44886.0,Ahvaz,Silver,Instagram,2023-11-07,2024-09-29,1,71.48,4.9,1,قیمت مناسب و کیفیت خوب، پیشنهاد میکنم,0
CUST00027,24.0,Male,67532.0,Tabriz,Bronze,Telegram,2019-09-08,2024-10-29,10,439.14,4.7,0,,1
CUST00028,43.0,Male,43097.0,Tehran,Bronze,Google Ads,2023-05-04,2023-12-13,5,244.14,,1,عالی بود، حتما دوباره خرید میکنم,0
CUST00029,31.0,Male,46138.0,Mashhad,Bronze,Instagram,2020-06-29,2024-11-22,13,800.22,3.8,0,خیلی راضی بودم از خرید، کیفیت عالی بود,0
CUST00030,,Female,53818.0,Qom,Silver,Email Campaign,2022-09-30,2022-12-06,13,239.04,4.7,0,عالی بود، حتما دوباره خرید میکنم,0
CUST00031,31.0,Female,45596.0,Karaj,Bronze,Google Ads,2020-01-14,2023-09-18,11,379.42,4.4,1,عالی بود، حتما دوباره خرید میکنم,1
CUST00032,60.0,Male,95363.0,Tehran,Silver,Email Campaign,2024-02-26,2024-05-29,9,170.36,4.3,0,بسته بندی بد بود ولی محصول سالم بود,0
CUST00033,38.0,Male,19454.0,Zahedan,Bronze,Direct,2020-03-29,2020-04-16,7,498.15,4.1,0,,1
CUST00034,25.0,Male,,Tehran,Platinum,Direct,2019-07-13,2021-04-12,6,82.07,3.8,0,,0
CUST00035,48.0,Female,12198.0,Tehran,Bronze,Instagram,2019-03-27,2024-02-18,9,180.5,3.1,0,خیلی راضی بودم از خرید، کیفیت عالی بود,1
CUST00036,23.0,Female,10465.0,Isfahan,Platinum,Google Ads,2020-11-08,2024-08-05,8,619.93,4.6,0,بسته بندی بد بود ولی محصول سالم بود,1
CUST00037,41.0,Female,34579.0,Tehran,Platinum,Friend Referral,2019-01-25,2024-12-08,6,309.66,4.0,1,اصلا راضی نبودم، محصول آسیب دیده رسید,1
CUST00038,14.0,Female,50313.0,Tehran,Silver,Instagram,2021-08-12,2024-07-22,10,1285.74,3.9,0,خیلی راضی بودم از خرید، کیفیت عالی بود,0
CUST00039,22.0,Male,96606.0,Bandar Abbas,Gold,Google Ads,2020-05-27,2020-11-17,9,307.68,2.8,1,اصلا راضی نبودم، محصول آسیب دیده رسید,0
CUST00040,40.0,Female,155108.0,Isfahan,Silver,Google Ads,2020-07-06,2024-03-28,7,271.6,4.2,0,,1
CUST00041,47.0,Female,80171.0,Tehran,Silver,Instagram,2020-02-09,2024-10-22,10,1108.78,3.1,1,قیمت مناسب و کیفیت خوب، پیشنهاد میکنم,1
CUST00042,,Male,56179.0,Tehran,Bronze,Instagram,2022-01-12,2022-12-25,8,739.19,3.8,1,,1
CUST00043,37.0,Male,39974.0,Karaj,Bronze,Direct,2023-07-02,2023-07-02,6,471.67,4.7,0,قیمت مناسب و کیفیت خوب، پیشنهاد میکنم,0
CUST00044,34.0,Female,14491.0,Yazd,Silver,Instagram,2021-01-18,2021-03-21,7,166.06,4.1,0,کیفیت متوسط بود ولی ارسال سریع بود,0
CUST00045,20.0,Female,33269.0,Isfahan,Silver,Instagram,2019-11-05,2024-09-22,10,254.08,4.0,0,کیفیت متوسط بود ولی ارسال سریع بود,1
CUST00046,29.0,Male,78765.0,Tehran,Silver,Telegram,2022-01-13,2022-08-26,5,206.44,3.6,1,اصلا راضی نبودم، محصول آسیب دیده رسید,1
CUST00047,32.0,Female,62253.0,Tehran,Bronze,,2022-09-07,2023-11-03,9,364.48,3.7,0,خیلی راضی بودم از خرید، کیفیت عالی بود,0
CUST00048,51.0,Female,16784.0,Tehran,Bronze,Google Ads,2023-10-10,2023-10-28,5,120.47,5.0,1,اصلا راضی نبودم، محصول آسیب دیده رسید,0
CUST00049,42.0,Male,52492.0,Tehran,Bronze,Instagram,2022-10-11,2022-11-10,8,264.17,,0,خیلی راضی بودم از خرید، کیفیت عالی بود,0
CUST00050,17.0,Male,,Shiraz,Bronze,Telegram,2019-08-13,2021-12-04,4,168.66,,1,عالی بود، حتما دوباره خرید میکنم,1
CUST00051,,Male,44799.0,Tehran,Bronze,Email Campaign,2019-08-06,2021-04-29,7,623.1,4.0,0,قیمت مناسب و کیفیت خوب، پیشنهاد میکنم,1
CUST00052,120.0,Female,35714.0,Tabriz,Bronze,Direct,2021-07-13,2021-08-05,5,528.6,4.3,0,پشتیبانی ضعیف بود اما محصول خوب بود,0
CUST00053,30.0,Male,54141.0,Isfahan,Bronze,Telegram,2021-01-13,2023-04-29,16,1111.05,4.4,0,کیفیت متوسط بود ولی ارسال سریع بود,0
CUST00054,45.0,Male,55182.0,Zahedan,Gold,Google Ads,2019-10-25,2022-07-03,2,23.44,4.1,0,کیفیت متوسط بود ولی ارسال سریع بود,0
CUST00055,50.0,Female,24714.0,Urmia,Bronze,Friend Referral,2023-06-21,2024-01-17,8,775.71,2.9,0,,0
CUST00056,49.0,Female,47715.0,Tabriz,Silver,Instagram,2022-03-21,2024-11-05,9,627.07,4.1,0,پشتیبانی ضعیف بود اما محصول خوب بود,0
CUST00057,28.0,Male,32415.0,Mashhad,Bronze,Telegram,2024-01-13,2024-06-21,11,887.08,4.0,0,خیلی راضی بودم از خرید، کیفیت عالی بود,0
CUST00058,34.0,Male,14878.0,Mashhad,Gold,Direct,2020-05-25,2023-11-24,8,202.62,5.0,0,کیفیت متوسط بود ولی ارسال سریع بود,0
CUST00059,42.0,Female,25927.0,Mashhad,Silver,,2020-05-25,2024-10-05,6,681.91,5.0,0,بسته بندی بد بود ولی محصول سالم بود,0
CUST00060,,Female,,Karaj,Bronze,Google Ads,2023-12-08,2024-03-30,11,415.25,,0,کیفیت متوسط بود ولی ارسال سریع بود,0
CUST00061,32.0,Female,,Shiraz,Silver,Instagram,2022-06-14,2023-10-30,7,166.8,3.6,0,خیلی راضی بودم از خرید، کیفیت عالی بود,0
CUST00062,36.0,Male,44960.0,Yazd,Bronze,Friend Referral,2021-06-14,2024-01-24,10,738.62,4.6,1,خیلی راضی بودم از خرید، کیفیت عالی بود,0
CUST00063,25.0,Female,29340.0,Zahedan,Silver,Direct,2019-02-05,2020-01-27,10,417.04,2.9,0,,1
CUST00064,24.0,Female,85162.0,Isfahan,Bronze,Direct,2023-05-13,2023-10-28,8,545.73,3.7,0,,0
CUST00065,48.0,Female,,Tabriz,Platinum,Instagram,2020-01-26,2024-04-21,7,230.01,3.0,1,اصلا راضی نبودم، محصول آسیب دیده رسید,1
CUST00066,,Female,15387.0,Tehran,Silver,Google Ads,2023-02-12,2023-10-11,3,51.71,4.5,0,خیلی راضی بودم از خرید، کیفیت عالی بود,0
CUST00067,37.0,Male,27898.0,Tehran,Bronze,Friend Referral,2021-03-31,2021-08-16,13,418.64,3.3,0,قیمت مناسب و کیفیت خوب، پیشنهاد میکنم,0
CUST00068,50.0,Male,96733.0,Mashhad,Gold,Google Ads,2021-04-04,2021-07-09,7,97.88,3.9,0,اصلا راضی نبودم، محصول آسیب دیده رسید,1
CUST00069,42.0,Female,24302.0,Tehran,Bronze,Email Campaign,2020-09-15,2021-02-08,7,488.83,4.1,0,اصلا راضی نبودم، محصول آسیب دیده رسید,0
CUST00070,30.0,Female,42836.0,Yazd,Gold,Friend Referral,2020-05-17,2023-09-04,12,39.87,4.1,1,کیفیت متوسط بود ولی ارسال سریع بود,1
CUST00071,42.0,Female,56745.0,Tehran,Silver,Direct,2019-12-05,2022-11-19,5,464.62,3.8,0,خیلی راضی بودم از خرید، کیفیت عالی بود,1
CUST00072,56.0,Male,51739.0,Shiraz,Gold,Telegram,2019-08-07,2022-07-07,7,105.46,4.3,0,,0
CUST00073,38.0,Female,157893.0,Ahvaz,Bronze,Direct,2020-03-11,2022-07-24,7,596.48,3.2,1,پشتیبانی ضعیف بود اما محصول خوب بود,1
CUST00074,57.0,Female,17930.0,Karaj,Gold,Google Ads,2023-02-04,2024-07-30,6,384.04,5.0,0,عالی بود، حتما دوباره خرید میکنم,0
CUST00075,7.0,Male,19037.0,Mashhad,Gold,Email Campaign,2019-12-29,2021-11-19,9,53.26,3.4,0,قیمت مناسب و کیفیت خوب، پیشنهاد میکنم,1
CUST00076,48.0,Male,18109.0,Yazd,Bronze,Google Ads,2021-07-24,2024-05-14,6,300.97,4.1,1,بسته بندی بد بود ولی محصول سالم بود,0
CUST00077,39.0,Female,30408.0,Tabriz,Bronze,Friend Referral,2021-04-30,2024-12-01,7,92.3,4.5,0,بسته بندی بد بود ولی محصول سالم بود,1
CUST00078,34.0,Female,70237.0,Shiraz,Bronze,Instagram,2023-05-13,2023-09-27,11,553.88,4.6,0,کیفیت متوسط بود ولی ارسال سریع بود,0
CUST00079,39.0,Female,19554.0,Tehran,Platinum,Friend Referral,2024-02-18,2024-06-01,10,257.49,4.6,0,اصلا راضی نبودم، محصول آسیب دیده رسید,0
CUST00080,14.0,Female,70828.0,Shiraz,Bronze,Google Ads,2022-08-29,2024-01-22,4,24.23,3.0,0,,1
CUST00081,35.0,Male,37089.0,Kerman,Silver,Google Ads,2020-01-21,2022-07-12,11,679.06,3.5,0,,0
CUST00082,42.0,Male,18669.0,Ahvaz,Bronze,,2024-02-22,2024-09-26,9,364.94,4.2,1,عالی بود، حتما دوباره خرید میکنم,0
CUST00083,56.0,Female,,Kerman,Bronze,Instagram,2020-07-24,2023-12-21,11,480.43,4.4,0,پشتیبانی ضعیف بود اما محصول خوب بود,0
CUST00084,32.0,Female,14523.0,Shiraz,Silver,Direct,2019-09-21,2020-08-16,4,29.5,5.0,0,قیمت مناسب و کیفیت خوب، پیشنهاد میکنم,0
CUST00085,28.0,Female,24355.0,Tehran,Platinum,,2021-05-18,2023-01-24,7,45.7,3.7,0,اصلا راضی نبودم، محصول آسیب دیده رسید,1
CUST00086,32.0,Female,32811.0,Tehran,Silver,Instagram,2019-04-29,2020-06-05,7,243.09,3.5,1,اصلا راضی نبودم، محصول آسیب دیده رسید,1
CUST00087,49.0,Male,81441.0,Isfahan,Gold,Telegram,2019-10-06,2021-02-24,12,1002.85,3.7,0,عالی بود، حتما دوباره خرید میکنم,0
CUST00088,42.0,Female,58656.0,Karaj,Silver,Google Ads,2022-08-30,2023-01-03,7,494.97,5.0,0,بسته بندی بد بود ولی محصول سالم بود,0
CUST00089,32.0,Male,21952.0,Rasht,Bronze,Instagram,2022-06-19,2023-03-10,14,845.16,5.0,0,خیلی راضی بودم از خرید، کیفیت عالی بود,0
CUST00090,44.0,Male,46407.0,Isfahan,Bronze,Friend Referral,2019-09-06,2024-06-06,7,712.15,4.0,0,قیمت مناسب و کیفیت خوب، پیشنهاد میکنم,1
CUST00091,39.0,Male,97824.0,Shiraz,Silver,Email Campaign,2020-05-03,2023-03-07,3,80.75,5.0,0,قیمت مناسب و کیفیت خوب، پیشنهاد میکنم,0
CUST00092,50.0,Male,111787.0,Mashhad,Platinum,Instagram,2020-01-22,2020-09-03,9,566.75,3.7,1,اصلا راضی نبودم، محصول آسیب دیده رسید,1
CUST00093,30.0,Male,30072.0,Mashhad,Gold,Telegram,2020-08-14,2023-04-24,13,124.86,4.8,0,عالی بود، حتما دوباره خرید میکنم,0
CUST00094,34.0,Male,64536.0,Tehran,Bronze,Friend Referral,2021-09-10,2024-01-22,6,1032.06,3.1,0,قیمت مناسب و کیفیت خوب، پیشنهاد میکنم,0
CUST00095,33.0,Male,83615.0,Tehran,Bronze,Email Campaign,2021-01-13,2024-02-15,5,115.43,4.3,0,کیفیت متوسط بود ولی ارسال سریع بود,0
CUST00096,20.0,Male,14702.0,Tehran,Bronze,Instagram,2022-07-02,2024-07-15,6,357.39,4.8,1,قیمت مناسب و کیفیت خوب، پیشنهاد میکنم,0
CUST00097,42.0,Female,26704.0,Tehran,Platinum,Telegram,2023-11-15,2024-09-28,5,634.46,3.9,0,اصلا راضی نبودم، محصول آسیب دیده رسید,0
CUST00098,41.0,Male,137587.0,Tehran,Gold,Telegram,2023-12-14,2024-07-19,5,159.93,4.5,1,اصلا راضی نبودم، محصول آسیب دیده رسید,0
CUST00099,38.0,Male,30314.0,Tehran,Gold,Telegram,2023-12-15,2024-09-16,6,351.28,3.7,1,خیلی راضی بودم از خرید، کیفیت عالی بود,0
CUST00100,35.0,Female,6264.0,Ahvaz,Bronze,Email Campaign,2022-01-12,2024-02-23,15,741.98,4.3,0,خیلی راضی بودم از خرید، کیفیت عالی بود,0
CUST00101,21.0,Female,33773.0,Isfahan,Silver,Email Campaign,2019-11-15,2023-08-10,7,215.04,3.8,1,پشتیبانی ضعیف بود اما محصول خوب بود,0
CUST00102,33.0,Female,71309.0,Sanandaj,Silver,Instagram,2020-02-06,2021-05-02,9,230.29,4.7,0,پشتیبانی ضعیف بود اما محصول خوب بود,0
CUST00103,,Male,36458.0,Tehran,Bronze,Friend Referral,2021-08-09,2024-03-09,10,147.15,,0,پشتیبانی ضعیف بود اما محصول خوب بود,0
CUST00104,28.0,Female,,Mashhad,Silver,Google Ads,2021-06-06,2023-10-01,110,4181.17,3.4,1,,0
CUST00105,36.0,Male,63763.0,Mashhad,Bronze,Google Ads,2021-11-11,2024-08-23,7,165.4,5.0,1,بسته بندی بد بود ولی محصول سالم بود,0
CUST00106,43.0,Male,29350.0,Tehran,Bronze,Friend Referral,2024-05-23,2024-12-26,9,200.69,2.4,1,عالی بود، حتما دوباره خرید میکنم,0
CUST00107,61.0,Male,26592.0,Kerman,Gold,Google Ads,2020-02-06,2023-06-03,6,396.15,3.7,0,اصلا راضی نبودم، محصول آسیب دیده رسید,0
CUST00108,40.0,Female,39818.0,Tehran,Gold,Friend Referral,2021-05-30,2023-10-30,7,328.93,4.0,1,کیفیت متوسط بود ولی ارسال سریع بود,0
CUST00109,41.0,Male,40403.0,Zahedan,Silver,,2021-06-25,2022-08-17,9,786.79,4.3,1,کیفیت متوسط بود ولی ارسال سریع بود,0
CUST00110,37.0,Male,37513.0,Urmia,Silver,Instagram,2020-11-20,2023-04-03,7,213.12,3.8,0,قیمت مناسب و کیفیت خوب، پیشنهاد میکنم,0
CUST00111,15.0,Male,38449.0,Tabriz,Bronze,Email Campaign,2021-05-09,2023-07-06,5,79.44,3.3,1,عالی بود، حتما دوباره خرید میکنم,0
CUST00112,38.0,Female,23176.0,Tabriz,Gold,Friend Referral,2022-10-01,2024-02-07,9,600.87,5.0,1,,0
CUST00113,39.0,Female,56964.0,Qom,Gold,Telegram,2022-05-26,2022-07-03,5,346.04,,0,قیمت مناسب و کیفیت خوب، پیشنهاد میکنم,1
CUST00114,68.0,Male,52028.0,Mashhad,Gold,Email Campaign,2022-01-17,2022-06-27,8,425.39,,1,پشتیبانی ضعیف بود اما محصول خوب بود,1
CUST00115,36.0,Female,16291.0,Qom,Gold,Google Ads,2022-05-03,2022-08-31,5,108.9,2.8,1,قیمت مناسب و کیفیت خوب، پیشنهاد میکنم,0
CUST00116,42.0,Female,28753.0,Tehran,Bronze,Friend Referral,2022-02-23,2023-03-28,12,530.06,,1,بسته بندی بد بود ولی محصول سالم بود,0
CUST00117,,Female,38401.0,Tehran,Bronze,Friend Referral,2024-03-13,2024-11-29,6,91.3,4.2,0,عالی بود، حتما دوباره خرید میکنم,0
CUST00118,24.0,Male,26355.0,Shiraz,Silver,Google Ads,2023-05-26,2024-12-06,9,209.99,3.6,0,,0
CUST00119,52.0,Female,53232.0,Tabriz,Bronze,Email Campaign,2023-02-04,2024-09-29,1,95.47,2.7,1,قیمت مناسب و کیفیت خوب، پیشنهاد میکنم,0
CUST00120,47.0,Male,34887.0,Urmia,Gold,Email Campaign,2021-05-24,2024-07-19,9,254.68,3.9,0,اصلا راضی نبودم، محصول آسیب دیده رسید,1
CUST00121,47.0,Female,40193.0,Tehran,Bronze,Instagram,2021-07-17,2023-01-07,8,644.75,4.6,1,خیلی راضی بودم از خرید، کیفیت عالی بود,0
CUST00122,27.0,Male,28555.0,Kerman,Bronze,Instagram,2019-12-02,2020-11-21,10,554.79,4.7,0,خیلی راضی بودم از خرید، کیفیت عالی بود,0
CUST00123,150.0,Male,10983.0,Tehran,Bronze,Friend Referral,2019-04-17,2021-02-04,10,1250.47,4.1,0,خیلی راضی بودم از خرید، کیفیت عالی بود,0
CUST00124,21.0,Male,10613.0,Mashhad,Platinum,Instagram,2021-05-17,2022-07-22,5,269.74,3.7,0,بسته بندی بد بود ولی محصول سالم بود,1
CUST00125,45.0,Female,51729.0,Isfahan,Bronze,Telegram,2022-04-01,2024-07-18,12,617.95,,1,خیلی راضی بودم از خرید، کیفیت عالی بود,0
CUST00126,64.0,Male,42623.0,Mashhad,Silver,Instagram,2022-12-28,2023-03-02,3,29.11,3.3,0,خیلی راضی بودم از خرید، کیفیت عالی بود,0
CUST00127,26.0,Female,47249.0,Tehran,Silver,Friend Referral,2023-05-16,2023-12-19,6,143.51,3.2,0,قیمت مناسب و کیفیت خوب، پیشنهاد میکنم,0
CUST00128,31.0,Male,39367.0,Shiraz,Bronze,Instagram,2020-02-22,2021-09-06,6,207.79,,0,قیمت مناسب و کیفیت خوب، پیشنهاد میکنم,1
CUST00129,39.0,Female,41305.0,Kerman,Silver,Google Ads,2020-09-11,2024-08-31,8,1264.22,5.0,0,عالی بود، حتما دوباره خرید میکنم,0
CUST00130,,Female,64953.0,Shiraz,Gold,Telegram,2021-09-22,2023-12-17,4,101.86,5.0,0,خیلی راضی بودم از خرید، کیفیت عالی بود,1
CUST00131,19.0,Female,47419.0,Shiraz,Silver,Friend Referral,2022-05-21,2024-11-26,8,129.58,3.2,1,بسته بندی بد بود ولی محصول سالم بود,0
CUST00132,39.0,Female,67815.0,Yazd,Gold,,2023-11-29,2024-02-10,7,81.66,3.8,1,کیفیت متوسط بود ولی ارسال سریع بود,0
CUST00133,25.0,Female,40250.0,Karaj,Bronze,Email Campaign,2022-08-16,2023-11-18,6,56.29,5.0,0,بسته بندی بد بود ولی محصول سالم بود,0
CUST00134,44.0,Male,30326.0,Shiraz,Bronze,Google Ads,2021-05-17,2023-04-27,5,808.49,3.6,0,قیمت مناسب و کیفیت خوب، پیشنهاد میکنم,1
CUST00135,27.0,Female,40803.0,Isfahan,Platinum,Instagram,2022-10-22,2023-05-01,12,583.67,5.0,0,پشتیبانی ضعیف بود اما محصول خوب بود,0
CUST00136,57.0,Male,21989.0,Urmia,Bronze,Email Campaign,2023-01-02,2023-07-09,14,254.77,4.8,0,کیفیت متوسط بود ولی ارسال سریع بود,0
CUST00137,29.0,Female,28914.0,Tabriz,Silver,Email Campaign,2020-05-26,2020-06-06,10,1036.75,4.9,1,پشتیبانی ضعیف بود اما محصول خوب بود,0
CUST00138,34.0,Female,40398.0,Tehran,Gold,Email Campaign,2021-02-07,2021-10-03,7,952.74,,0,,0
CUST00139,48.0,Male,40078.0,Isfahan,Bronze,Instagram,2023-10-30,2024-10-23,3,56.92,3.8,0,خیلی راضی بودم از خرید، کیفیت عالی بود,0
CUST00140,23.0,Male,34069.0,Kerman,Gold,,2023-05-17,2024-12-29,4,118.09,3.5,0,خیلی راضی بودم از خرید، کیفیت عالی بود,0
CUST00141,41.0,Male,15789.0,Tehran,Bronze,Google Ads,2024-04-03,2024-12-28,14,1300.01,4.7,0,بسته بندی بد بود ولی محصول سالم بود,0
CUST00142,,Female,53202.0,Bandar Abbas,Bronze,Direct,2023-07-27,2023-09-12,6,419.2,3.0,0,قیمت مناسب و کیفیت خوب، پیشنهاد میکنم,0
CUST00143,19.0,Female,59906.0,Tehran,Bronze,Email Campaign,2019-04-09,2023-07-27,10,372.45,,0,بسته بندی بد بود ولی محصول سالم بود,0
CUST00144,40.0,Female,97364.0,Rasht,Gold,Google Ads,2020-09-17,2023-11-03,10,945.88,5.0,0,,0
CUST00145,41.0,Female,47338.0,Mashhad,Bronze,Email Campaign,2021-03-26,2022-10-23,10,93.17,4.5,0,اصلا راضی نبودم، محصول آسیب دیده رسید,0
CUST00146,47.0,Female,36347.0,Shiraz,Gold,Google Ads,2020-12-03,2021-10-13,9,139.74,4.8,0,خیلی راضی بودم از خرید، کیفیت عالی بود,1
CUST00147,23.0,Male,19775.0,Urmia,Platinum,,2020-10-10,2022-11-02,9,204.87,2.9,1,بسته بندی بد بود ولی محصول سالم بود,0
CUST00148,22.0,Male,88895.0,Mashhad,Silver,Google Ads,2020-02-27,2023-01-21,5,102.24,3.4,0,قیمت مناسب و کیفیت خوب، پیشنهاد میکنم,1
CUST00149,44.0,Female,42138.0,Tabriz,Silver,,2020-12-09,2023-06-11,8,33.56,,1,کیفیت متوسط بود ولی ارسال سریع بود,0
CUST00150,42.0,Female,40783.0,Tehran,Silver,Instagram,2020-12-06,2022-12-30,6,186.31,4.2,1,پشتیبانی ضعیف بود اما محصول خوب بود,1
CUST00151,-5.0,Female,31181.0,Tehran,Bronze,Direct,2022-10-10,2024-04-15,10,630.5,,0,خیلی راضی بودم از خرید، کیفیت عالی بود,0
CUST00152,42.0,Male,30008.0,Tehran,Silver,Friend Referral,2023-03-18,2024-10-18,11,844.97,4.5,1,عالی بود، حتما دوباره خرید میکنم,1
CUST00153,30.0,Male,54883.0,Qom,Silver,Friend Referral,2022-07-11,2023-08-17,9,653.99,3.7,0,خیلی راضی بودم از خرید، کیفیت عالی بود,1
CUST00154,41.0,Male,19676.0,Tehran,Platinum,Google Ads,2020-07-05,2023-08-09,8,709.4,5.0,0,کیفیت متوسط بود ولی ارسال سریع بود,0
CUST00155,42.0,Male,96303.0,Tehran,Platinum,Direct,2020-07-06,2020-08-13,9,521.64,4.5,0,خیلی راضی بودم از خرید، کیفیت عالی بود,1
CUST00156,29.0,Male,84501.0,Mashhad,Gold,Instagram,2019-10-13,2021-05-15,5,134.02,3.5,1,خیلی راضی بودم از خرید، کیفیت عالی بود,1
CUST00157,60.0,Female,29365.0,Qom,Gold,Telegram,2023-10-27,2024-04-23,12,84.67,4.7,0,قیمت مناسب و کیفیت خوب، پیشنهاد میکنم,0
CUST00158,,Male,21627.0,Karaj,Silver,Google Ads,2019-05-20,2020-11-17,5,34.26,5.0,0,پشتیبانی ضعیف بود اما محصول خوب بود,0
CUST00159,24.0,Female,10839.0,Tehran,Silver,,2019-04-09,2022-06-01,10,462.37,,0,,0
CUST00160,46.0,Male,,Tehran,Gold,Instagram,2023-03-05,2023-05-06,9,173.08,3.6,0,پشتیبانی ضعیف بود اما محصول خوب بود,0
CUST00161,26.0,Female,56272.0,Zahedan,Bronze,Instagram,2024-01-12,2024-12-08,14,622.73,4.1,0,اصلا راضی نبودم، محصول آسیب دیده رسید,0
CUST00162,47.0,Male,43880.0,Isfahan,Platinum,Google Ads,2020-07-31,2023-08-10,11,154.54,3.7,1,قیمت مناسب و کیفیت خوب، پیشنهاد میکنم,0
CUST00163,52.0,Male,48834.0,Yazd,Silver,Friend Referral,2023-10-13,2024-08-14,10,1008.57,3.9,0,بسته بندی بد بود ولی محصول سالم بود,0
CUST00164,28.0,Male,12000.0,Yazd,Silver,Google Ads,2022-10-06,2023-07-31,14,447.88,3.1,0,اصلا راضی نبودم، محصول آسیب دیده رسید,0
CUST00165,50.0,Other,28639.0,Rasht,Gold,Friend Referral,2022-03-19,2022-04-21,10,341.17,4.7,0,کیفیت متوسط بود ولی ارسال سریع بود,0
CUST00166,43.0,Female,82484.0,Tehran,Platinum,Email Campaign,2021-10-27,2023-11-17,8,293.3,3.3,0,قیمت مناسب و کیفیت خوب، پیشنهاد میکنم,1
CUST00167,48.0,Male,34282.0,Kerman,Bronze,Direct,2021-11-15,2022-01-02,7,652.65,4.5,0,کیفیت متوسط بود ولی ارسال سریع بود,0
CUST00168,61.0,Male,16926.0,Rasht,Gold,Telegram,2020-04-16,2022-02-02,10,158.51,3.9,1,کیفیت متوسط بود ولی ارسال سریع بود,1
CUST00169,35.0,Female,33963.0,Ahvaz,Silver,Instagram,2020-04-17,2024-11-02,6,224.38,4.3,1,,0
CUST00170,29.0,Male,22866.0,Isfahan,Bronze,Telegram,2020-07-20,2022-06-20,8,347.64,3.8,1,عالی بود، حتما دوباره خرید میکنم,0
CUST00171,27.0,Male,44365.0,Isfahan,Gold,Instagram,2020-12-01,2023-11-16,7,146.74,4.2,1,قیمت مناسب و کیفیت خوب، پیشنهاد میکنم,1
CUST00172,,Female,36766.0,Tehran,Silver,Direct,2022-11-13,2023-03-01,12,769.99,4.4,0,,0
CUST00173,37.0,Other,50311.0,Shiraz,Silver,Google Ads,2019-08-21,2023-11-08,4,344.5,3.9,1,کیفیت متوسط بود ولی ارسال سریع بود,1
CUST00174,42.0,Male,17488.0,Ahvaz,Bronze,Friend Referral,2022-10-25,2022-11-17,11,76.16,2.9,1,قیمت مناسب و کیفیت خوب، پیشنهاد میکنم,0
CUST00175,150.0,Male,27744.0,Mashhad,Silver,Google Ads,2020-02-20,2020-09-27,10,690.21,4.3,1,پشتیبانی ضعیف بود اما محصول خوب بود,0
CUST00176,48.0,Female,69861.0,Shiraz,Silver,Email Campaign,2020-07-22,2021-06-01,8,43.43,4.4,1,قیمت مناسب و کیفیت خوب، پیشنهاد میکنم,0
CUST00177,38.0,Male,16114.0,Mashhad,Silver,Instagram,2023-10-26,2024-08-14,8,168.08,3.1,1,خیلی راضی بودم از خرید، کیفیت عالی بود,0
CUST00178,55.0,Male,19893.0,Qom,Bronze,Telegram,2022-09-07,2022-09-16,13,343.29,3.4,0,,0
CUST00179,35.0,Female,40928.0,Urmia,Platinum,Instagram,2019-05-19,2024-01-13,11,297.71,3.9,0,عالی بود، حتما دوباره خرید میکنم,1
CUST00180,,Female,43133.0,Tehran,Silver,Direct,2022-02-03,2024-11-18,9,868.69,2.5,0,پشتیبانی ضعیف بود اما محصول خوب بود,0
CUST00181,46.0,Female,27084.0,Mashhad,Gold,Email Campaign,2019-06-25,2023-08-07,6,171.65,4.6,0,خیلی راضی بودم از خرید، کیفیت عالی بود,1
CUST00182,28.0,,30728.0,Tehran,Silver,Friend Referral,2023-11-12,2024-06-13,2,57.16,,1,خیلی راضی بودم از خرید، کیفیت عالی بود,0
CUST00183,25.0,Female,,Ahvaz,Bronze,Friend Referral,2019-11-23,2022-09-05,11,134.29,4.3,1,کیفیت متوسط بود ولی ارسال سریع بود,0
CUST00184,44.0,Male,60463.0,Karaj,Silver,Email Campaign,2021-12-26,2023-09-24,7,364.22,3.4,0,خیلی راضی بودم از خرید، کیفیت عالی بود,0
CUST00185,35.0,,19120.0,Zahedan,Silver,Friend Referral,2019-05-15,2023-11-19,15,527.4,5.0,0,عالی بود، حتما دوباره خرید میکنم,0
CUST00186,47.0,Male,45188.0,Isfahan,Silver,Friend Referral,2019-06-06,2023-09-09,6,356.59,3.1,0,,1
CUST00187,44.0,Male,89968.0,Sanandaj,Silver,Telegram,2019-02-02,2023-12-13,8,95.8,3.8,0,قیمت مناسب و کیفیت خوب، پیشنهاد میکنم,1
CUST00188,37.0,Female,33876.0,Tehran,Silver,Telegram,2021-03-09,2023-09-05,5,634.78,4.9,0,عالی بود، حتما دوباره خرید میکنم,0
CUST00189,28.0,Male,18998.0,Ahvaz,Bronze,Instagram,2021-12-20,2022-08-18,10,724.76,3.3,0,خیلی راضی بودم از خرید، کیفیت عالی بود,1
CUST00190,20.0,Male,18478.0,Tehran,Silver,Email Campaign,2022-11-04,2024-10-05,5,215.12,4.2,0,,1
CUST00191,33.0,Male,32977.0,Urmia,Bronze,Friend Referral,2021-11-20,2024-05-09,4,331.16,4.5,0,خیلی راضی بودم از خرید، کیفیت عالی بود,0
CUST00192,48.0,Male,67610.0,Tabriz,Bronze,Instagram,2021-06-07,2023-06-17,5,645.84,3.0,0,خیلی راضی بودم از خرید، کیفیت عالی بود,0
CUST00193,41.0,Female,35438.0,Qom,Platinum,Direct,2019-12-26,2020-02-29,9,475.76,3.6,1,خیلی راضی بودم از خرید، کیفیت عالی بود,0
CUST00194,23.0,Female,40682.0,Kerman,Silver,Google Ads,2022-11-29,2023-12-11,10,360.44,4.2,0,بسته بندی بد بود ولی محصول سالم بود,0
CUST00195,40.0,,19974.0,Tehran,Silver,Instagram,2019-12-13,2021-01-03,10,280.61,4.4,1,قیمت مناسب و کیفیت خوب، پیشنهاد میکنم,0
CUST00196,43.0,Male,65504.0,Tehran,Silver,Telegram,2022-05-29,2024-07-27,4,130.35,3.5,0,خیلی راضی بودم از خرید، کیفیت عالی بود,0
CUST00197,27.0,Male,18262.0,Yazd,Platinum,Email Campaign,2020-01-28,2022-03-18,11,523.04,5.0,0,قیمت مناسب و کیفیت خوب، پیشنهاد میکنم,0
CUST00198,40.0,Male,26831.0,Isfahan,Silver,Email Campaign,2019-11-19,2020-06-14,9,312.51,,0,کیفیت متوسط بود ولی ارسال سریع بود,1
CUST00199,39.0,Male,52995.0,Tehran,Gold,,2022-04-16,2023-06-04,6,408.13,4.6,1,خیلی راضی بودم از خرید، کیفیت عالی بود,0
CUST00200,24.0,Male,10682.0,Shiraz,Bronze,Email Campaign,2019-05-02,2019-05-17,12,1288.98,4.6,0,,0
CUST00201,42.0,Female,40311.0,Ahvaz,Platinum,Instagram,2022-07-08,2023-04-30,8,115.26,,1,خیلی راضی بودم از خرید، کیفیت عالی بود,0
CUST00202,45.0,Female,19469.0,Tehran,Gold,Google Ads,2020-11-27,2023-08-09,7,100.33,4.0,1,بسته بندی بد بود ولی محصول سالم بود,1
CUST00203,51.0,,36678.0,Isfahan,Gold,Direct,2022-08-02,2023-03-09,5,144.46,4.1,1,قیمت مناسب و کیفیت خوب، پیشنهاد میکنم,0
CUST00204,51.0,Male,29400.0,Tehran,Bronze,Google Ads,2019-05-03,2020-05-03,10,69.99,3.9,0,خیلی راضی بودم از خرید، کیفیت عالی بود,1
CUST00205,21.0,Female,128476.0,Mashhad,Bronze,Telegram,2020-09-16,2022-11-04,9,1089.14,4.2,1,کیفیت متوسط بود ولی ارسال سریع بود,1
CUST00206,27.0,Male,28685.0,Urmia,Bronze,Telegram,2023-08-13,2024-03-28,8,711.43,2.6,1,پشتیبانی ضعیف بود اما محصول خوب بود,0
CUST00207,44.0,Male,109709.0,Bandar Abbas,Bronze,Google Ads,2023-06-17,2024-08-29,9,321.54,4.2,1,اصلا راضی نبودم، محصول آسیب دیده رسید,0
CUST00208,44.0,Female,51646.0,Ahvaz,Gold,Email Campaign,2021-11-18,2023-10-08,7,268.66,3.9,1,قیمت مناسب و کیفیت خوب، پیشنهاد میکنم,0
CUST00209,44.0,Female,22452.0,Tehran,Bronze,Friend Referral,2022-07-27,2024-01-09,2,107.73,2.6,0,,0
CUST00210,84.0,Male,44289.0,Urmia,Bronze,Friend Referral,2023-07-04,2024-09-25,4,85.17,4.4,0,,0
CUST00211,,Male,30253.0,Tabriz,Bronze,,2019-02-24,2022-01-18,7,221.32,3.3,1,پشتیبانی ضعیف بود اما محصول خوب بود,1
CUST00212,52.0,Male,41995.0,Tehran,Bronze,Friend Referral,2024-02-13,2024-05-30,4,90.61,3.8,0,عالی بود، حتما دوباره خرید میکنم,0
CUST00213,49.0,Female,23663.0,Zahedan,Bronze,Instagram,2021-06-11,2024-10-05,6,261.49,3.9,1,کیفیت متوسط بود ولی ارسال سریع بود,0
CUST00214,46.0,Male,100118.0,Rasht,Gold,Friend Referral,2024-01-07,2024-07-02,9,400.37,2.8,1,خیلی راضی بودم از خرید، کیفیت عالی بود,0
CUST00215,34.0,,63275.0,Karaj,Silver,Direct,2024-04-19,2024-07-23,4,150.15,2.9,1,,0
CUST00216,47.0,Male,37015.0,Karaj,Bronze,Direct,2023-04-03,2024-02-11,10,832.27,4.5,1,اصلا راضی نبودم، محصول آسیب دیده رسید,0
CUST00217,29.0,Male,102485.0,Tehran,Silver,Direct,2021-10-07,2021-10-26,7,265.57,3.7,0,قیمت مناسب و کیفیت خوب، پیشنهاد میکنم,0
CUST00218,35.0,Female,37971.0,Tehran,Silver,Direct,2019-11-13,2021-09-18,11,437.76,3.8,1,,1
CUST00219,32.0,Female,70163.0,Qom,Bronze,Google Ads,2023-04-21,2024-05-06,4,40.04,4.2,0,اصلا راضی نبودم، محصول آسیب دیده رسید,0
CUST00220,39.0,Male,37160.0,Tehran,Silver,Email Campaign,2021-10-23,2023-06-23,16,1064.84,2.9,0,خیلی راضی بودم از خرید، کیفیت عالی بود,0
CUST00221,66.0,Female,45997.0,Shiraz,Gold,Email Campaign,2022-08-14,2023-01-03,8,374.97,3.8,0,پشتیبانی ضعیف بود اما محصول خوب بود,1
CUST00222,16.0,Female,34584.0,Rasht,Gold,Instagram,2021-10-04,2021-12-04,5,358.29,4.0,0,عالی بود، حتما دوباره خرید میکنم,1
CUST00223,46.0,Female,38453.0,Rasht,Gold,Instagram,2020-12-23,2024-06-10,8,157.01,5.0,1,خیلی راضی بودم از خرید، کیفیت عالی بود,0
CUST00224,19.0,Female,40228.0,Shiraz,Bronze,,2024-05-15,2024-09-22,4,61.37,3.5,0,قیمت مناسب و کیفیت خوب، پیشنهاد میکنم,0
CUST00225,32.0,Female,24298.0,Rasht,Platinum,Email Campaign,2020-06-08,2024-11-22,8,274.69,4.7,1,قیمت مناسب و کیفیت خوب، پیشنهاد میکنم,0
CUST00226,51.0,Female,28548.0,Kerman,Gold,Email Campaign,2022-05-15,2024-01-07,9,51.35,4.1,0,کیفیت متوسط بود ولی ارسال سریع بود,0
CUST00227,39.0,Female,31887.0,Qom,Platinum,Email Campaign,2020-10-14,2023-12-04,9,1130.37,3.3,1,خیلی راضی بودم از خرید، کیفیت عالی بود,0
CUST00228,25.0,Male,41682.0,Tehran,Bronze,Friend Referral,2020-04-02,2024-04-04,10,334.33,3.7,1,کیفیت متوسط بود ولی ارسال سریع بود,1
CUST00229,,Male,35655.0,Isfahan,Platinum,Telegram,2020-01-11,2022-07-25,6,15.35,4.7,1,,1
CUST00230,46.0,Male,73410.0,Isfahan,Gold,Friend Referral,2021-02-18,2022-01-25,7,190.66,4.6,0,قیمت مناسب و کیفیت خوب، پیشنهاد میکنم,0
CUST00231,,Male,60371.0,Tehran,Gold,Instagram,2019-07-09,2023-06-20,9,326.83,3.7,1,بسته بندی بد بود ولی محصول سالم بود,1
CUST00232,,Male,32280.0,Isfahan,Bronze,Direct,2022-05-05,2024-01-24,7,755.99,4.3,0,کیفیت متوسط بود ولی ارسال سریع بود,0
CUST00233,39.0,Other,,Tehran,Gold,Friend Referral,2023-12-27,2024-07-11,11,475.27,3.4,1,بسته بندی بد بود ولی محصول سالم بود,0
CUST00234,30.0,Male,111727.0,Shiraz,Platinum,Telegram,2023-01-05,2023-10-13,2,21.71,4.0,0,قیمت مناسب و کیفیت خوب، پیشنهاد میکنم,1
CUST00235,64.0,Male,10654.0,Urmia,Silver,Friend Referral,2022-08-02,2022-08-02,17,924.63,3.8,0,خیلی راضی بودم از خرید، کیفیت عالی بود,0
CUST00236,46.0,Female,63537.0,Tehran,Silver,Friend Referral,2020-07-03,2022-06-25,12,512.41,4.8,0,خیلی راضی بودم از خرید، کیفیت عالی بود,0
CUST00237,14.0,Male,23962.0,Karaj,Platinum,Instagram,2022-05-07,2024-06-19,8,281.96,4.4,0,پشتیبانی ضعیف بود اما محصول خوب بود,1
CUST00238,40.0,Male,58715.0,Qom,Silver,Google Ads,2019-04-25,2022-09-11,3,92.6,3.6,1,عالی بود، حتما دوباره خرید میکنم,1
CUST00239,30.0,Male,76339.0,Tehran,Silver,Instagram,2023-10-19,2024-01-13,9,714.23,3.7,0,,0
CUST00240,48.0,Male,21457.0,Zahedan,Silver,Instagram,2022-06-04,2024-03-29,9,375.56,4.1,1,پشتیبانی ضعیف بود اما محصول خوب بود,0
CUST00241,28.0,Male,11951.0,Tabriz,Platinum,,2020-03-30,2022-08-08,6,238.38,4.0,0,خیلی راضی بودم از خرید، کیفیت عالی بود,0
CUST00242,37.0,Female,59950.0,Mashhad,Bronze,Instagram,2019-08-07,2024-04-24,6,554.09,3.9,1,خیلی راضی بودم از خرید، کیفیت عالی بود,1
CUST00243,44.0,Female,39389.0,Rasht,Silver,Google Ads,2023-11-29,2024-01-28,10,731.5,3.9,0,خیلی راضی بودم از خرید، کیفیت عالی بود,0
CUST00244,48.0,Male,13346.0,Isfahan,Silver,Telegram,2022-02-18,2024-04-24,3,163.65,5.0,0,خیلی راضی بودم از خرید، کیفیت عالی بود,0
CUST00245,24.0,Male,165668.0,Karaj,Gold,Telegram,2024-04-26,2024-07-29,4,92.69,3.8,1,,0
CUST00246,34.0,Male,52820.0,Tehran,Silver,Instagram,2022-05-22,2024-07-15,10,325.48,4.3,1,عالی بود، حتما دوباره خرید میکنم,0
CUST00247,32.0,Female,54288.0,Kerman,Platinum,Direct,2019-07-03,2023-10-26,6,232.01,5.0,0,کیفیت متوسط بود ولی ارسال سریع بود,1
CUST00248,30.0,Male,82412.0,Shiraz,Platinum,Direct,2022-01-05,2024-08-22,12,146.99,3.5,0,,1
CUST00249,59.0,Male,384450.0,Ahvaz,Bronze,Google Ads,2020-10-28,2021-08-20,9,248.92,4.2,0,کیفیت متوسط بود ولی ارسال سریع بود,0
CUST00250,43.0,Female,39272.0,Tehran,Silver,Google Ads,2023-04-01,2023-08-01,9,386.04,,0,کیفیت متوسط بود ولی ارسال سریع بود,0
CUST00251,23.0,Female,16455.0,Qom,Bronze,Email Campaign,2019-07-15,2024-02-17,10,631.12,4.1,1,کیفیت متوسط بود ولی ارسال سریع بود,0
CUST00252,49.0,Male,25216.0,Rasht,Bronze,Email Campaign,2023-04-09,2024-07-07,6,367.43,4.1,0,خیلی راضی بودم از خرید، کیفیت عالی بود,0
CUST00253,63.0,Male,45771.0,Shiraz,Silver,Telegram,2019-02-02,2022-07-10,9,71.56,3.5,0,کیفیت متوسط بود ولی ارسال سریع بود,1
CUST00254,50.0,Female,13371.0,Ahvaz,Platinum,Instagram,2024-02-19,2024-03-11,7,216.8,4.4,0,اصلا راضی نبودم، محصول آسیب دیده رسید,0
CUST00255,20.0,Female,24791.0,Shiraz,Gold,Friend Referral,2020-10-08,2021-11-13,12,249.78,2.8,0,اصلا راضی نبودم، محصول آسیب دیده رسید,1
CUST00256,32.0,Female,20811.0,Urmia,Bronze,Telegram,2019-08-06,2024-01-07,8,50.51,5.0,1,کیفیت متوسط بود ولی ارسال سریع بود,1
CUST00257,53.0,Female,39547.0,Shiraz,Bronze,Instagram,2022-07-20,2022-11-26,10,372.22,,1,قیمت مناسب و کیفیت خوب، پیشنهاد میکنم,0
CUST00258,30.0,Female,51268.0,Yazd,Silver,Friend Referral,2021-10-17,2022-08-04,6,164.2,,0,اصلا راضی نبودم، محصول آسیب دیده رسید,0
CUST00259,43.0,,56687.0,Kerman,Silver,Telegram,2019-11-02,2020-08-03,11,459.83,4.8,0,بسته بندی بد بود ولی محصول سالم بود,1
CUST00260,47.0,Other,66124.0,Mashhad,Bronze,Google Ads,2023-12-30,2024-11-16,7,431.58,3.9,0,عالی بود، حتما دوباره خرید میکنم,0
CUST00261,27.0,Male,82724.0,Tehran,Gold,Direct,2022-05-04,2023-05-14,6,325.0,4.1,1,بسته بندی بد بود ولی محصول سالم بود,0
CUST00262,37.0,Female,52279.0,Mashhad,Platinum,Email Campaign,2023-12-28,2024-02-20,8,1099.72,3.6,0,قیمت مناسب و کیفیت خوب، پیشنهاد میکنم,0
CUST00263,-1.0,Male,112691.0,Kerman,Silver,Google Ads,2024-01-03,2024-03-08,8,373.98,4.7,0,پشتیبانی ضعیف بود اما محصول خوب بود,0
CUST00264,26.0,Male,39015.0,Tehran,Gold,Email Campaign,2023-04-15,2023-05-10,8,841.73,3.7,0,خیلی راضی بودم از خرید، کیفیت عالی بود,0
CUST00265,35.0,Female,32729.0,Tabriz,Bronze,Instagram,2022-12-29,2024-03-13,9,144.61,4.6,1,,0
CUST00266,23.0,Male,52281.0,Kerman,Gold,Email Campaign,2022-08-14,2024-09-16,6,321.36,4.1,1,کیفیت متوسط بود ولی ارسال سریع بود,0
CUST00267,58.0,Female,31893.0,Mashhad,Silver,Instagram,2019-05-19,2022-09-20,12,274.99,4.1,0,خیلی راضی بودم از خرید، کیفیت عالی بود,1
CUST00268,21.0,Male,110364.0,Qom,Bronze,Instagram,2022-01-06,2023-10-09,5,169.67,3.1,0,خیلی راضی بودم از خرید، کیفیت عالی بود,0
CUST00269,33.0,Female,71581.0,Tehran,Platinum,Telegram,2020-06-02,2023-11-20,6,446.3,4.1,1,قیمت مناسب و کیفیت خوب، پیشنهاد میکنم,0
CUST00270,40.0,Female,56964.0,Tehran,Silver,Friend Referral,2020-04-11,2022-04-04,9,303.11,3.3,0,کیفیت متوسط بود ولی ارسال سریع بود,1
CUST00271,55.0,Female,39295.0,Rasht,Gold,Email Campaign,2019-03-23,2022-07-18,11,926.66,4.1,0,بسته بندی بد بود ولی محصول سالم بود,0
CUST00272,21.0,Male,28439.0,Tehran,Bronze,Google Ads,2019-02-06,2021-04-17,13,305.95,5.0,1,کیفیت متوسط بود ولی ارسال سریع بود,1
CUST00273,52.0,Male,55315.0,Isfahan,Bronze,Google Ads,2022-03-03,2024-03-09,6,93.05,3.1,1,عالی بود، حتما دوباره خرید میکنم,0
CUST00274,38.0,Female,18467.0,Yazd,Bronze,Friend Referral,2021-08-29,2023-09-25,11,538.22,4.0,1,کیفیت متوسط بود ولی ارسال سریع بود,0
CUST00275,26.0,Male,91182.0,Mashhad,Silver,Friend Referral,2022-10-04,2024-04-23,5,252.89,3.7,0,,0
CUST00276,44.0,Other,32644.0,Sanandaj,Silver,Google Ads,2020-12-24,2022-07-13,7,223.95,,0,پشتیبانی ضعیف بود اما محصول خوب بود,1
CUST00277,40.0,Female,43611.0,Sanandaj,Bronze,Telegram,2020-05-15,2023-12-05,6,389.74,3.5,0,قیمت مناسب و کیفیت خوب، پیشنهاد میکنم,1
CUST00278,31.0,Male,21041.0,Isfahan,Silver,Direct,2024-04-11,2024-09-10,10,51.66,5.0,1,اصلا راضی نبودم، محصول آسیب دیده رسید,0
CUST00279,39.0,Male,56038.0,Tehran,Silver,Email Campaign,2024-05-02,2024-06-23,5,89.16,5.0,1,پشتیبانی ضعیف بود اما محصول خوب بود,0
CUST00280,33.0,Male,27660.0,Karaj,Gold,,2022-01-28,2024-10-27,6,339.41,3.4,1,اصلا راضی نبودم، محصول آسیب دیده رسید,0
CUST00281,39.0,Female,53612.0,Shiraz,Silver,Google Ads,2023-09-09,2024-11-08,8,278.17,4.4,1,قیمت مناسب و کیفیت خوب، پیشنهاد میکنم,0
CUST00282,46.0,Male,57207.0,Tehran,Platinum,Direct,2022-06-24,2023-10-23,6,146.65,3.5,1,قیمت مناسب و کیفیت خوب، پیشنهاد میکنم,1
CUST00283,57.0,Male,24623.0,Karaj,Silver,Google Ads,2022-11-10,2023-06-01,3,138.54,3.6,0,کیفیت متوسط بود ولی ارسال سریع بود,0
CUST00284,23.0,Male,18507.0,Tehran,Silver,Telegram,2023-10-21,2024-02-09,6,479.59,2.7,0,اصلا راضی نبودم، محصول آسیب دیده رسید,0
CUST00285,64.0,Female,91048.0,Yazd,Bronze,Friend Referral,2022-04-06,2023-02-24,7,376.32,5.0,0,خیلی راضی بودم از خرید، کیفیت عالی بود,0
CUST00286,15.0,Male,32358.0,Tehran,Bronze,,2022-05-15,2024-12-28,103,7324.98,4.9,0,عالی بود، حتما دوباره خرید میکنم,0
CUST00287,36.0,Male,41561.0,Tehran,Bronze,Direct,2020-02-21,2023-08-25,7,390.45,3.6,0,,1
CUST00288,45.0,Female,48595.0,Tehran,Silver,,2022-03-22,2024-10-26,9,848.96,4.3,1,کیفیت متوسط بود ولی ارسال سریع بود,0
CUST00289,41.0,Female,17116.0,Sanandaj,Bronze,Email Campaign,2020-03-19,2024-06-17,4,110.26,3.8,0,اصلا راضی نبودم، محصول آسیب دیده رسید,1
CUST00290,31.0,Female,47935.0,Karaj,Bronze,Email Campaign,2021-02-24,2023-10-02,7,584.58,4.8,1,اصلا راضی نبودم، محصول آسیب دیده رسید,1
CUST00291,36.0,Male,38541.0,Kerman,Gold,Direct,2021-01-14,2024-10-18,9,77.43,3.9,1,اصلا راضی نبودم، محصول آسیب دیده رسید,1
CUST00292,32.0,Male,,Mashhad,Bronze,Friend Referral,2022-07-20,2024-05-27,9,126.5,4.0,0,,0
CUST00293,31.0,Female,18144.0,Isfahan,Bronze,Google Ads,2019-10-13,2024-10-22,6,383.69,3.6,0,,0
CUST00294,48.0,Male,52236.0,Tehran,Bronze,Google Ads,2020-10-18,2023-03-30,6,79.56,4.5,0,,0
CUST00295,42.0,Female,71441.0,Shiraz,Gold,Instagram,2022-10-02,2023-12-10,7,224.23,5.0,0,عالی بود، حتما دوباره خرید میکنم,0
CUST00296,,Female,40423.0,Tabriz,Bronze,Friend Referral,2020-01-16,2024-01-04,7,653.59,3.9,0,قیمت مناسب و کیفیت خوب، پیشنهاد میکنم,1
CUST00297,,Male,15357.0,Ahvaz,Silver,Friend Referral,2023-04-02,2024-01-06,6,95.03,3.9,1,پشتیبانی ضعیف بود اما محصول خوب بود,0
CUST00298,42.0,Female,19256.0,Isfahan,Silver,Friend Referral,2020-05-14,2021-05-19,13,981.91,,0,,0
CUST00299,,Other,28021.0,Zahedan,Silver,,2019-07-31,2024-03-19,6,184.51,4.3,0,پشتیبانی ضعیف بود اما محصول خوب بود,0
CUST00300,46.0,Male,92853.0,Tehran,Silver,Email Campaign,2022-04-06,2024-10-24,7,101.93,3.9,0,عالی بود، حتما دوباره خرید میکنم,0
CUST00301,28.0,Female,31318.0,Sanandaj,Gold,Instagram,2019-10-17,2020-06-21,6,248.68,3.8,0,,1
CUST00302,31.0,Male,27415.0,Tehran,Bronze,Google Ads,2020-09-11,2023-02-18,10,891.93,4.2,0,خیلی راضی بودم از خرید، کیفیت عالی بود,1
CUST00303,47.0,Male,13305.0,Shiraz,Bronze,Friend Referral,2021-02-24,2021-08-23,2,25.7,,0,بسته بندی بد بود ولی محصول سالم بود,1
CUST00304,45.0,Male,24489.0,Isfahan,Bronze,Google Ads,2019-05-07,2021-04-08,5,60.74,3.7,1,پشتیبانی ضعیف بود اما محصول خوب بود,1
CUST00305,38.0,Female,,Shiraz,Bronze,Direct,2021-03-19,2023-12-12,8,499.96,2.7,0,خیلی راضی بودم از خرید، کیفیت عالی بود,1
CUST00306,39.0,Other,19892.0,Tabriz,Bronze,Friend Referral,2024-04-07,2024-08-23,5,132.18,3.8,1,,0
CUST00307,53.0,Female,39025.0,Shiraz,Bronze,Telegram,2020-06-24,2020-09-09,5,692.83,3.4,0,اصلا راضی نبودم، محصول آسیب دیده رسید,0
CUST00308,31.0,Male,,Mashhad,Silver,Email Campaign,2024-04-19,2024-09-16,8,404.89,4.5,0,عالی بود، حتما دوباره خرید میکنم,0
CUST00309,45.0,Female,100679.0,Karaj,Silver,Direct,2019-01-13,2019-03-03,8,637.62,3.6,0,بسته بندی بد بود ولی محصول سالم بود,1
CUST00310,36.0,Male,69342.0,Qom,Bronze,Instagram,2019-06-24,2019-09-16,6,296.07,3.8,1,کیفیت متوسط بود ولی ارسال سریع بود,1
CUST00311,35.0,Female,25202.0,Kerman,Gold,Direct,2023-07-18,2023-07-21,3,39.52,2.6,1,عالی بود، حتما دوباره خرید میکنم,0
CUST00312,51.0,Male,20950.0,Tehran,Bronze,Friend Referral,2022-06-08,2023-04-20,7,133.77,4.8,0,,0
CUST00313,48.0,Male,83248.0,Ahvaz,Bronze,Google Ads,2020-06-16,2023-07-25,107,2301.98,3.3,1,پشتیبانی ضعیف بود اما محصول خوب بود,0
CUST00314,48.0,Male,98324.0,Ahvaz,Silver,Instagram,2022-07-12,2023-06-10,7,407.27,3.8,0,اصلا راضی نبودم، محصول آسیب دیده رسید,0
CUST00315,54.0,Female,9735.0,Mashhad,Bronze,Friend Referral,2022-11-20,2024-12-21,10,403.36,4.6,0,خیلی راضی بودم از خرید، کیفیت عالی بود,1
CUST00316,38.0,Male,38396.0,Shiraz,Bronze,Google Ads,2021-07-10,2024-09-08,13,88.62,4.6,0,قیمت مناسب و کیفیت خوب، پیشنهاد میکنم,0
CUST00317,150.0,Female,31222.0,Isfahan,Silver,Google Ads,2021-08-03,2023-04-06,9,596.03,3.3,0,خیلی راضی بودم از خرید، کیفیت عالی بود,1
CUST00318,34.0,Male,53609.0,Tehran,Platinum,Telegram,2023-05-26,2023-09-21,5,778.88,4.5,0,قیمت مناسب و کیفیت خوب، پیشنهاد میکنم,0
CUST00319,42.0,Male,116495.0,Tehran,Gold,Direct,2022-05-27,2023-05-11,5,77.97,3.3,0,عالی بود، حتما دوباره خرید میکنم,0
CUST00320,36.0,Male,27162.0,Tehran,Bronze,Google Ads,2023-01-29,2024-12-15,6,107.14,4.3,1,بسته بندی بد بود ولی محصول سالم بود,0
CUST00321,39.0,Other,10547.0,Qom,Gold,Instagram,2023-11-14,2023-12-13,14,332.23,,1,کیفیت متوسط بود ولی ارسال سریع بود,0
CUST00322,45.0,Female,51401.0,Qom,Gold,Email Campaign,2020-03-16,2023-02-27,10,367.59,3.4,1,کیفیت متوسط بود ولی ارسال سریع بود,1
CUST00323,28.0,Male,83615.0,Sanandaj,Silver,Instagram,2024-02-07,2024-08-20,9,150.77,4.1,0,عالی بود، حتما دوباره خرید میکنم,0
CUST00324,63.0,Male,30265.0,Karaj,Gold,Email Campaign,2022-03-09,2024-01-22,9,833.11,3.6,1,قیمت مناسب و کیفیت خوب، پیشنهاد میکنم,0
CUST00325,26.0,Male,23789.0,Tehran,Silver,Telegram,2020-08-22,2021-07-17,3,349.38,5.0,0,عالی بود، حتما دوباره خرید میکنم,0
CUST00326,23.0,Female,27935.0,Urmia,Bronze,Google Ads,2020-12-28,2021-08-03,4,177.86,3.7,1,,1
CUST00327,52.0,Male,60483.0,Yazd,Silver,Google Ads,2019-11-26,2020-06-20,8,309.46,3.3,1,,0
CUST00328,47.0,Female,,Shiraz,Silver,Instagram,2022-04-10,2024-02-08,11,85.85,3.5,0,خیلی راضی بودم از خرید، کیفیت عالی بود,0
CUST00329,45.0,Female,44234.0,Ahvaz,Silver,Google Ads,2020-01-10,2022-05-03,10,142.73,4.1,0,خیلی راضی بودم از خرید، کیفیت عالی بود,1
CUST00330,46.0,Male,36926.0,Sanandaj,Silver,Instagram,2019-05-14,2019-08-06,6,25.33,4.2,0,کیفیت متوسط بود ولی ارسال سریع بود,1
CUST00331,38.0,Female,34710.0,Tabriz,Platinum,Telegram,2024-05-10,2024-10-29,10,247.12,4.3,1,کیفیت متوسط بود ولی ارسال سریع بود,0
CUST00332,27.0,Female,55314.0,Urmia,Platinum,Instagram,2020-06-05,2021-02-04,13,372.34,4.7,0,,0
CUST00333,39.0,Female,27251.0,Tehran,Gold,Friend Referral,2020-03-16,2022-08-04,7,433.38,2.9,1,قیمت مناسب و کیفیت خوب، پیشنهاد میکنم,1
CUST00334,30.0,Male,28047.0,Tehran,Gold,Telegram,2021-11-03,2024-08-21,13,582.63,4.8,0,قیمت مناسب و کیفیت خوب، پیشنهاد میکنم,0
CUST00335,50.0,Male,58604.0,Shiraz,Platinum,Google Ads,2020-06-08,2024-02-26,5,102.07,3.5,0,عالی بود، حتما دوباره خرید میکنم,0
CUST00336,36.0,Male,20087.0,Ahvaz,Bronze,Instagram,2022-09-06,2023-04-05,10,642.96,4.4,1,قیمت مناسب و کیفیت خوب، پیشنهاد میکنم,0
CUST00337,28.0,Male,21415.0,Kerman,Bronze,Instagram,2022-08-13,2024-03-30,11,1897.96,5.0,0,قیمت مناسب و کیفیت خوب، پیشنهاد میکنم,0
CUST00338,34.0,Male,17048.0,Bandar Abbas,Silver,Instagram,2023-02-19,2023-08-20,12,799.74,3.5,0,عالی بود، حتما دوباره خرید میکنم,0
CUST00339,43.0,Male,60440.0,Mashhad,Gold,Direct,2020-09-14,2023-11-14,11,293.62,3.5,0,اصلا راضی نبودم، محصول آسیب دیده رسید,0
CUST00340,31.0,Female,34093.0,Tehran,Silver,Google Ads,2021-11-22,2024-08-31,9,436.2,3.4,1,خیلی راضی بودم از خرید، کیفیت عالی بود,1
CUST00341,28.0,Male,16512.0,Kerman,Gold,Direct,2023-04-19,2024-04-02,6,97.91,3.9,0,قیمت مناسب و کیفیت خوب، پیشنهاد میکنم,0
CUST00342,41.0,Male,60614.0,Ahvaz,Bronze,Friend Referral,2023-11-13,2024-08-20,5,73.67,5.0,0,قیمت مناسب و کیفیت خوب، پیشنهاد میکنم,0
CUST00343,41.0,Male,26021.0,Tehran,Bronze,Friend Referral,2021-01-20,2021-11-08,10,1224.13,3.3,1,قیمت مناسب و کیفیت خوب، پیشنهاد میکنم,0
CUST00344,32.0,Female,21525.0,Shiraz,Gold,Friend Referral,2022-11-01,2023-07-27,7,343.33,,0,کیفیت متوسط بود ولی ارسال سریع بود,0
CUST00345,32.0,Female,32293.0,Karaj,Bronze,Direct,2021-09-25,2024-06-04,5,407.78,,0,کیفیت متوسط بود ولی ارسال سریع بود,1
CUST00346,41.0,Female,88189.0,Rasht,Bronze,Google Ads,2020-04-26,2020-05-15,9,294.76,4.5,0,اصلا راضی نبودم، محصول آسیب دیده رسید,0
CUST00347,,Male,28653.0,Shiraz,Bronze,Instagram,2020-08-03,2022-08-31,10,146.38,3.8,0,خیلی راضی بودم از خرید، کیفیت عالی بود,0
CUST00348,21.0,,51288.0,Isfahan,Bronze,Telegram,2019-12-22,2024-09-22,9,108.75,4.0,0,پشتیبانی ضعیف بود اما محصول خوب بود,1
CUST00349,29.0,Male,56176.0,Sanandaj,Gold,Google Ads,2022-01-23,2023-03-03,5,93.47,4.7,1,پشتیبانی ضعیف بود اما محصول خوب بود,0
CUST00350,35.0,Male,47380.0,Qom,Bronze,Friend Referral,2019-10-31,2022-12-12,10,539.2,5.0,1,پشتیبانی ضعیف بود اما محصول خوب بود,0
CUST00351,42.0,Male,77858.0,Mashhad,Silver,Telegram,2019-12-09,2021-11-08,6,58.33,5.0,0,کیفیت متوسط بود ولی ارسال سریع بود,0
CUST00352,56.0,Male,23759.0,Isfahan,Bronze,Friend Referral,2021-06-18,2024-02-22,12,499.84,5.0,0,کیفیت متوسط بود ولی ارسال سریع بود,0
CUST00353,48.0,Male,19419.0,Karaj,Gold,Telegram,2022-03-13,2024-11-11,4,236.48,3.6,0,,0
CUST00354,36.0,Female,19191.0,Tehran,Bronze,Friend Referral,2022-06-29,2022-07-24,9,127.17,5.0,0,پشتیبانی ضعیف بود اما محصول خوب بود,0
CUST00355,38.0,Female,33300.0,Tehran,Silver,Direct,2020-05-09,2021-11-25,7,1203.38,3.6,1,عالی بود، حتما دوباره خرید میکنم,1
CUST00356,26.0,Male,20574.0,Tabriz,Gold,Direct,2020-03-04,2024-11-03,3,224.51,2.9,0,اصلا راضی نبودم، محصول آسیب دیده رسید,0
CUST00357,38.0,Female,39677.0,Isfahan,Bronze,Friend Referral,2019-08-19,2020-09-16,10,366.29,4.2,1,قیمت مناسب و کیفیت خوب، پیشنهاد میکنم,1
CUST00358,35.0,Male,38032.0,Ahvaz,Gold,Telegram,2020-06-07,2023-03-04,5,108.1,5.0,0,,1
CUST00359,42.0,Male,66913.0,Tehran,Silver,Email Campaign,2020-07-29,2024-06-02,6,302.13,4.6,0,بسته بندی بد بود ولی محصول سالم بود,0
CUST00360,28.0,Female,43247.0,Qom,Silver,Friend Referral,2021-08-30,2023-02-03,9,442.47,4.0,0,بسته بندی بد بود ولی محصول سالم بود,0
CUST00361,44.0,Female,28291.0,Isfahan,Bronze,Friend Referral,2022-04-16,2023-10-06,4,169.42,4.3,0,بسته بندی بد بود ولی محصول سالم بود,0
CUST00362,56.0,Male,46468.0,Tehran,Platinum,Direct,2024-02-16,2024-05-08,8,413.88,4.5,1,عالی بود، حتما دوباره خرید میکنم,0
CUST00363,37.0,Male,19573.0,Tehran,Gold,Telegram,2020-01-26,2022-04-06,12,206.2,4.2,0,پشتیبانی ضعیف بود اما محصول خوب بود,0
CUST00364,43.0,Female,35494.0,Zahedan,Bronze,Instagram,2022-08-05,2024-02-05,12,796.99,3.9,0,خیلی راضی بودم از خرید، کیفیت عالی بود,0
CUST00365,46.0,Female,43987.0,Yazd,Bronze,Email Campaign,2022-10-22,2024-01-09,12,135.1,3.6,0,پشتیبانی ضعیف بود اما محصول خوب بود,0
CUST00366,33.0,Female,39245.0,Tehran,Gold,Instagram,2021-04-02,2021-06-27,9,42.3,4.2,1,کیفیت متوسط بود ولی ارسال سریع بود,0
CUST00367,41.0,Male,46585.0,Rasht,Silver,Direct,2023-12-04,2024-10-19,4,245.28,,1,خیلی راضی بودم از خرید، کیفیت عالی بود,0
CUST00368,38.0,Male,24676.0,Ahvaz,Gold,Direct,2019-04-24,2020-05-14,9,476.16,4.1,0,پشتیبانی ضعیف بود اما محصول خوب بود,1
CUST00369,39.0,Male,72491.0,Sanandaj,Silver,,2019-04-17,2021-12-04,5,197.97,4.8,1,,1
CUST00370,29.0,Male,108369.0,Mashhad,Gold,Instagram,2019-11-08,2021-09-05,6,142.44,3.9,0,پشتیبانی ضعیف بود اما محصول خوب بود,1
CUST00371,38.0,Other,13883.0,Qom,Bronze,Telegram,2021-06-09,2022-03-21,7,192.45,4.0,1,اصلا راضی نبودم، محصول آسیب دیده رسید,0
CUST00372,44.0,Female,17512.0,Tehran,Bronze,Friend Referral,2019-02-16,2020-02-19,6,99.85,4.2,1,قیمت مناسب و کیفیت خوب، پیشنهاد میکنم,1
CUST00373,55.0,Male,37266.0,Mashhad,Silver,Google Ads,2020-07-23,2022-05-08,5,242.77,,0,بسته بندی بد بود ولی محصول سالم بود,1
CUST00374,50.0,Female,31134.0,Sanandaj,Platinum,Instagram,2020-11-09,2024-10-24,9,33.62,3.3,0,,0
CUST00375,64.0,Female,113306.0,Tabriz,Bronze,Telegram,2020-08-24,2022-06-08,10,64.07,4.9,1,قیمت مناسب و کیفیت خوب، پیشنهاد میکنم,0
CUST00376,29.0,Male,41435.0,Isfahan,Silver,Friend Referral,2020-12-31,2022-11-27,11,191.18,3.9,0,قیمت مناسب و کیفیت خوب، پیشنهاد میکنم,1
CUST00377,48.0,Female,83745.0,Tehran,Silver,Instagram,2020-09-27,2024-10-02,8,354.33,4.1,1,بسته بندی بد بود ولی محصول سالم بود,1
CUST00378,40.0,Female,10620.0,Karaj,Silver,Telegram,2021-07-04,2024-04-22,8,297.64,3.2,0,اصلا راضی نبودم، محصول آسیب دیده رسید,0
CUST00379,64.0,Female,59190.0,Qom,Gold,Direct,2019-03-07,2021-09-06,10,972.68,5.0,0,خیلی راضی بودم از خرید، کیفیت عالی بود,1
CUST00380,28.0,Male,23640.0,Mashhad,Gold,Direct,2019-10-11,2020-07-24,13,417.78,4.3,1,اصلا راضی نبودم، محصول آسیب دیده رسید,1
CUST00381,28.0,Female,23414.0,Sanandaj,Bronze,Email Campaign,2024-03-28,2024-06-30,11,772.16,4.6,0,اصلا راضی نبودم، محصول آسیب دیده رسید,0
CUST00382,31.0,Female,31288.0,Tehran,Platinum,Friend Referral,2021-04-15,2023-02-12,7,298.41,,0,کیفیت متوسط بود ولی ارسال سریع بود,0
CUST00383,13.0,Male,15448.0,Isfahan,Gold,,2019-08-19,2019-09-28,9,41.08,3.7,0,قیمت مناسب و کیفیت خوب، پیشنهاد میکنم,1
CUST00384,32.0,Male,47367.0,Zahedan,Gold,Email Campaign,2024-04-12,2024-09-13,8,117.12,4.4,0,کیفیت متوسط بود ولی ارسال سریع بود,0
CUST00385,29.0,Female,40718.0,Isfahan,Silver,Google Ads,2022-11-06,2024-03-23,6,99.87,4.0,0,خیلی راضی بودم از خرید، کیفیت عالی بود,0
CUST00386,40.0,Male,42605.0,Isfahan,Gold,Instagram,2023-04-28,2024-01-27,11,225.37,4.4,1,کیفیت متوسط بود ولی ارسال سریع بود,0
CUST00387,42.0,Female,61835.0,Tabriz,Bronze,Friend Referral,2020-08-08,2024-12-13,7,206.63,5.0,1,عالی بود، حتما دوباره خرید میکنم,0
CUST00388,61.0,Female,90117.0,Kerman,Bronze,Friend Referral,2020-02-17,2020-08-13,9,746.54,4.5,1,پشتیبانی ضعیف بود اما محصول خوب بود,0
CUST00389,49.0,Male,29196.0,Tehran,Gold,Telegram,2021-10-18,2022-03-03,6,204.43,3.8,1,کیفیت متوسط بود ولی ارسال سریع بود,1
CUST00390,31.0,Male,48359.0,Zahedan,Bronze,Telegram,2020-11-07,2022-12-13,5,113.97,3.6,1,اصلا راضی نبودم، محصول آسیب دیده رسید,1
CUST00391,27.0,Female,43295.0,Rasht,Bronze,Direct,2019-01-31,2021-10-14,11,808.41,3.6,1,قیمت مناسب و کیفیت خوب، پیشنهاد میکنم,1
CUST00392,44.0,Male,45550.0,Tehran,Gold,Friend Referral,2020-12-23,2024-04-09,6,438.68,3.8,1,پشتیبانی ضعیف بود اما محصول خوب بود,1
CUST00393,22.0,Female,45961.0,Karaj,Gold,Instagram,2021-11-18,2022-07-18,10,27.8,3.8,0,قیمت مناسب و کیفیت خوب، پیشنهاد میکنم,0
CUST00394,60.0,Female,94306.0,Mashhad,Bronze,Email Campaign,2022-11-16,2023-02-19,8,295.48,4.2,0,بسته بندی بد بود ولی محصول سالم بود,0
CUST00395,52.0,Female,27562.0,Mashhad,Gold,Google Ads,2022-04-18,2022-10-31,13,1174.05,4.5,0,پشتیبانی ضعیف بود اما محصول خوب بود,0
CUST00396,32.0,Other,14539.0,Rasht,Silver,,2020-03-30,2021-09-06,9,292.84,4.4,1,عالی بود، حتما دوباره خرید میکنم,0
CUST00397,17.0,Female,23891.0,Sanandaj,Silver,Instagram,2021-08-26,2023-05-19,5,76.53,4.2,0,خیلی راضی بودم از خرید، کیفیت عالی بود,0
CUST00398,54.0,Male,57203.0,Tehran,Gold,,2023-02-24,2024-03-16,14,976.39,4.2,0,عالی بود، حتما دوباره خرید میکنم,0
CUST00399,37.0,Other,36827.0,Mashhad,Silver,Instagram,2021-12-19,2023-01-30,11,146.07,5.0,0,,0
CUST00400,53.0,Female,27431.0,Shiraz,Bronze,Google Ads,2024-01-08,2024-10-02,7,301.68,3.6,1,خیلی راضی بودم از خرید، کیفیت عالی بود,0
CUST00401,19.0,Male,19036.0,Mashhad,Bronze,Instagram,2023-05-25,2023-11-11,14,451.61,4.1,1,کیفیت متوسط بود ولی ارسال سریع بود,0
CUST00402,31.0,Male,41472.0,Mashhad,Silver,Direct,2021-03-17,2023-02-05,11,85.52,2.9,0,قیمت مناسب و کیفیت خوب، پیشنهاد میکنم,0
CUST00403,38.0,Female,53461.0,Tehran,Silver,Email Campaign,2023-08-23,2024-02-08,3,240.35,3.8,1,خیلی راضی بودم از خرید، کیفیت عالی بود,0
CUST00404,39.0,Male,43631.0,Qom,Gold,Friend Referral,2023-03-10,2023-08-15,16,822.6,3.5,1,,0
CUST00405,33.0,Female,31195.0,Shiraz,Gold,Email Campaign,2021-06-04,2022-08-24,6,598.58,3.6,0,,1
CUST00406,45.0,Female,39655.0,Tehran,Silver,Telegram,2024-05-04,2024-10-04,4,148.14,3.3,0,کیفیت متوسط بود ولی ارسال سریع بود,0
CUST00407,25.0,Male,39518.0,Kerman,Gold,Telegram,2020-08-18,2023-06-01,7,114.78,3.2,0,خیلی راضی بودم از خرید، کیفیت عالی بود,0
CUST00408,36.0,Female,40693.0,Kerman,Bronze,Email Campaign,2020-06-23,2023-07-03,13,111.14,4.2,0,بسته بندی بد بود ولی محصول سالم بود,0
CUST00409,39.0,Male,17844.0,Shiraz,Bronze,Google Ads,2019-05-06,2022-04-20,7,518.92,4.6,1,کیفیت متوسط بود ولی ارسال سریع بود,0
CUST00410,,Male,40880.0,Isfahan,Gold,Google Ads,2021-11-18,2022-03-09,9,134.56,3.6,1,خیلی راضی بودم از خرید، کیفیت عالی بود,0
CUST00411,47.0,Female,27879.0,Ahvaz,Bronze,Email Campaign,2023-05-22,2023-07-08,8,1370.43,2.7,1,اصلا راضی نبودم، محصول آسیب دیده رسید,1
CUST00412,25.0,Male,67804.0,Isfahan,Bronze,Email Campaign,2020-05-17,2024-10-18,11,1384.4,4.2,0,بسته بندی بد بود ولی محصول سالم بود,0
CUST00413,20.0,Female,39330.0,Tehran,Silver,,2019-01-21,2024-04-14,5,199.52,4.4,1,,1
CUST00414,53.0,Female,59951.0,Karaj,Silver,Email Campaign,2022-08-03,2023-08-13,7,212.71,4.6,0,قیمت مناسب و کیفیت خوب، پیشنهاد میکنم,0
CUST00415,42.0,Female,30301.0,Tehran,Gold,Instagram,2019-10-29,2022-02-02,6,122.02,3.4,0,کیفیت متوسط بود ولی ارسال سریع بود,1
CUST00416,29.0,Male,30964.0,Tehran,Bronze,Email Campaign,2023-11-06,2023-12-08,9,203.31,,0,اصلا راضی نبودم، محصول آسیب دیده رسید,0
CUST00417,57.0,Male,89014.0,Tehran,Bronze,Friend Referral,2021-03-23,2022-08-08,8,1209.32,3.3,1,خیلی راضی بودم از خرید، کیفیت عالی بود,1
CUST00418,39.0,Female,47184.0,Tehran,Bronze,,2020-04-13,2021-12-30,5,133.29,3.6,1,,1
CUST00419,52.0,Female,23654.0,Tehran,Silver,Friend Referral,2022-11-17,2022-11-19,7,378.84,3.5,0,خیلی راضی بودم از خرید، کیفیت عالی بود,1
CUST00420,39.0,Female,62205.0,Bandar Abbas,Bronze,Telegram,2023-01-11,2024-05-10,6,342.64,3.7,1,قیمت مناسب و کیفیت خوب، پیشنهاد میکنم,0
CUST00421,63.0,Female,26371.0,Isfahan,Silver,Friend Referral,2020-02-14,2024-05-02,11,847.85,3.9,0,قیمت مناسب و کیفیت خوب، پیشنهاد میکنم,0
CUST00422,59.0,Male,41582.0,Tehran,Gold,Google Ads,2023-11-08,2024-10-28,12,610.46,,0,خیلی راضی بودم از خرید، کیفیت عالی بود,1
CUST00423,35.0,Male,109317.0,Tehran,Platinum,Instagram,2022-01-06,2022-02-16,10,373.57,3.5,0,بسته بندی بد بود ولی محصول سالم بود,1
CUST00424,50.0,Female,15386.0,Zahedan,Bronze,Email Campaign,2020-05-18,2020-05-26,7,130.36,,0,کیفیت متوسط بود ولی ارسال سریع بود,1
CUST00425,46.0,Male,32680.0,Tabriz,Silver,Direct,2020-07-07,2023-04-02,12,672.49,3.5,1,خیلی راضی بودم از خرید، کیفیت عالی بود,0
CUST00426,,Male,46396.0,Mashhad,Silver,Instagram,2022-01-16,2024-04-13,10,477.6,2.9,1,عالی بود، حتما دوباره خرید میکنم,0
CUST00427,26.0,Other,57459.0,Yazd,Platinum,Direct,2022-08-23,2024-06-09,7,183.61,4.5,0,خیلی راضی بودم از خرید، کیفیت عالی بود,0
CUST00428,46.0,Male,17245.0,Mashhad,Platinum,Telegram,2022-08-04,2024-04-03,11,578.77,3.6,0,خیلی راضی بودم از خرید، کیفیت عالی بود,0
CUST00429,51.0,Male,14451.0,Isfahan,Bronze,Friend Referral,2023-06-13,2023-11-01,10,349.3,2.9,1,قیمت مناسب و کیفیت خوب، پیشنهاد میکنم,0
CUST00430,17.0,Male,69874.0,Tehran,Gold,Google Ads,2022-09-22,2024-11-19,4,191.08,4.5,0,خیلی راضی بودم از خرید، کیفیت عالی بود,0
CUST00431,24.0,Female,23570.0,Mashhad,Bronze,Email Campaign,2019-12-11,2023-12-09,6,384.27,3.9,0,بسته بندی بد بود ولی محصول سالم بود,0
CUST00432,14.0,Female,22986.0,Isfahan,Bronze,Direct,2023-03-02,2023-03-28,12,512.97,4.4,0,خیلی راضی بودم از خرید، کیفیت عالی بود,0
CUST00433,35.0,Female,92056.0,Qom,Bronze,Friend Referral,2023-07-03,2023-08-14,8,546.97,4.4,0,خیلی راضی بودم از خرید، کیفیت عالی بود,0
CUST00434,47.0,Female,37866.0,Isfahan,Silver,Telegram,2023-12-01,2024-04-09,14,590.3,3.3,0,عالی بود، حتما دوباره خرید میکنم,0
CUST00435,56.0,Male,38015.0,Tabriz,Silver,Instagram,2022-03-08,2023-10-26,6,462.2,4.8,0,کیفیت متوسط بود ولی ارسال سریع بود,1
CUST00436,39.0,Female,32602.0,Tehran,Bronze,Friend Referral,2021-10-04,2024-04-26,13,379.65,2.8,0,عالی بود، حتما دوباره خرید میکنم,1
CUST00437,58.0,Male,17424.0,Tehran,Silver,Instagram,2020-07-02,2023-12-23,7,107.94,3.8,0,کیفیت متوسط بود ولی ارسال سریع بود,1
CUST00438,21.0,Male,54471.0,Mashhad,Bronze,Instagram,2019-12-20,2023-12-31,15,691.01,3.8,0,خیلی راضی بودم از خرید، کیفیت عالی بود,1
CUST00439,18.0,Female,46429.0,Zahedan,Silver,Telegram,2020-08-19,2023-05-27,12,1373.48,3.6,1,خیلی راضی بودم از خرید، کیفیت عالی بود,1
CUST00440,37.0,Female,40184.0,Mashhad,Bronze,Email Campaign,2023-05-06,2023-05-26,15,1076.42,5.0,1,کیفیت متوسط بود ولی ارسال سریع بود,0
CUST00441,43.0,Male,33867.0,Qom,Bronze,Friend Referral,2019-12-29,2022-09-22,2,227.08,4.3,0,قیمت مناسب و کیفیت خوب، پیشنهاد میکنم,1
CUST00442,38.0,Male,30473.0,Isfahan,Silver,Instagram,2019-01-12,2022-12-13,10,260.44,3.1,0,خیلی راضی بودم از خرید، کیفیت عالی بود,1
CUST00443,13.0,Female,62786.0,Tehran,Bronze,Telegram,2019-10-20,2021-01-18,3,111.64,3.2,0,قیمت مناسب و کیفیت خوب، پیشنهاد میکنم,1
CUST00444,37.0,Male,33364.0,Tehran,Silver,Email Campaign,2023-12-21,2024-09-10,6,97.39,5.0,0,اصلا راضی نبودم، محصول آسیب دیده رسید,0
CUST00445,22.0,Male,34946.0,Isfahan,Bronze,Direct,2020-04-07,2024-11-15,7,84.85,,1,اصلا راضی نبودم، محصول آسیب دیده رسید,0
CUST00446,46.0,Male,49908.0,Tehran,Silver,Email Campaign,2021-03-01,2021-08-31,9,928.11,3.5,0,کیفیت متوسط بود ولی ارسال سریع بود,0
CUST00447,42.0,Male,41142.0,Tehran,Bronze,Friend Referral,2024-01-09,2024-08-22,5,481.05,4.9,0,قیمت مناسب و کیفیت خوب، پیشنهاد میکنم,0
CUST00448,27.0,Female,97282.0,Rasht,Silver,Direct,2019-04-13,2024-11-18,10,599.69,2.9,0,کیفیت متوسط بود ولی ارسال سریع بود,1
CUST00449,32.0,Male,12622.0,Tehran,Gold,Instagram,2023-08-10,2023-10-21,10,263.55,5.0,0,خیلی راضی بودم از خرید، کیفیت عالی بود,1
CUST00450,25.0,Male,43475.0,Tabriz,Bronze,Google Ads,2020-03-20,2023-06-06,7,456.92,3.5,0,عالی بود، حتما دوباره خرید میکنم,1
CUST00451,37.0,Female,23781.0,Mashhad,Silver,Google Ads,2021-07-15,2024-07-11,10,907.97,4.5,1,اصلا راضی نبودم، محصول آسیب دیده رسید,0
CUST00452,49.0,Female,20635.0,Shiraz,Bronze,Friend Referral,2021-07-19,2024-03-13,10,1231.0,,1,خیلی راضی بودم از خرید، کیفیت عالی بود,0
CUST00453,26.0,Male,27605.0,Tabriz,Silver,Email Campaign,2022-10-11,2024-12-23,7,66.34,3.0,0,کیفیت متوسط بود ولی ارسال سریع بود,0
CUST00454,,Male,,Isfahan,Bronze,Email Campaign,2022-09-07,2023-04-24,11,326.4,4.2,1,کیفیت متوسط بود ولی ارسال سریع بود,0
CUST00455,32.0,Male,38540.0,Isfahan,Silver,Instagram,2020-10-31,2022-10-23,10,273.36,4.8,0,,0
CUST00456,28.0,Female,14612.0,Karaj,Silver,Instagram,2020-04-25,2023-04-25,4,133.71,2.5,0,خیلی راضی بودم از خرید، کیفیت عالی بود,1
CUST00457,37.0,Female,26248.0,Yazd,Platinum,Google Ads,2020-01-29,2022-10-26,12,682.48,3.3,1,قیمت مناسب و کیفیت خوب، پیشنهاد میکنم,0
CUST00458,26.0,Female,42990.0,Tehran,Silver,Google Ads,2021-07-14,2023-12-05,7,34.73,5.0,0,اصلا راضی نبودم، محصول آسیب دیده رسید,0
CUST00459,31.0,Other,21458.0,Tehran,Silver,Telegram,2019-05-17,2019-08-08,6,155.0,,1,بسته بندی بد بود ولی محصول سالم بود,0
CUST00460,24.0,Female,18604.0,Urmia,Silver,Email Campaign,2021-06-17,2023-06-26,5,140.16,,0,کیفیت متوسط بود ولی ارسال سریع بود,1
CUST00461,62.0,Female,9380.0,Mashhad,Platinum,,2024-05-07,2024-06-18,10,418.57,4.8,1,پشتیبانی ضعیف بود اما محصول خوب بود,0
CUST00462,38.0,Female,24394.0,Tabriz,Gold,Telegram,2019-06-12,2024-04-17,9,413.73,4.4,1,کیفیت متوسط بود ولی ارسال سریع بود,1
CUST00463,30.0,Male,18219.0,Mashhad,Bronze,Email Campaign,2020-06-20,2024-01-27,8,263.92,4.2,0,قیمت مناسب و کیفیت خوب، پیشنهاد میکنم,0
CUST00464,41.0,,20123.0,Tehran,Gold,Friend Referral,2020-04-24,2020-12-02,11,1544.06,4.9,1,قیمت مناسب و کیفیت خوب، پیشنهاد میکنم,0
CUST00465,37.0,Male,30850.0,Ahvaz,Silver,Instagram,2021-07-22,2023-09-22,13,460.91,3.8,0,خیلی راضی بودم از خرید، کیفیت عالی بود,0
CUST00466,35.0,Male,25339.0,Tabriz,Gold,Friend Referral,2019-12-11,2021-12-12,9,508.29,4.1,1,قیمت مناسب و کیفیت خوب، پیشنهاد میکنم,1
CUST00467,45.0,Female,18038.0,Tehran,Gold,Telegram,2023-12-17,2024-07-19,5,319.07,4.7,0,قیمت مناسب و کیفیت خوب، پیشنهاد میکنم,0
CUST00468,47.0,Male,10204.0,Shiraz,Bronze,Direct,2023-10-31,2024-06-17,10,179.46,3.6,1,کیفیت متوسط بود ولی ارسال سریع بود,0
CUST00469,32.0,Female,43538.0,Rasht,Gold,Instagram,2019-10-20,2020-11-27,7,132.01,5.0,1,کیفیت متوسط بود ولی ارسال سریع بود,1
CUST00470,31.0,Female,57051.0,Ahvaz,Bronze,Google Ads,2019-09-08,2022-12-13,9,581.66,,1,کیفیت متوسط بود ولی ارسال سریع بود,0
CUST00471,35.0,Male,28623.0,Tehran,Bronze,Google Ads,2020-04-24,2021-03-18,5,485.11,3.3,1,خیلی راضی بودم از خرید، کیفیت عالی بود,0
CUST00472,10.0,Female,30963.0,Tabriz,Bronze,,2019-04-13,2020-06-11,8,980.69,4.0,1,خیلی راضی بودم از خرید، کیفیت عالی بود,1
CUST00473,,Male,36377.0,Karaj,Gold,Friend Referral,2020-12-20,2023-01-28,5,92.17,3.1,0,قیمت مناسب و کیفیت خوب، پیشنهاد میکنم,1
CUST00474,54.0,Male,93645.0,Rasht,Bronze,Direct,2019-09-05,2023-01-06,7,559.19,4.2,1,کیفیت متوسط بود ولی ارسال سریع بود,0
CUST00475,58.0,Female,,Ahvaz,Bronze,Direct,2022-01-30,2023-09-29,6,236.44,,1,خیلی راضی بودم از خرید، کیفیت عالی بود,0
CUST00476,35.0,Female,28320.0,Tehran,Gold,Google Ads,2021-11-26,2023-05-05,11,1056.38,3.5,1,پشتیبانی ضعیف بود اما محصول خوب بود,0
CUST00477,45.0,Female,12924.0,Karaj,Bronze,Telegram,2023-05-28,2023-08-12,8,416.48,2.9,1,قیمت مناسب و کیفیت خوب، پیشنهاد میکنم,0
CUST00478,42.0,Male,45134.0,Qom,Bronze,Email Campaign,2020-07-20,2024-02-10,9,542.9,3.5,0,عالی بود، حتما دوباره خرید میکنم,1
CUST00479,,Female,33310.0,Tehran,Bronze,Friend Referral,2024-02-19,2024-07-27,11,1184.93,4.0,0,عالی بود، حتما دوباره خرید میکنم,0
CUST00480,51.0,Male,41019.0,Mashhad,Bronze,Email Campaign,2022-12-20,2024-04-24,121,13939.44,3.8,1,,0
CUST00481,36.0,Female,39810.0,Isfahan,Silver,Instagram,2020-08-12,2021-06-20,14,621.01,3.1,0,خیلی راضی بودم از خرید، کیفیت عالی بود,1
CUST00482,27.0,Male,65803.0,Qom,Bronze,Instagram,2021-11-13,2022-09-16,11,91.22,4.1,0,پشتیبانی ضعیف بود اما محصول خوب بود,0
CUST00483,19.0,Female,50155.0,Tehran,Platinum,Email Campaign,2022-04-30,2024-09-08,12,262.2,3.4,1,پشتیبانی ضعیف بود اما محصول خوب بود,0
CUST00484,40.0,Male,59773.0,Ahvaz,Gold,Email Campaign,2019-07-15,2022-09-26,5,769.78,4.7,0,,0
CUST00485,,Male,19162.0,Urmia,Bronze,,2021-08-22,2023-07-13,9,562.64,4.8,1,کیفیت متوسط بود ولی ارسال سریع بود,0
CUST00486,21.0,Female,74303.0,Rasht,Bronze,Telegram,2021-11-04,2022-01-31,8,148.17,3.9,1,پشتیبانی ضعیف بود اما محصول خوب بود,0
CUST00487,30.0,Female,23543.0,Zahedan,Silver,Email Campaign,2022-08-13,2024-08-16,4,99.25,5.0,0,پشتیبانی ضعیف بود اما محصول خوب بود,0
CUST00488,25.0,Female,,Sanandaj,Silver,Email Campaign,2021-11-17,2024-01-03,7,603.08,4.0,1,اصلا راضی نبودم، محصول آسیب دیده رسید,0
CUST00489,58.0,Female,,Tehran,Bronze,Email Campaign,2020-05-03,2022-05-23,5,690.45,3.2,0,پشتیبانی ضعیف بود اما محصول خوب بود,0
CUST00490,49.0,Female,43528.0,Ahvaz,Bronze,Telegram,2021-07-12,2022-07-17,15,619.29,,1,خیلی راضی بودم از خرید، کیفیت عالی بود,0
CUST00491,38.0,Female,19089.0,Mashhad,Gold,Google Ads,2019-01-25,2019-07-10,8,769.57,5.0,0,پشتیبانی ضعیف بود اما محصول خوب بود,1
CUST00492,56.0,Male,32730.0,Yazd,Bronze,Email Campaign,2022-12-20,2024-01-15,8,632.07,4.8,1,پشتیبانی ضعیف بود اما محصول خوب بود,0
CUST00493,39.0,Female,88693.0,Isfahan,Bronze,Friend Referral,2019-03-19,2021-03-23,10,525.55,3.6,0,کیفیت متوسط بود ولی ارسال سریع بود,1
CUST00494,28.0,Male,15048.0,Bandar Abbas,Gold,Friend Referral,2024-03-19,2024-08-15,7,478.36,3.2,1,عالی بود، حتما دوباره خرید میکنم,0
CUST00495,56.0,Female,88533.0,Ahvaz,Silver,Friend Referral,2024-05-25,2024-12-22,9,458.16,3.9,1,عالی بود، حتما دوباره خرید میکنم,0
CUST00496,44.0,Female,31413.0,Rasht,Bronze,Telegram,2024-01-27,2024-08-02,10,985.23,5.0,0,کیفیت متوسط بود ولی ارسال سریع بود,0
CUST00497,26.0,Other,8932.0,Tehran,Silver,Friend Referral,2019-10-06,2022-09-06,11,781.75,3.3,1,خیلی راضی بودم از خرید، کیفیت عالی بود,1
CUST00498,36.0,Female,15994.0,Tehran,Bronze,Instagram,2021-05-22,2023-12-22,3,28.5,4.7,1,پشتیبانی ضعیف بود اما محصول خوب بود,0
CUST00499,27.0,Female,20372.0,Rasht,Gold,Email Campaign,2020-08-10,2020-09-07,10,351.45,4.0,0,قیمت مناسب و کیفیت خوب، پیشنهاد میکنم,0
CUST00500,21.0,Female,24975.0,Tehran,Silver,Friend Referral,2022-10-10,2024-07-02,9,164.74,4.8,1,اصلا راضی نبودم، محصول آسیب دیده رسید,0
CUST00501,49.0,Male,34104.0,Kerman,Gold,Telegram,2023-07-16,2023-08-15,8,360.25,3.2,0,,0
CUST00502,61.0,Female,7172.0,Tehran,Platinum,Instagram,2023-12-29,2024-06-26,4,134.39,3.9,0,بسته بندی بد بود ولی محصول سالم بود,0
CUST00503,21.0,Male,40623.0,Qom,Platinum,Instagram,2019-08-11,2024-04-03,8,193.87,3.5,0,قیمت مناسب و کیفیت خوب، پیشنهاد میکنم,1
CUST00504,45.0,Female,19282.0,Mashhad,Platinum,Google Ads,2022-10-29,2023-03-05,8,107.29,3.5,0,خیلی راضی بودم از خرید، کیفیت عالی بود,0
CUST00505,30.0,Male,83643.0,Ahvaz,Silver,Direct,2021-10-21,2023-11-26,4,17.38,,0,قیمت مناسب و کیفیت خوب، پیشنهاد میکنم,0
CUST00506,32.0,Male,,Karaj,Bronze,Instagram,2022-04-22,2023-02-09,8,779.24,,1,پشتیبانی ضعیف بود اما محصول خوب بود,0
CUST00507,31.0,Male,63940.0,Mashhad,Silver,Email Campaign,2020-01-28,2021-04-12,5,486.46,4.3,0,عالی بود، حتما دوباره خرید میکنم,0
CUST00508,28.0,Male,70701.0,Tehran,Silver,Instagram,2021-09-28,2024-02-13,5,64.31,4.1,0,کیفیت متوسط بود ولی ارسال سریع بود,0
CUST00509,39.0,Female,69561.0,Tehran,Gold,Instagram,2022-08-16,2023-09-07,8,414.93,3.4,1,قیمت مناسب و کیفیت خوب، پیشنهاد میکنم,0
CUST00510,28.0,Male,25852.0,Ahvaz,Bronze,Instagram,2022-01-04,2023-06-11,10,70.46,3.6,0,قیمت مناسب و کیفیت خوب، پیشنهاد میکنم,0
CUST00511,41.0,Female,25655.0,Tabriz,Platinum,Instagram,2023-09-22,2023-10-26,5,103.35,4.3,0,پشتیبانی ضعیف بود اما محصول خوب بود,0
CUST00512,37.0,Male,31730.0,Karaj,Gold,Direct,2019-12-02,2024-08-30,9,286.25,4.1,0,خیلی راضی بودم از خرید، کیفیت عالی بود,0
CUST00513,35.0,Female,53196.0,Shiraz,Platinum,Email Campaign,2020-04-04,2022-05-03,6,136.91,4.1,0,عالی بود، حتما دوباره خرید میکنم,0
CUST00514,27.0,Female,26731.0,Mashhad,Gold,Telegram,2021-05-09,2021-08-26,8,498.86,3.9,1,قیمت مناسب و کیفیت خوب، پیشنهاد میکنم,0
CUST00515,31.0,Female,33808.0,Mashhad,Bronze,Instagram,2019-12-03,2023-08-15,12,19.95,3.9,1,عالی بود، حتما دوباره خرید میکنم,0
CUST00516,47.0,Female,42794.0,Tehran,Bronze,Google Ads,2020-08-14,2024-07-12,10,200.29,4.1,0,اصلا راضی نبودم، محصول آسیب دیده رسید,1
CUST00517,44.0,Male,21101.0,Isfahan,Bronze,Friend Referral,2019-07-22,2023-01-10,4,301.38,5.0,0,پشتیبانی ضعیف بود اما محصول خوب بود,0
CUST00518,26.0,Female,20315.0,Sanandaj,Bronze,,2019-05-19,2024-04-07,10,63.47,4.5,1,بسته بندی بد بود ولی محصول سالم بود,1
CUST00519,39.0,Male,,Yazd,Silver,Google Ads,2020-12-18,2021-05-29,12,265.64,4.0,1,بسته بندی بد بود ولی محصول سالم بود,1
CUST00520,47.0,Female,35757.0,Isfahan,Gold,Direct,2020-05-12,2021-11-22,6,495.21,3.3,0,بسته بندی بد بود ولی محصول سالم بود,0
CUST00521,18.0,Female,47114.0,Ahvaz,Gold,Friend Referral,2020-03-25,2021-04-27,8,1185.39,3.8,1,خیلی راضی بودم از خرید، کیفیت عالی بود,1
CUST00522,,Male,54346.0,Yazd,Silver,Google Ads,2024-01-22,2024-04-01,4,389.54,3.5,0,اصلا راضی نبودم، محصول آسیب دیده رسید,0
CUST00523,30.0,Female,18780.0,Shiraz,Bronze,Friend Referral,2019-12-14,2021-01-15,10,310.89,3.5,0,خیلی راضی بودم از خرید، کیفیت عالی بود,0
CUST00524,45.0,Female,22309.0,Tehran,Bronze,Instagram,2021-08-11,2022-04-06,8,1179.66,2.8,0,کیفیت متوسط بود ولی ارسال سریع بود,0
CUST00525,29.0,Male,20283.0,Tehran,Bronze,Direct,2021-06-15,2024-05-05,12,922.91,4.1,1,خیلی راضی بودم از خرید، کیفیت عالی بود,1
CUST00526,16.0,Male,84751.0,Tabriz,Bronze,Google Ads,2020-05-23,2023-07-13,9,118.88,5.0,1,پشتیبانی ضعیف بود اما محصول خوب بود,1
CUST00527,18.0,Male,33787.0,Sanandaj,Silver,Direct,2021-07-01,2021-10-18,4,29.9,4.2,0,,0
CUST00528,39.0,Female,36669.0,Karaj,Bronze,Instagram,2022-01-06,2022-11-01,7,507.24,4.6,1,قیمت مناسب و کیفیت خوب، پیشنهاد میکنم,0
CUST00529,41.0,Female,37596.0,Tehran,Bronze,,2020-12-12,2023-09-09,6,216.22,4.8,0,,1
CUST00530,27.0,Male,23638.0,Tehran,Bronze,Instagram,2020-02-20,2024-12-20,10,127.02,3.9,0,خیلی راضی بودم از خرید، کیفیت عالی بود,0
CUST00531,46.0,Male,92833.0,Rasht,Silver,Email Campaign,2022-09-04,2024-10-06,10,345.71,3.9,0,عالی بود، حتما دوباره خرید میکنم,1
CUST00532,18.0,Female,46472.0,Yazd,Silver,Direct,2022-07-28,2023-04-02,13,1130.29,3.1,0,خیلی راضی بودم از خرید، کیفیت عالی بود,0
CUST00533,37.0,Female,37188.0,Ahvaz,Silver,,2023-08-04,2023-09-06,11,253.64,4.2,0,قیمت مناسب و کیفیت خوب، پیشنهاد میکنم,0
CUST00534,23.0,Male,18711.0,Qom,Silver,Friend Referral,2021-06-27,2022-02-09,16,359.64,4.1,0,قیمت مناسب و کیفیت خوب، پیشنهاد میکنم,1
CUST00535,,Male,18085.0,Tehran,Platinum,Direct,2020-01-22,2021-08-28,6,205.3,3.5,0,عالی بود، حتما دوباره خرید میکنم,1
CUST00536,39.0,Female,30172.0,Kerman,Bronze,Google Ads,2019-05-01,2021-04-23,9,343.09,4.9,0,بسته بندی بد بود ولی محصول سالم بود,1
CUST00537,28.0,Male,23861.0,Rasht,Silver,Instagram,2023-10-11,2023-12-21,16,468.06,3.6,0,کیفیت متوسط بود ولی ارسال سریع بود,0
CUST00538,-5.0,Male,19140.0,Isfahan,Gold,Friend Referral,2020-03-29,2021-10-19,9,566.93,5.0,0,خیلی راضی بودم از خرید، کیفیت عالی بود,0
CUST00539,50.0,Other,29069.0,Karaj,Silver,Instagram,2023-04-29,2023-12-04,7,476.72,4.4,0,پشتیبانی ضعیف بود اما محصول خوب بود,0
CUST00540,31.0,Female,31893.0,Tehran,Platinum,,2024-02-22,2024-11-22,3,111.43,4.1,0,قیمت مناسب و کیفیت خوب، پیشنهاد میکنم,0
CUST00541,48.0,Male,39540.0,Tehran,Bronze,Instagram,2022-09-21,2024-10-20,3,65.34,5.0,0,قیمت مناسب و کیفیت خوب، پیشنهاد میکنم,0
CUST00542,24.0,Male,26840.0,Tehran,Silver,Telegram,2021-04-20,2022-09-29,6,155.34,2.5,1,خیلی راضی بودم از خرید، کیفیت عالی بود,1
CUST00543,44.0,Male,19840.0,Tehran,Bronze,Telegram,2022-05-12,2022-07-25,4,415.34,3.9,0,,1
CUST00544,55.0,Male,20257.0,Isfahan,Silver,Friend Referral,2023-05-19,2023-10-01,15,2188.18,3.8,1,کیفیت متوسط بود ولی ارسال سریع بود,0
CUST00545,8.0,Female,75191.0,Mashhad,Bronze,Telegram,2021-03-28,2021-06-09,11,116.47,4.0,0,اصلا راضی نبودم، محصول آسیب دیده رسید,0
CUST00546,28.0,Male,17136.0,Shiraz,Bronze,Instagram,2023-09-24,2024-06-03,9,124.57,4.3,0,کیفیت متوسط بود ولی ارسال سریع بود,0
CUST00547,45.0,Female,45157.0,Shiraz,Silver,Telegram,2021-04-03,2024-02-08,5,127.03,4.0,0,بسته بندی بد بود ولی محصول سالم بود,0
CUST00548,36.0,Female,49599.0,Isfahan,Silver,Google Ads,2019-10-11,2022-07-28,13,1372.52,5.0,1,خیلی راضی بودم از خرید، کیفیت عالی بود,0
CUST00549,42.0,Male,33767.0,Tehran,Bronze,Email Campaign,2023-08-07,2023-09-18,8,233.49,4.4,1,,0
CUST00550,31.0,Male,104893.0,Ahvaz,Silver,Direct,2019-10-08,2019-11-26,4,251.15,4.4,1,کیفیت متوسط بود ولی ارسال سریع بود,1
CUST00551,,Female,49071.0,Mashhad,Silver,,2022-05-21,2023-10-17,10,345.51,4.4,0,اصلا راضی نبودم، محصول آسیب دیده رسید,0
CUST00552,36.0,Female,109726.0,Isfahan,Bronze,Instagram,2023-06-16,2024-04-13,11,285.32,3.2,1,بسته بندی بد بود ولی محصول سالم بود,0
CUST00553,52.0,Female,24572.0,Yazd,Silver,Google Ads,2020-08-23,2023-11-01,6,196.96,4.2,1,خیلی راضی بودم از خرید، کیفیت عالی بود,0
CUST00554,41.0,Male,24826.0,Karaj,Gold,Instagram,2020-03-25,2022-09-13,11,140.65,4.3,0,عالی بود، حتما دوباره خرید میکنم,1
CUST00555,42.0,Female,49837.0,Yazd,Silver,Instagram,2024-02-10,2024-08-29,7,478.77,3.3,1,بسته بندی بد بود ولی محصول سالم بود,0
CUST00556,33.0,Female,31043.0,Shiraz,Bronze,Google Ads,2019-09-27,2020-04-20,4,85.87,4.7,0,پشتیبانی ضعیف بود اما محصول خوب بود,0
CUST00557,32.0,Female,99847.0,Tehran,Bronze,Telegram,2024-05-07,2024-10-12,5,118.49,2.7,1,خیلی راضی بودم از خرید، کیفیت عالی بود,1
CUST00558,33.0,Male,44579.0,Karaj,Silver,Google Ads,2020-01-12,2020-08-19,6,114.15,5.0,0,عالی بود، حتما دوباره خرید میکنم,0
CUST00559,43.0,Female,19404.0,Tehran,Platinum,Friend Referral,2021-09-24,2023-10-21,6,696.73,4.1,1,عالی بود، حتما دوباره خرید میکنم,1
CUST00560,33.0,Female,12809.0,Shiraz,Silver,Email Campaign,2023-02-09,2023-04-30,9,246.51,3.5,1,بسته بندی بد بود ولی محصول سالم بود,0
CUST00561,41.0,Male,34650.0,Tehran,Bronze,Telegram,2022-10-14,2024-11-14,8,379.97,4.5,0,عالی بود، حتما دوباره خرید میکنم,0
CUST00562,63.0,Female,34425.0,Kerman,Silver,Google Ads,2021-11-02,2023-05-18,7,27.08,4.5,1,قیمت مناسب و کیفیت خوب، پیشنهاد میکنم,0
CUST00563,48.0,Male,43838.0,Tehran,Gold,Google Ads,2021-02-07,2024-09-07,8,11.82,5.0,0,پشتیبانی ضعیف بود اما محصول خوب بود,0
CUST00564,34.0,Male,75088.0,Urmia,Bronze,Friend Referral,2022-09-24,2023-09-27,10,131.56,5.0,0,قیمت مناسب و کیفیت خوب، پیشنهاد میکنم,1
CUST00565,52.0,Male,69388.0,Yazd,Platinum,Instagram,2024-03-27,2024-10-16,9,742.52,3.2,1,اصلا راضی نبودم، محصول آسیب دیده رسید,0
CUST00566,33.0,Other,25659.0,Shiraz,Platinum,Telegram,2023-10-25,2023-11-18,92,4155.21,3.9,0,پشتیبانی ضعیف بود اما محصول خوب بود,0
CUST00567,14.0,Male,16709.0,Karaj,Bronze,Google Ads,2022-10-21,2024-04-25,9,1118.56,3.5,0,,0
CUST00568,26.0,Male,17318.0,Ahvaz,Platinum,Email Campaign,2023-02-09,2023-04-18,16,1463.2,4.6,1,پشتیبانی ضعیف بود اما محصول خوب بود,0
CUST00569,16.0,Female,23340.0,Kerman,Bronze,Direct,2021-01-05,2022-06-04,5,97.24,5.0,1,عالی بود، حتما دوباره خرید میکنم,0
CUST00570,34.0,Male,29143.0,Shiraz,Gold,Telegram,2023-01-04,2024-05-09,7,242.6,3.2,1,خیلی راضی بودم از خرید، کیفیت عالی بود,0
CUST00571,38.0,Female,,Rasht,Silver,Google Ads,2022-10-23,2023-06-19,12,1220.83,,1,اصلا راضی نبودم، محصول آسیب دیده رسید,0
CUST00572,,Female,22458.0,Shiraz,Silver,Instagram,2019-06-17,2020-06-11,8,255.15,3.7,1,کیفیت متوسط بود ولی ارسال سریع بود,1
CUST00573,42.0,Female,42969.0,Zahedan,Silver,Direct,2019-11-17,2023-11-20,8,532.7,4.7,1,کیفیت متوسط بود ولی ارسال سریع بود,0
CUST00574,35.0,Female,45126.0,Shiraz,Gold,Friend Referral,2019-11-16,2022-10-05,8,86.45,4.4,0,قیمت مناسب و کیفیت خوب، پیشنهاد میکنم,0
CUST00575,48.0,Female,39577.0,Shiraz,Bronze,Google Ads,2023-12-28,2024-04-22,15,777.62,4.9,0,بسته بندی بد بود ولی محصول سالم بود,0
CUST00576,11.0,Male,18450.0,Rasht,Silver,Instagram,2019-07-16,2021-06-21,7,275.13,3.8,1,قیمت مناسب و کیفیت خوب، پیشنهاد میکنم,0
CUST00577,41.0,Other,48084.0,Kerman,Bronze,Instagram,2021-02-11,2023-01-01,7,137.71,,0,کیفیت متوسط بود ولی ارسال سریع بود,0
CUST00578,47.0,Male,126597.0,Tabriz,Bronze,Direct,2023-09-11,2024-02-02,7,249.76,,0,اصلا راضی نبودم، محصول آسیب دیده رسید,0
CUST00579,20.0,Female,42089.0,Tehran,Bronze,Google Ads,2019-12-25,2024-09-26,6,306.3,3.9,1,پشتیبانی ضعیف بود اما محصول خوب بود,0
CUST00580,52.0,Male,6174.0,Shiraz,Silver,Friend Referral,2023-02-18,2024-01-05,7,562.6,4.3,1,اصلا راضی نبودم، محصول آسیب دیده رسید,0
CUST00581,42.0,Female,76460.0,Sanandaj,Bronze,Friend Referral,2023-08-22,2024-07-30,8,943.3,5.0,0,قیمت مناسب و کیفیت خوب، پیشنهاد میکنم,0
CUST00582,33.0,Female,23822.0,Rasht,Bronze,Telegram,2022-03-04,2023-08-21,13,948.54,5.0,0,کیفیت متوسط بود ولی ارسال سریع بود,0
CUST00583,46.0,Female,141411.0,Kerman,Bronze,Email Campaign,2019-11-26,2020-11-14,10,950.26,3.8,0,اصلا راضی نبودم، محصول آسیب دیده رسید,0
CUST00584,65.0,Male,38942.0,Tehran,Bronze,Email Campaign,2020-01-31,2024-03-04,9,154.56,5.0,0,,0
CUST00585,,Male,13216.0,Shiraz,Silver,Friend Referral,2023-01-27,2023-05-11,10,144.93,3.7,0,قیمت مناسب و کیفیت خوب، پیشنهاد میکنم,1
CUST00586,41.0,Female,10522.0,Qom,Platinum,Instagram,2023-04-26,2024-03-12,7,425.04,4.7,0,خیلی راضی بودم از خرید، کیفیت عالی بود,0
CUST00587,32.0,Female,91477.0,Kerman,Bronze,Friend Referral,2022-04-14,2023-11-06,5,58.2,3.8,0,بسته بندی بد بود ولی محصول سالم بود,1
CUST00588,28.0,Male,70512.0,Tehran,Platinum,Telegram,2023-09-12,2024-09-16,11,362.78,3.4,0,خیلی راضی بودم از خرید، کیفیت عالی بود,0
CUST00589,48.0,Other,138083.0,Yazd,Gold,Telegram,2019-02-19,2020-07-29,11,790.26,5.0,1,خیلی راضی بودم از خرید، کیفیت عالی بود,1
CUST00590,28.0,Female,36554.0,Tabriz,Silver,Telegram,2019-09-27,2021-02-11,12,1271.46,4.1,1,,0
CUST00591,39.0,Male,35104.0,Tehran,Silver,Instagram,2019-10-07,2022-10-19,7,370.22,5.0,0,,0
CUST00592,32.0,Female,28865.0,Isfahan,Gold,Telegram,2022-09-14,2024-08-22,7,110.14,,0,خیلی راضی بودم از خرید، کیفیت عالی بود,0
CUST00593,44.0,Female,24466.0,Isfahan,Bronze,Instagram,2024-05-29,2024-10-30,10,407.7,4.4,0,پشتیبانی ضعیف بود اما محصول خوب بود,0
CUST00594,42.0,Male,28697.0,Tabriz,Silver,Direct,2019-05-04,2022-11-10,5,222.94,4.5,1,خیلی راضی بودم از خرید، کیفیت عالی بود,1
CUST00595,50.0,Male,41377.0,Tehran,Silver,Google Ads,2020-07-26,2023-05-21,12,262.87,4.9,0,بسته بندی بد بود ولی محصول سالم بود,0
CUST00596,32.0,Female,21887.0,Tehran,Silver,Direct,2021-04-02,2022-08-08,10,82.01,4.7,1,پشتیبانی ضعیف بود اما محصول خوب بود,0
CUST00597,35.0,Female,13339.0,Kerman,Gold,Instagram,2024-01-12,2024-10-26,15,1095.21,3.8,1,کیفیت متوسط بود ولی ارسال سریع بود,0
CUST00598,26.0,Male,39972.0,Tehran,Bronze,Friend Referral,2022-04-23,2023-11-13,8,270.05,4.4,0,خیلی راضی بودم از خرید، کیفیت عالی بود,0
CUST00599,33.0,Female,21596.0,Tehran,Silver,Direct,2021-12-13,2024-05-08,14,922.27,5.0,0,قیمت مناسب و کیفیت خوب، پیشنهاد میکنم,0
CUST00600,43.0,Female,5200.0,Shiraz,Silver,Google Ads,2022-08-14,2024-02-18,16,785.36,4.1,1,پشتیبانی ضعیف بود اما محصول خوب بود,1
CUST00601,47.0,Female,50592.0,Tabriz,Bronze,Direct,2023-07-09,2024-06-22,5,169.57,3.8,0,عالی بود، حتما دوباره خرید میکنم,1
CUST00602,27.0,Male,18679.0,Rasht,Bronze,Telegram,2024-02-11,2024-08-28,12,360.59,3.7,0,عالی بود، حتما دوباره خرید میکنم,0
CUST00603,48.0,Female,,Shiraz,Silver,Telegram,2022-07-25,2024-06-09,11,421.89,4.7,0,اصلا راضی نبودم، محصول آسیب دیده رسید,0
CUST00604,54.0,Male,53248.0,Rasht,Gold,Google Ads,2020-03-24,2022-11-15,9,543.48,3.9,0,عالی بود، حتما دوباره خرید میکنم,0
CUST00605,43.0,Male,43052.0,Ahvaz,Silver,Friend Referral,2022-11-12,2023-10-12,3,7.78,4.4,0,قیمت مناسب و کیفیت خوب، پیشنهاد میکنم,0
CUST00606,61.0,Male,162444.0,Tehran,Gold,Telegram,2023-03-29,2024-11-24,15,888.02,,1,قیمت مناسب و کیفیت خوب، پیشنهاد میکنم,0
CUST00607,29.0,Female,33429.0,Tehran,Silver,Friend Referral,2023-03-13,2023-10-15,3,167.55,4.9,0,پشتیبانی ضعیف بود اما محصول خوب بود,0
CUST00608,23.0,Female,30596.0,Shiraz,Bronze,Telegram,2020-07-07,2022-03-21,6,435.21,4.2,1,خیلی راضی بودم از خرید، کیفیت عالی بود,0
CUST00609,17.0,Male,54732.0,Mashhad,Bronze,Friend Referral,2023-10-16,2024-10-02,5,549.06,,0,کیفیت متوسط بود ولی ارسال سریع بود,0
CUST00610,56.0,Female,35127.0,Karaj,Bronze,Instagram,2020-09-02,2022-07-25,14,314.25,5.0,0,عالی بود، حتما دوباره خرید میکنم,0
CUST00611,46.0,Male,,Ahvaz,Bronze,Instagram,2023-03-29,2024-12-18,9,88.25,,0,قیمت مناسب و کیفیت خوب، پیشنهاد میکنم,0
CUST00612,37.0,Female,16962.0,Mashhad,Bronze,Instagram,2020-08-06,2021-06-26,17,798.32,5.0,1,عالی بود، حتما دوباره خرید میکنم,0
CUST00613,41.0,,17132.0,Tehran,Gold,Google Ads,2022-08-22,2023-04-06,8,352.96,3.9,0,خیلی راضی بودم از خرید، کیفیت عالی بود,0
CUST00614,24.0,Female,57497.0,Tehran,Gold,Direct,2019-01-27,2022-04-09,4,122.71,,1,کیفیت متوسط بود ولی ارسال سریع بود,1
CUST00615,67.0,Male,18054.0,Tabriz,Bronze,Direct,2019-02-22,2020-12-06,13,742.9,3.6,0,اصلا راضی نبودم، محصول آسیب دیده رسید,1
CUST00616,40.0,Female,52337.0,Mashhad,Bronze,Instagram,2022-10-23,2024-07-17,13,311.08,4.5,1,اصلا راضی نبودم، محصول آسیب دیده رسید,1
CUST00617,39.0,Male,45343.0,Tabriz,Bronze,,2023-02-28,2023-12-09,9,306.52,4.3,0,بسته بندی بد بود ولی محصول سالم بود,0
CUST00618,47.0,Male,23940.0,Tehran,Silver,Friend Referral,2019-03-19,2020-04-13,6,354.41,4.5,0,کیفیت متوسط بود ولی ارسال سریع بود,1
CUST00619,44.0,Female,45266.0,Qom,Bronze,Email Campaign,2023-05-30,2024-05-23,6,187.14,3.1,1,قیمت مناسب و کیفیت خوب، پیشنهاد میکنم,0
CUST00620,41.0,Female,259710.0,Yazd,Bronze,Direct,2019-03-28,2021-05-04,8,353.77,2.7,0,قیمت مناسب و کیفیت خوب، پیشنهاد میکنم,1
CUST00621,29.0,Male,19932.0,Isfahan,Platinum,Direct,2023-11-26,2024-09-05,5,156.87,3.3,0,,0
CUST00622,44.0,Female,31498.0,Shiraz,Gold,Instagram,2024-02-29,2024-08-11,8,128.37,4.4,0,قیمت مناسب و کیفیت خوب، پیشنهاد میکنم,0
CUST00623,61.0,Female,38077.0,Sanandaj,Bronze,Instagram,2020-12-12,2022-12-14,9,646.41,4.6,1,پشتیبانی ضعیف بود اما محصول خوب بود,1
CUST00624,54.0,Male,30267.0,Isfahan,Silver,Instagram,2023-05-05,2024-12-05,13,875.79,4.9,0,,0
CUST00625,57.0,Female,47093.0,Ahvaz,Bronze,Direct,2019-10-13,2022-01-10,5,329.29,3.8,0,خیلی راضی بودم از خرید، کیفیت عالی بود,0
CUST00626,,Female,45848.0,Tehran,Gold,Google Ads,2021-04-06,2024-09-04,8,290.09,4.2,1,بسته بندی بد بود ولی محصول سالم بود,0
CUST00627,26.0,Female,90910.0,Ahvaz,Silver,Direct,2020-01-16,2020-05-18,7,530.37,3.6,0,عالی بود، حتما دوباره خرید میکنم,1
CUST00628,36.0,Female,34298.0,Tehran,Bronze,Google Ads,2022-09-21,2023-08-30,9,703.08,5.0,0,اصلا راضی نبودم، محصول آسیب دیده رسید,0
CUST00629,39.0,Female,,Sanandaj,Gold,Direct,2019-02-18,2024-04-06,11,1109.66,,0,,0
CUST00630,51.0,Male,63097.0,Karaj,Bronze,Instagram,2023-05-27,2024-10-31,3,110.41,4.9,1,,0
CUST00631,18.0,Female,143830.0,Rasht,Bronze,Instagram,2023-05-09,2023-06-29,11,510.53,3.9,0,عالی بود، حتما دوباره خرید میکنم,0
CUST00632,56.0,Female,33646.0,Karaj,Bronze,Google Ads,2019-04-02,2019-08-08,9,143.57,5.0,1,کیفیت متوسط بود ولی ارسال سریع بود,0
CUST00633,36.0,Male,28220.0,Ahvaz,Silver,Friend Referral,2022-02-17,2023-12-05,5,548.35,4.2,0,,0
CUST00634,33.0,Female,77236.0,Shiraz,Bronze,Google Ads,2020-02-09,2023-04-04,6,191.52,4.2,0,خیلی راضی بودم از خرید، کیفیت عالی بود,0
CUST00635,26.0,Female,45764.0,Yazd,Bronze,Direct,2019-03-14,2024-12-30,6,72.6,3.6,0,خیلی راضی بودم از خرید، کیفیت عالی بود,0
CUST00636,-5.0,Other,78354.0,Sanandaj,Bronze,Instagram,2023-11-06,2024-08-04,4,411.49,5.0,0,,0
CUST00637,48.0,Male,55831.0,Shiraz,Bronze,Google Ads,2021-02-06,2024-05-31,3,107.16,,0,عالی بود، حتما دوباره خرید میکنم,1
CUST00638,39.0,Male,10259.0,Zahedan,Gold,Email Campaign,2021-01-07,2023-10-30,7,971.92,4.5,1,قیمت مناسب و کیفیت خوب، پیشنهاد میکنم,0
CUST00639,23.0,Female,45515.0,Ahvaz,Bronze,Instagram,2021-09-18,2021-10-09,2,83.94,4.3,0,قیمت مناسب و کیفیت خوب، پیشنهاد میکنم,0
CUST00640,22.0,Male,43771.0,Tabriz,Bronze,Email Campaign,2019-02-17,2019-08-01,9,196.09,3.6,0,,1
CUST00641,,Female,39335.0,Shiraz,Silver,,2022-01-04,2024-05-27,6,442.1,4.6,0,عالی بود، حتما دوباره خرید میکنم,0
CUST00642,58.0,Male,33545.0,Tehran,Gold,Instagram,2024-05-07,2024-12-13,4,135.98,4.1,0,اصلا راضی نبودم، محصول آسیب دیده رسید,0
CUST00643,35.0,Male,13971.0,Tehran,Gold,Google Ads,2019-09-16,2021-01-25,12,769.86,4.1,0,خیلی راضی بودم از خرید، کیفیت عالی بود,0
CUST00644,20.0,Male,61360.0,Tehran,Silver,Google Ads,2024-05-16,2024-11-09,4,91.69,4.7,0,عالی بود، حتما دوباره خرید میکنم,0
CUST00645,35.0,Male,45445.0,Shiraz,Bronze,Direct,2021-07-22,2023-08-18,7,414.26,,0,اصلا راضی نبودم، محصول آسیب دیده رسید,0
CUST00646,35.0,Female,70345.0,Mashhad,Gold,Telegram,2023-11-06,2024-06-26,9,267.59,4.1,1,خیلی راضی بودم از خرید، کیفیت عالی بود,0
CUST00647,6.0,Male,14425.0,Shiraz,Silver,Telegram,2021-11-02,2024-02-16,6,422.04,5.0,0,پشتیبانی ضعیف بود اما محصول خوب بود,0
CUST00648,37.0,Male,49231.0,Bandar Abbas,Bronze,Direct,2024-04-27,2024-10-01,8,306.22,3.5,1,قیمت مناسب و کیفیت خوب، پیشنهاد میکنم,0
CUST00649,35.0,Male,31546.0,Mashhad,Platinum,Instagram,2019-07-06,2021-04-28,7,324.5,2.9,1,قیمت مناسب و کیفیت خوب، پیشنهاد میکنم,1
CUST00650,46.0,Female,39588.0,Shiraz,Bronze,Email Campaign,2020-11-26,2022-11-20,8,267.87,3.5,0,عالی بود، حتما دوباره خرید میکنم,1
CUST00651,60.0,Male,31764.0,Tehran,Platinum,Direct,2019-08-21,2020-08-30,9,355.94,4.2,0,کیفیت متوسط بود ولی ارسال سریع بود,1
CUST00652,52.0,Female,50320.0,Tehran,Gold,Telegram,2022-12-06,2024-12-04,8,555.64,4.6,0,خیلی راضی بودم از خرید، کیفیت عالی بود,0
CUST00653,120.0,Female,32935.0,Rasht,Silver,Email Campaign,2021-04-20,2024-10-10,8,125.19,3.6,0,اصلا راضی نبودم، محصول آسیب دیده رسید,0
CUST00654,25.0,Female,19319.0,Tabriz,Platinum,Direct,2022-02-19,2022-12-18,8,405.09,5.0,1,خیلی راضی بودم از خرید، کیفیت عالی بود,0
CUST00655,69.0,Female,38248.0,Rasht,Gold,Instagram,2023-12-28,2024-09-28,8,1494.71,4.2,0,قیمت مناسب و کیفیت خوب، پیشنهاد میکنم,0
CUST00656,39.0,Female,31936.0,Tehran,Bronze,Friend Referral,2021-08-22,2023-07-30,7,651.92,4.2,0,اصلا راضی نبودم، محصول آسیب دیده رسید,0
CUST00657,38.0,Other,34543.0,Tabriz,Silver,Friend Referral,2023-02-18,2023-03-10,12,435.21,3.2,0,عالی بود، حتما دوباره خرید میکنم,0
CUST00658,38.0,Male,5363.0,Isfahan,Bronze,Instagram,2023-07-12,2024-03-24,84,3732.15,3.1,0,,0
CUST00659,40.0,Male,54698.0,Tehran,Bronze,,2020-10-13,2021-11-15,4,112.45,2.9,0,اصلا راضی نبودم، محصول آسیب دیده رسید,0
CUST00660,36.0,Male,30068.0,Tehran,Gold,Instagram,2023-01-09,2024-06-20,10,625.95,5.0,0,کیفیت متوسط بود ولی ارسال سریع بود,0
CUST00661,31.0,Female,16173.0,Tehran,Bronze,Telegram,2020-07-22,2020-09-10,9,110.93,4.9,0,اصلا راضی نبودم، محصول آسیب دیده رسید,0
CUST00662,31.0,,63167.0,Isfahan,Bronze,Friend Referral,2022-05-26,2023-08-15,7,207.85,4.1,0,پشتیبانی ضعیف بود اما محصول خوب بود,0
CUST00663,38.0,Female,53200.0,Tehran,Silver,Instagram,2020-05-07,2023-11-21,8,174.22,3.2,0,کیفیت متوسط بود ولی ارسال سریع بود,1
CUST00664,31.0,Male,29840.0,Bandar Abbas,Gold,Email Campaign,2020-10-30,2023-02-03,12,347.97,3.9,1,,0
CUST00665,29.0,Other,18191.0,Isfahan,Bronze,Email Campaign,2020-09-12,2022-04-29,4,195.05,5.0,0,اصلا راضی نبودم، محصول آسیب دیده رسید,0
CUST00666,39.0,Male,40409.0,Tehran,Bronze,Friend Referral,2022-12-21,2024-09-16,6,18.85,3.7,0,بسته بندی بد بود ولی محصول سالم بود,1
CUST00667,35.0,Male,39099.0,Tehran,Bronze,Google Ads,2019-10-30,2024-10-28,9,291.34,3.5,0,قیمت مناسب و کیفیت خوب، پیشنهاد میکنم,1
CUST00668,56.0,Male,63234.0,Ahvaz,Silver,Instagram,2023-08-08,2024-04-25,10,269.79,,1,عالی بود، حتما دوباره خرید میکنم,0
CUST00669,,Male,27827.0,Tehran,Bronze,Google Ads,2019-01-08,2021-12-15,17,1368.41,3.9,0,پشتیبانی ضعیف بود اما محصول خوب بود,1
CUST00670,51.0,Female,74381.0,Yazd,Silver,Google Ads,2023-03-08,2024-08-06,9,165.2,4.6,0,قیمت مناسب و کیفیت خوب، پیشنهاد میکنم,0
CUST00671,53.0,Male,26261.0,Sanandaj,Bronze,Friend Referral,2024-01-22,2024-05-17,7,345.41,2.6,0,پشتیبانی ضعیف بود اما محصول خوب بود,0
CUST00672,13.0,Female,16196.0,Tehran,Bronze,,2021-11-07,2024-12-22,4,145.37,4.2,1,عالی بود، حتما دوباره خرید میکنم,0
CUST00673,34.0,Female,18410.0,Shiraz,Platinum,Telegram,2021-11-22,2024-01-05,13,1099.63,3.6,1,پشتیبانی ضعیف بود اما محصول خوب بود,0
CUST00674,34.0,Female,34981.0,Tehran,Bronze,Email Campaign,2019-08-10,2024-10-10,7,537.24,3.7,0,,0
CUST00675,21.0,Female,34916.0,Qom,Silver,Telegram,2021-08-28,2024-04-26,8,978.05,4.6,0,کیفیت متوسط بود ولی ارسال سریع بود,0
CUST00676,29.0,Male,44210.0,Mashhad,Bronze,Friend Referral,2022-02-15,2023-03-18,7,606.67,3.2,0,کیفیت متوسط بود ولی ارسال سریع بود,0
CUST00677,25.0,Female,,Isfahan,Silver,Email Campaign,2024-01-24,2024-07-12,9,467.98,4.2,0,کیفیت متوسط بود ولی ارسال سریع بود,0
CUST00678,,Female,65277.0,Tehran,Silver,Friend Referral,2024-02-10,2024-03-07,8,584.96,4.4,1,,0
CUST00679,49.0,Male,31050.0,Qom,Bronze,Email Campaign,2019-11-23,2021-11-02,12,404.67,4.5,1,خیلی راضی بودم از خرید، کیفیت عالی بود,0
CUST00680,53.0,Female,10962.0,Mashhad,Bronze,Google Ads,2019-04-01,2023-01-25,9,406.12,4.6,0,,0
CUST00681,47.0,Male,33770.0,Tehran,Bronze,Instagram,2022-05-01,2024-10-15,7,326.39,4.5,1,اصلا راضی نبودم، محصول آسیب دیده رسید,0
CUST00682,24.0,Male,10894.0,Qom,Silver,Email Campaign,2022-02-18,2023-07-31,8,153.99,4.6,0,خیلی راضی بودم از خرید، کیفیت عالی بود,0
CUST00683,32.0,Female,42738.0,Tabriz,Gold,Telegram,2019-08-14,2021-06-28,9,742.83,3.5,0,اصلا راضی نبودم، محصول آسیب دیده رسید,0
CUST00684,44.0,Female,68481.0,Yazd,Silver,Email Campaign,2021-10-26,2023-06-30,6,627.25,5.0,0,کیفیت متوسط بود ولی ارسال سریع بود,0
CUST00685,23.0,Male,20096.0,Tehran,Silver,Email Campaign,2019-08-03,2020-02-04,8,294.12,3.3,0,قیمت مناسب و کیفیت خوب، پیشنهاد میکنم,0
CUST00686,47.0,Female,85062.0,Rasht,Bronze,Instagram,2019-09-25,2021-08-20,4,156.0,4.4,0,قیمت مناسب و کیفیت خوب، پیشنهاد میکنم,0
CUST00687,35.0,Female,60216.0,Qom,Bronze,Friend Referral,2019-08-06,2024-12-30,9,215.56,3.6,0,کیفیت متوسط بود ولی ارسال سریع بود,1
CUST00688,34.0,Female,74898.0,Tehran,Bronze,Google Ads,2019-05-07,2019-08-16,6,84.98,2.9,0,عالی بود، حتما دوباره خرید میکنم,1
CUST00689,47.0,Male,40690.0,Karaj,Bronze,Telegram,2024-03-07,2024-07-07,3,202.8,3.7,0,اصلا راضی نبودم، محصول آسیب دیده رسید,0
CUST00690,,Female,20017.0,Shiraz,Bronze,Direct,2024-02-01,2024-03-25,8,120.98,4.0,1,قیمت مناسب و کیفیت خوب، پیشنهاد میکنم,0
CUST00691,34.0,Male,58017.0,Zahedan,Silver,Google Ads,2022-08-22,2023-05-31,12,171.79,5.0,1,عالی بود، حتما دوباره خرید میکنم,1
CUST00692,52.0,Female,24965.0,Tehran,Silver,Telegram,2023-07-22,2023-11-15,4,258.56,5.0,0,خیلی راضی بودم از خرید، کیفیت عالی بود,0
CUST00693,25.0,Male,38977.0,Qom,Platinum,Direct,2022-09-04,2024-05-11,11,518.53,4.0,0,اصلا راضی نبودم، محصول آسیب دیده رسید,0
CUST00694,45.0,Male,32767.0,Mashhad,Bronze,Instagram,2020-12-08,2022-06-17,13,882.37,3.1,1,اصلا راضی نبودم، محصول آسیب دیده رسید,1
CUST00695,45.0,Female,71312.0,Sanandaj,Silver,Direct,2021-09-12,2022-01-03,7,150.34,3.2,1,قیمت مناسب و کیفیت خوب، پیشنهاد میکنم,1
CUST00696,34.0,Male,56286.0,Isfahan,Gold,Telegram,2019-11-11,2022-03-14,10,1327.68,4.6,0,خیلی راضی بودم از خرید، کیفیت عالی بود,1
CUST00697,42.0,Male,34602.0,Sanandaj,Silver,Email Campaign,2023-01-29,2024-07-24,6,112.21,4.6,0,خیلی راضی بودم از خرید، کیفیت عالی بود,0
CUST00698,23.0,Male,11260.0,Urmia,Bronze,Google Ads,2024-05-12,2024-10-22,5,134.81,3.7,0,اصلا راضی نبودم، محصول آسیب دیده رسید,0
CUST00699,150.0,Female,24807.0,Isfahan,Bronze,Instagram,2020-07-02,2023-03-05,11,245.05,3.3,0,خیلی راضی بودم از خرید، کیفیت عالی بود,0
CUST00700,36.0,Male,55411.0,Kerman,Bronze,Friend Referral,2024-05-30,2024-12-04,8,1041.68,4.8,0,کیفیت متوسط بود ولی ارسال سریع بود,0
CUST00701,32.0,Female,42962.0,Bandar Abbas,Bronze,Instagram,2023-09-05,2024-06-23,8,240.56,3.2,1,کیفیت متوسط بود ولی ارسال سریع بود,0
CUST00702,51.0,Male,14736.0,Isfahan,Gold,,2021-02-17,2024-06-19,8,138.69,3.8,0,قیمت مناسب و کیفیت خوب، پیشنهاد میکنم,1
CUST00703,30.0,Male,12284.0,Shiraz,Bronze,Instagram,2020-03-18,2021-01-03,8,1431.66,4.4,0,خیلی راضی بودم از خرید، کیفیت عالی بود,1
CUST00704,21.0,Male,40835.0,Tabriz,Bronze,Direct,2019-09-22,2024-12-14,5,582.07,2.7,0,پشتیبانی ضعیف بود اما محصول خوب بود,1
CUST00705,19.0,Female,19260.0,Isfahan,Gold,Friend Referral,2019-08-16,2020-05-02,10,943.08,4.8,0,عالی بود، حتما دوباره خرید میکنم,0
CUST00706,45.0,Male,20405.0,Tehran,Gold,Google Ads,2023-01-18,2023-08-12,8,896.04,5.0,1,,0
CUST00707,23.0,Male,54370.0,Tehran,Silver,Instagram,2020-06-07,2021-12-22,9,161.84,4.2,0,عالی بود، حتما دوباره خرید میکنم,0
CUST00708,59.0,Other,74708.0,Isfahan,Silver,Telegram,2019-10-06,2019-11-23,9,1101.52,4.1,1,پشتیبانی ضعیف بود اما محصول خوب بود,1
CUST00709,13.0,Female,23146.0,Shiraz,Bronze,Telegram,2023-11-22,2023-11-27,4,139.26,4.1,0,قیمت مناسب و کیفیت خوب، پیشنهاد میکنم,0
CUST00710,58.0,Male,35353.0,Tehran,Bronze,Google Ads,2020-10-05,2021-10-18,10,535.4,4.3,0,کیفیت متوسط بود ولی ارسال سریع بود,0
CUST00711,41.0,Male,34733.0,Yazd,Bronze,Email Campaign,2019-07-25,2023-06-11,7,283.98,3.6,0,کیفیت متوسط بود ولی ارسال سریع بود,1
CUST00712,37.0,Female,32908.0,Karaj,Silver,Google Ads,2020-07-02,2021-02-10,8,831.27,3.3,0,کیفیت متوسط بود ولی ارسال سریع بود,0
CUST00713,31.0,Male,37211.0,Tehran,Platinum,Friend Referral,2021-11-11,2024-09-22,4,10.87,3.9,0,خیلی راضی بودم از خرید، کیفیت عالی بود,0
CUST00714,43.0,Male,57177.0,Qom,Bronze,Friend Referral,2022-11-11,2024-08-28,12,187.85,,0,عالی بود، حتما دوباره خرید میکنم,0
CUST00715,38.0,Female,24237.0,Qom,Silver,Instagram,2023-03-27,2023-07-14,4,447.48,3.4,1,عالی بود، حتما دوباره خرید میکنم,0
CUST00716,51.0,Female,14543.0,Sanandaj,Bronze,Email Campaign,2021-06-13,2023-06-06,5,121.43,3.2,1,خیلی راضی بودم از خرید، کیفیت عالی بود,1
CUST00717,39.0,Female,100108.0,Tehran,Silver,Google Ads,2019-04-27,2023-03-19,7,709.2,3.8,0,قیمت مناسب و کیفیت خوب، پیشنهاد میکنم,1
CUST00718,40.0,Male,69818.0,Tehran,Bronze,Instagram,2019-06-02,2022-09-09,12,278.95,3.2,0,قیمت مناسب و کیفیت خوب، پیشنهاد میکنم,1
CUST00719,34.0,Male,18729.0,Zahedan,Bronze,Google Ads,2019-06-03,2022-03-04,11,371.46,4.6,1,پشتیبانی ضعیف بود اما محصول خوب بود,1
CUST00720,37.0,Female,39394.0,Zahedan,Gold,Telegram,2021-01-14,2022-12-12,11,1537.8,1.7,0,پشتیبانی ضعیف بود اما محصول خوب بود,0
CUST00721,42.0,Male,66597.0,Karaj,Silver,Friend Referral,2024-02-14,2024-09-14,7,508.67,,0,خیلی راضی بودم از خرید، کیفیت عالی بود,0
CUST00722,17.0,Female,56921.0,Rasht,Silver,Telegram,2019-05-05,2020-03-05,9,430.05,5.0,0,پشتیبانی ضعیف بود اما محصول خوب بود,0
CUST00723,22.0,Female,47916.0,Tehran,Bronze,Instagram,2020-10-10,2023-05-26,4,243.39,3.9,0,پشتیبانی ضعیف بود اما محصول خوب بود,1
CUST00724,47.0,Male,32790.0,Tabriz,Bronze,Google Ads,2019-08-02,2022-03-12,9,782.19,4.2,0,قیمت مناسب و کیفیت خوب، پیشنهاد میکنم,0
CUST00725,40.0,Other,102373.0,Tehran,Bronze,Direct,2021-12-12,2023-08-24,9,411.43,4.0,0,اصلا راضی نبودم، محصول آسیب دیده رسید,0
CUST00726,36.0,Female,41461.0,Tehran,Gold,Instagram,2021-06-09,2023-02-28,12,773.69,3.7,1,بسته بندی بد بود ولی محصول سالم بود,0
CUST00727,38.0,Female,26663.0,Kerman,Platinum,Email Campaign,2021-04-19,2023-09-12,13,2357.52,4.9,0,عالی بود، حتما دوباره خرید میکنم,0
CUST00728,42.0,Male,61245.0,Tehran,Silver,Instagram,2023-03-18,2024-11-13,10,167.38,3.7,0,قیمت مناسب و کیفیت خوب، پیشنهاد میکنم,0
CUST00729,32.0,Male,38470.0,Shiraz,Bronze,Email Campaign,2021-02-04,2022-08-13,2,94.83,,0,خیلی راضی بودم از خرید، کیفیت عالی بود,0
CUST00730,120.0,Female,44796.0,Zahedan,Gold,Google Ads,2022-11-09,2023-01-14,5,140.08,4.6,0,اصلا راضی نبودم، محصول آسیب دیده رسید,0
CUST00731,40.0,Male,41023.0,Tehran,Silver,Telegram,2022-10-09,2023-03-13,10,196.14,2.7,1,,0
CUST00732,26.0,,48926.0,Sanandaj,Silver,Instagram,2019-07-15,2021-10-26,8,376.11,3.9,0,خیلی راضی بودم از خرید، کیفیت عالی بود,0
CUST00733,43.0,Male,20190.0,Bandar Abbas,Bronze,Instagram,2019-01-20,2019-08-13,4,79.91,3.7,1,اصلا راضی نبودم، محصول آسیب دیده رسید,0
CUST00734,18.0,Female,15204.0,Tabriz,Gold,Instagram,2020-07-15,2022-09-08,11,191.56,3.9,0,کیفیت متوسط بود ولی ارسال سریع بود,0
CUST00735,50.0,Male,85861.0,Tehran,Silver,Instagram,2019-03-10,2019-08-11,7,269.22,3.8,1,اصلا راضی نبودم، محصول آسیب دیده رسید,1
CUST00736,44.0,Female,42182.0,Isfahan,Gold,Google Ads,2020-11-14,2023-11-16,3,189.33,4.4,0,خیلی راضی بودم از خرید، کیفیت عالی بود,1
CUST00737,41.0,Male,57671.0,Mashhad,Gold,Friend Referral,2021-12-08,2024-11-14,7,417.04,4.9,1,خیلی راضی بودم از خرید، کیفیت عالی بود,0
CUST00738,50.0,Male,12634.0,Isfahan,Bronze,Telegram,2023-11-19,2024-08-15,9,351.81,4.4,0,قیمت مناسب و کیفیت خوب، پیشنهاد میکنم,0
CUST00739,58.0,Male,68872.0,Isfahan,Gold,Direct,2022-01-20,2023-08-27,10,122.57,3.9,0,عالی بود، حتما دوباره خرید میکنم,1
CUST00740,50.0,Female,26559.0,Sanandaj,Gold,Telegram,2021-01-06,2022-12-14,8,92.44,4.5,1,قیمت مناسب و کیفیت خوب، پیشنهاد میکنم,0
CUST00741,16.0,Male,335820.0,Tehran,Bronze,Telegram,2020-07-07,2021-01-01,12,657.75,4.6,1,قیمت مناسب و کیفیت خوب، پیشنهاد میکنم,0
CUST00742,23.0,Female,34961.0,Karaj,Bronze,Friend Referral,2023-09-04,2023-10-21,10,248.77,4.4,1,,0
CUST00743,31.0,Female,20195.0,Tehran,Bronze,Friend Referral,2023-04-09,2023-06-19,10,494.58,4.8,0,کیفیت متوسط بود ولی ارسال سریع بود,0
CUST00744,38.0,Male,36278.0,Ahvaz,Silver,Friend Referral,2019-11-23,2020-03-14,9,402.4,2.5,0,خیلی راضی بودم از خرید، کیفیت عالی بود,1
CUST00745,44.0,Female,33463.0,Urmia,Bronze,Email Campaign,2021-09-07,2023-10-03,9,56.64,4.1,0,کیفیت متوسط بود ولی ارسال سریع بود,0
CUST00746,29.0,Male,1029195.0,Isfahan,Silver,Google Ads,2019-12-07,2022-05-21,8,906.26,,0,,1
CUST00747,40.0,Other,90040.0,Tehran,Bronze,Instagram,2023-05-04,2023-10-09,5,56.97,3.1,1,پشتیبانی ضعیف بود اما محصول خوب بود,0
CUST00748,29.0,Female,88337.0,Qom,Gold,Telegram,2021-09-07,2023-11-01,9,310.92,4.3,0,خیلی راضی بودم از خرید، کیفیت عالی بود,0
CUST00749,31.0,Male,9333.0,Karaj,Bronze,Instagram,2023-05-31,2023-06-29,5,68.69,4.7,0,پشتیبانی ضعیف بود اما محصول خوب بود,0
CUST00750,21.0,Male,20721.0,Qom,Bronze,Email Campaign,2023-08-10,2023-11-14,6,146.34,3.9,1,بسته بندی بد بود ولی محصول سالم بود,0
CUST00751,27.0,Male,9275.0,Isfahan,Silver,Email Campaign,2021-04-12,2021-12-18,8,215.34,4.6,1,خیلی راضی بودم از خرید، کیفیت عالی بود,0
CUST00752,22.0,,17745.0,Isfahan,Silver,Instagram,2022-06-19,2023-11-19,6,174.81,4.8,0,پشتیبانی ضعیف بود اما محصول خوب بود,0
CUST00753,26.0,Male,,Sanandaj,Bronze,Instagram,2021-04-01,2024-04-20,14,494.7,5.0,0,اصلا راضی نبودم، محصول آسیب دیده رسید,0
CUST00754,51.0,Female,46460.0,Zahedan,Bronze,Friend Referral,2021-05-18,2021-09-07,10,1298.34,4.9,1,قیمت مناسب و کیفیت خوب، پیشنهاد میکنم,0
CUST00755,120.0,Male,26583.0,Shiraz,Bronze,Telegram,2020-07-01,2021-03-16,9,170.31,5.0,0,قیمت مناسب و کیفیت خوب، پیشنهاد میکنم,0
CUST00756,70.0,Other,27031.0,Yazd,Gold,Google Ads,2024-04-13,2024-07-28,10,647.11,3.8,1,,0
CUST00757,44.0,Male,40500.0,Shiraz,Gold,Direct,2023-02-15,2024-09-11,7,656.69,3.8,0,قیمت مناسب و کیفیت خوب، پیشنهاد میکنم,0
CUST00758,40.0,Female,13022.0,Mashhad,Silver,Telegram,2023-06-20,2024-07-13,12,719.62,2.4,0,قیمت مناسب و کیفیت خوب، پیشنهاد میکنم,0
CUST00759,28.0,Female,21957.0,Tehran,Gold,Google Ads,2023-09-19,2024-09-10,9,964.66,3.4,1,اصلا راضی نبودم، محصول آسیب دیده رسید,0
CUST00760,46.0,Female,,Mashhad,Gold,Instagram,2020-08-30,2024-01-04,5,301.88,5.0,1,خیلی راضی بودم از خرید، کیفیت عالی بود,1
CUST00761,31.0,Male,32163.0,Tabriz,Bronze,Direct,2022-08-16,2023-10-16,6,354.56,3.7,0,پشتیبانی ضعیف بود اما محصول خوب بود,0
CUST00762,39.0,Male,38032.0,Tehran,Platinum,Instagram,2020-03-09,2024-04-18,9,860.95,4.4,0,خیلی راضی بودم از خرید، کیفیت عالی بود,0
CUST00763,69.0,Male,89357.0,Shiraz,Gold,Email Campaign,2022-02-23,2024-06-30,7,372.28,4.3,0,اصلا راضی نبودم، محصول آسیب دیده رسید,0
CUST00764,37.0,Female,62630.0,Rasht,Bronze,Friend Referral,2021-02-10,2023-08-16,11,1035.66,5.0,0,کیفیت متوسط بود ولی ارسال سریع بود,0
CUST00765,52.0,Male,22889.0,Qom,Bronze,Telegram,2019-05-18,2023-09-30,4,212.2,2.7,1,اصلا راضی نبودم، محصول آسیب دیده رسید,0
CUST00766,30.0,Female,31045.0,Ahvaz,Bronze,Email Campaign,2024-02-09,2024-12-13,8,744.05,4.3,1,کیفیت متوسط بود ولی ارسال سریع بود,0
CUST00767,,Male,29802.0,Urmia,Bronze,Email Campaign,2020-01-20,2024-04-29,4,486.58,4.3,1,,0
CUST00768,59.0,Female,26676.0,Tehran,Gold,Google Ads,2019-11-10,2021-07-28,9,280.16,3.5,0,کیفیت متوسط بود ولی ارسال سریع بود,1
CUST00769,30.0,Other,641490.0,Tabriz,Silver,Instagram,2019-03-31,2020-01-01,9,247.67,4.8,1,قیمت مناسب و کیفیت خوب، پیشنهاد میکنم,1
CUST00770,60.0,Female,11898.0,Rasht,Gold,Direct,2023-06-03,2024-11-16,7,749.14,3.1,0,قیمت مناسب و کیفیت خوب، پیشنهاد میکنم,0
CUST00771,,Male,61601.0,Tabriz,Gold,Friend Referral,2020-02-15,2020-03-16,9,825.84,4.8,0,عالی بود، حتما دوباره خرید میکنم,0
CUST00772,31.0,Male,100321.0,Isfahan,Silver,Instagram,2020-08-27,2021-04-30,7,52.37,2.6,0,اصلا راضی نبودم، محصول آسیب دیده رسید,0
CUST00773,,Male,30887.0,Tehran,Silver,Email Campaign,2022-12-14,2024-01-28,12,599.03,3.5,1,عالی بود، حتما دوباره خرید میکنم,0
CUST00774,50.0,Male,30527.0,Urmia,Bronze,Instagram,2023-07-06,2023-08-01,11,1529.7,4.0,0,خیلی راضی بودم از خرید، کیفیت عالی بود,0
CUST00775,45.0,Female,39904.0,Shiraz,Bronze,Instagram,2022-08-02,2022-10-13,7,109.1,4.3,0,پشتیبانی ضعیف بود اما محصول خوب بود,1
CUST00776,19.0,Female,66945.0,Yazd,Silver,Instagram,2020-05-14,2023-06-08,9,122.13,,0,خیلی راضی بودم از خرید، کیفیت عالی بود,1
CUST00777,29.0,Other,29894.0,Ahvaz,Bronze,Telegram,2022-11-09,2024-09-11,11,260.64,4.8,0,,0
CUST00778,35.0,Male,63600.0,Qom,Bronze,Telegram,2020-01-22,2023-10-22,9,265.36,4.6,1,کیفیت متوسط بود ولی ارسال سریع بود,0
CUST00779,37.0,Female,48684.0,Kerman,Gold,Google Ads,2023-02-18,2024-06-07,8,72.13,5.0,0,اصلا راضی نبودم، محصول آسیب دیده رسید,0
CUST00780,45.0,Female,149787.0,Qom,Silver,Google Ads,2022-05-29,2023-03-24,4,63.1,4.6,1,اصلا راضی نبودم، محصول آسیب دیده رسید,0
CUST00781,40.0,Female,29816.0,Mashhad,Bronze,Google Ads,2024-03-31,2024-10-28,10,81.73,3.6,0,عالی بود، حتما دوباره خرید میکنم,0
CUST00782,22.0,Male,11097.0,Tabriz,Silver,Telegram,2021-04-16,2024-04-19,10,487.15,3.4,0,خیلی راضی بودم از خرید، کیفیت عالی بود,0
CUST00783,43.0,Male,15371.0,Kerman,Gold,Instagram,2022-08-03,2023-09-07,9,431.68,3.8,1,پشتیبانی ضعیف بود اما محصول خوب بود,0
CUST00784,45.0,Female,36576.0,Mashhad,Bronze,Email Campaign,2019-07-06,2021-04-20,11,1184.3,5.0,0,بسته بندی بد بود ولی محصول سالم بود,0
CUST00785,45.0,Female,67287.0,Mashhad,Bronze,Google Ads,2023-05-18,2023-06-20,8,413.54,4.1,0,خیلی راضی بودم از خرید، کیفیت عالی بود,0
CUST00786,51.0,Other,24551.0,Tehran,Platinum,,2020-05-29,2021-10-08,9,574.75,4.2,0,بسته بندی بد بود ولی محصول سالم بود,1
CUST00787,48.0,Male,31617.0,Urmia,Bronze,Instagram,2022-08-11,2024-12-05,10,687.6,5.0,0,خیلی راضی بودم از خرید، کیفیت عالی بود,0
CUST00788,44.0,Male,54770.0,Tehran,Bronze,Direct,2021-04-11,2024-12-22,4,72.9,,0,عالی بود، حتما دوباره خرید میکنم,0
CUST00789,37.0,Female,20350.0,Qom,Silver,Google Ads,2022-08-23,2022-11-28,11,178.76,4.5,0,بسته بندی بد بود ولی محصول سالم بود,0
CUST00790,18.0,Female,25166.0,Mashhad,Gold,Instagram,2023-02-15,2024-02-15,12,168.49,4.5,0,بسته بندی بد بود ولی محصول سالم بود,0
CUST00791,43.0,Male,18022.0,Mashhad,Bronze,Email Campaign,2022-06-30,2024-06-27,8,235.25,4.8,0,قیمت مناسب و کیفیت خوب، پیشنهاد میکنم,0
CUST00792,40.0,Female,73640.0,Qom,Bronze,Email Campaign,2023-12-16,2024-01-12,7,191.92,4.7,0,عالی بود، حتما دوباره خرید میکنم,0
CUST00793,41.0,,91583.0,Tehran,Bronze,Friend Referral,2024-01-03,2024-07-21,5,220.11,,0,خیلی راضی بودم از خرید، کیفیت عالی بود,0
CUST00794,23.0,Other,14078.0,Ahvaz,Platinum,Direct,2022-05-13,2023-06-02,10,725.71,3.1,0,اصلا راضی نبودم، محصول آسیب دیده رسید,1
CUST00795,25.0,Male,33346.0,Rasht,Bronze,Telegram,2021-08-07,2022-05-06,8,510.21,3.7,0,کیفیت متوسط بود ولی ارسال سریع بود,1
CUST00796,51.0,Female,,Kerman,Silver,Email Campaign,2020-04-06,2022-07-10,6,163.26,4.7,0,اصلا راضی نبودم، محصول آسیب دیده رسید,0
CUST00797,38.0,Female,46130.0,Tehran,Platinum,Google Ads,2023-08-22,2023-12-26,4,93.16,5.0,0,,0
CUST00798,46.0,Male,27077.0,Urmia,Bronze,Friend Referral,2024-03-01,2024-09-18,10,258.64,3.2,0,خیلی راضی بودم از خرید، کیفیت عالی بود,0
CUST00799,38.0,Female,14361.0,Qom,Platinum,Friend Referral,2023-03-01,2024-08-02,6,172.85,3.2,0,بسته بندی بد بود ولی محصول سالم بود,0
CUST00800,38.0,Female,72531.0,Urmia,Platinum,Google Ads,2022-06-08,2023-03-21,7,74.78,3.0,0,پشتیبانی ضعیف بود اما محصول خوب بود,1
CUST00801,,Female,45085.0,Shiraz,Gold,Email Campaign,2022-01-24,2023-04-18,7,365.62,3.6,0,عالی بود، حتما دوباره خرید میکنم,1
CUST00802,32.0,Male,15006.0,Tabriz,Bronze,Instagram,2021-10-01,2024-10-16,11,1535.36,,0,عالی بود، حتما دوباره خرید میکنم,0
CUST00803,39.0,Female,74157.0,Urmia,Silver,Instagram,2024-02-22,2024-03-11,11,464.62,5.0,1,,0
CUST00804,32.0,Female,13902.0,Urmia,Gold,Telegram,2023-03-16,2024-10-28,5,218.61,2.6,0,خیلی راضی بودم از خرید، کیفیت عالی بود,1
CUST00805,33.0,Male,31815.0,Shiraz,Platinum,Telegram,2023-03-28,2023-07-12,6,347.41,3.3,1,قیمت مناسب و کیفیت خوب، پیشنهاد میکنم,1
CUST00806,,Female,30984.0,Isfahan,Bronze,Instagram,2019-08-19,2023-09-08,6,92.26,3.1,0,اصلا راضی نبودم، محصول آسیب دیده رسید,1
CUST00807,41.0,Female,95897.0,Mashhad,Gold,Google Ads,2023-01-26,2023-12-02,7,167.52,,0,خیلی راضی بودم از خرید، کیفیت عالی بود,0
CUST00808,32.0,Female,31051.0,Mashhad,Bronze,Email Campaign,2019-02-24,2020-04-10,8,209.06,3.9,0,اصلا راضی نبودم، محصول آسیب دیده رسید,0
CUST00809,53.0,Male,30984.0,Isfahan,Bronze,Google Ads,2020-02-11,2022-02-21,7,103.05,3.8,0,پشتیبانی ضعیف بود اما محصول خوب بود,0
CUST00810,27.0,Female,16029.0,Isfahan,Silver,Telegram,2019-08-09,2021-04-23,9,1086.53,4.5,0,کیفیت متوسط بود ولی ارسال سریع بود,1
CUST00811,36.0,Male,24730.0,Yazd,Gold,Direct,2022-12-27,2024-12-27,9,640.03,2.8,0,قیمت مناسب و کیفیت خوب، پیشنهاد میکنم,1
CUST00812,33.0,Male,22239.0,Tehran,Silver,Friend Referral,2021-05-11,2023-02-04,9,672.79,3.7,1,اصلا راضی نبودم، محصول آسیب دیده رسید,0
CUST00813,55.0,Female,22945.0,Qom,Silver,Email Campaign,2021-05-21,2022-09-30,11,348.56,5.0,0,خیلی راضی بودم از خرید، کیفیت عالی بود,0
CUST00814,120.0,Male,36453.0,Tehran,Platinum,Direct,2023-06-04,2024-02-02,14,649.35,5.0,0,پشتیبانی ضعیف بود اما محصول خوب بود,0
CUST00815,50.0,Female,8430.0,Mashhad,Bronze,Friend Referral,2022-03-23,2024-02-10,7,206.59,5.0,0,پشتیبانی ضعیف بود اما محصول خوب بود,0
CUST00816,20.0,Male,14674.0,Tehran,Silver,Telegram,2022-01-21,2023-08-20,5,174.94,4.4,0,بسته بندی بد بود ولی محصول سالم بود,0
CUST00817,41.0,Male,33975.0,Isfahan,Bronze,Telegram,2022-11-26,2023-12-10,9,395.15,3.6,1,کیفیت متوسط بود ولی ارسال سریع بود,1
CUST00818,49.0,Male,39056.0,Rasht,Bronze,Telegram,2019-04-27,2020-09-22,11,403.25,4.2,1,اصلا راضی نبودم، محصول آسیب دیده رسید,0
CUST00819,39.0,,31569.0,Urmia,Silver,Email Campaign,2022-12-31,2023-07-25,7,304.39,5.0,0,اصلا راضی نبودم، محصول آسیب دیده رسید,0
CUST00820,51.0,Female,35437.0,Tehran,Platinum,Google Ads,2022-07-08,2023-08-05,5,46.78,3.7,0,عالی بود، حتما دوباره خرید میکنم,0
CUST00821,32.0,Female,28411.0,Shiraz,Silver,Google Ads,2020-07-23,2023-06-02,14,219.38,5.0,0,اصلا راضی نبودم، محصول آسیب دیده رسید,0
CUST00822,55.0,Male,35915.0,Shiraz,Gold,Instagram,2022-01-15,2024-01-02,14,411.93,2.4,0,قیمت مناسب و کیفیت خوب، پیشنهاد میکنم,1
CUST00823,66.0,Male,47122.0,Yazd,Bronze,Instagram,2021-04-07,2021-10-25,9,303.55,4.5,1,کیفیت متوسط بود ولی ارسال سریع بود,0
CUST00824,34.0,,46924.0,Rasht,Bronze,Instagram,2020-03-05,2020-07-02,12,404.66,,0,خیلی راضی بودم از خرید، کیفیت عالی بود,0
CUST00825,-5.0,Male,24020.0,Tabriz,Silver,Email Campaign,2020-06-27,2021-07-20,10,623.93,4.4,1,خیلی راضی بودم از خرید، کیفیت عالی بود,1
CUST00826,55.0,Male,62885.0,Qom,Bronze,Telegram,2024-01-27,2024-02-20,12,601.51,4.4,1,,0
CUST00827,57.0,Female,39905.0,Yazd,Bronze,Telegram,2023-10-12,2024-08-18,8,446.47,,0,پشتیبانی ضعیف بود اما محصول خوب بود,0
CUST00828,32.0,Male,76064.0,Tehran,Silver,Telegram,2022-02-26,2022-10-17,10,257.81,4.5,0,اصلا راضی نبودم، محصول آسیب دیده رسید,0
CUST00829,33.0,Female,85796.0,Mashhad,Bronze,Email Campaign,2020-10-30,2022-06-23,8,144.5,3.9,1,قیمت مناسب و کیفیت خوب، پیشنهاد میکنم,1
CUST00830,35.0,Female,15281.0,Urmia,Bronze,Friend Referral,2021-06-05,2023-05-17,11,395.92,3.9,0,کیفیت متوسط بود ولی ارسال سریع بود,0
CUST00831,22.0,Male,21689.0,Karaj,Silver,Email Campaign,2020-05-21,2023-01-27,9,608.37,3.1,0,,1
CUST00832,27.0,Male,59168.0,Tabriz,Silver,Google Ads,2020-12-09,2024-03-26,8,938.61,4.6,0,عالی بود، حتما دوباره خرید میکنم,0
CUST00833,26.0,Male,13374.0,Tabriz,Platinum,Email Campaign,2022-04-18,2024-08-21,14,370.26,5.0,0,عالی بود، حتما دوباره خرید میکنم,0
CUST00834,29.0,Female,85145.0,Mashhad,Silver,Telegram,2023-10-04,2024-10-05,10,1171.34,5.0,0,خیلی راضی بودم از خرید، کیفیت عالی بود,1
CUST00835,38.0,Female,,Tabriz,Silver,Google Ads,2020-02-18,2020-05-03,7,114.38,3.5,0,پشتیبانی ضعیف بود اما محصول خوب بود,1
CUST00836,41.0,Male,51278.0,Qom,Platinum,Telegram,2021-03-31,2023-01-08,9,92.01,2.9,1,بسته بندی بد بود ولی محصول سالم بود,1
CUST00837,57.0,Male,33866.0,Mashhad,Gold,Friend Referral,2022-06-07,2024-03-17,8,263.4,4.4,1,پشتیبانی ضعیف بود اما محصول خوب بود,1
CUST00838,,Female,15750.0,Karaj,Bronze,Instagram,2021-06-10,2022-10-18,10,181.37,3.3,0,اصلا راضی نبودم، محصول آسیب دیده رسید,1
CUST00839,50.0,Female,68414.0,Yazd,Bronze,Telegram,2020-12-17,2024-04-24,10,230.93,4.5,0,پشتیبانی ضعیف بود اما محصول خوب بود,1
CUST00840,35.0,Male,189176.0,Tehran,Silver,Google Ads,2024-01-01,2024-11-13,10,795.4,2.6,0,پشتیبانی ضعیف بود اما محصول خوب بود,1
CUST00841,37.0,Male,26662.0,Shiraz,Silver,Instagram,2019-04-10,2020-10-10,6,446.11,4.9,0,اصلا راضی نبودم، محصول آسیب دیده رسید,1
CUST00842,46.0,Male,29929.0,Mashhad,Gold,Email Campaign,2020-05-18,2022-02-22,12,602.74,4.2,0,خیلی راضی بودم از خرید، کیفیت عالی بود,0
CUST00843,25.0,Female,7410.0,Qom,Gold,Telegram,2022-07-29,2023-03-06,6,284.06,2.8,1,پشتیبانی ضعیف بود اما محصول خوب بود,1
CUST00844,,,81708.0,Tehran,Silver,Email Campaign,2019-05-13,2021-09-04,4,91.1,4.3,0,عالی بود، حتما دوباره خرید میکنم,0
CUST00845,40.0,Male,62759.0,Qom,Platinum,Telegram,2019-03-28,2024-12-26,14,509.24,4.2,1,بسته بندی بد بود ولی محصول سالم بود,1
CUST00846,44.0,Female,12835.0,Yazd,Silver,Google Ads,2020-05-31,2021-08-23,13,412.82,4.5,1,کیفیت متوسط بود ولی ارسال سریع بود,0
CUST00847,41.0,Male,10520.0,Mashhad,Bronze,Friend Referral,2020-02-21,2020-04-22,9,113.99,4.7,0,,1
CUST00848,67.0,Male,11276.0,Urmia,Gold,Telegram,2019-05-10,2019-06-22,10,1312.29,2.4,0,خیلی راضی بودم از خرید، کیفیت عالی بود,1
CUST00849,30.0,Male,53482.0,Bandar Abbas,Bronze,,2019-04-30,2023-08-28,4,129.8,3.8,0,بسته بندی بد بود ولی محصول سالم بود,0
CUST00850,32.0,Female,56783.0,Tehran,Gold,Google Ads,2021-10-01,2023-07-21,8,134.89,4.0,1,خیلی راضی بودم از خرید، کیفیت عالی بود,0
CUST00851,31.0,Female,20869.0,Tehran,Platinum,Email Campaign,2022-07-25,2024-07-21,4,45.83,3.9,0,اصلا راضی نبودم، محصول آسیب دیده رسید,0
CUST00852,31.0,Female,,Sanandaj,Silver,Email Campaign,2023-02-08,2023-03-26,6,350.14,3.9,0,خیلی راضی بودم از خرید، کیفیت عالی بود,0
CUST00853,30.0,Male,39948.0,Sanandaj,Silver,Telegram,2019-12-15,2022-03-13,11,1362.33,4.8,1,پشتیبانی ضعیف بود اما محصول خوب بود,1
CUST00854,52.0,Male,29133.0,Tehran,Silver,Email Campaign,2021-10-20,2024-09-01,5,753.96,2.9,0,اصلا راضی نبودم، محصول آسیب دیده رسید,1
CUST00855,55.0,Male,64998.0,Tehran,Bronze,Google Ads,2022-12-25,2024-10-11,11,420.59,3.9,1,,0
CUST00856,,Female,17624.0,Tehran,Bronze,,2019-04-02,2022-07-12,7,227.27,4.0,0,قیمت مناسب و کیفیت خوب، پیشنهاد میکنم,1
CUST00857,28.0,Male,72296.0,Bandar Abbas,Silver,Direct,2023-12-09,2024-02-10,12,532.39,4.0,1,اصلا راضی نبودم، محصول آسیب دیده رسید,0
CUST00858,44.0,Female,23456.0,Tehran,Gold,Instagram,2024-04-02,2024-07-29,5,218.11,3.4,0,اصلا راضی نبودم، محصول آسیب دیده رسید,0
CUST00859,31.0,Male,105759.0,Shiraz,Silver,Email Campaign,2019-05-02,2023-12-18,3,18.77,5.0,1,خیلی راضی بودم از خرید، کیفیت عالی بود,1
CUST00860,46.0,Male,19867.0,Yazd,Bronze,Friend Referral,2021-11-26,2022-05-22,8,234.84,4.8,0,کیفیت متوسط بود ولی ارسال سریع بود,0
CUST00861,40.0,Male,29409.0,Tehran,Silver,Friend Referral,2021-08-19,2024-06-02,9,472.92,5.0,0,پشتیبانی ضعیف بود اما محصول خوب بود,1
CUST00862,,Male,37615.0,Ahvaz,Gold,Telegram,2020-04-06,2024-01-01,6,362.98,4.5,0,قیمت مناسب و کیفیت خوب، پیشنهاد میکنم,0
CUST00863,57.0,Male,37474.0,Isfahan,Silver,Instagram,2021-05-23,2024-05-09,5,318.58,4.6,1,خیلی راضی بودم از خرید، کیفیت عالی بود,1
CUST00864,60.0,Male,48752.0,Yazd,Silver,Friend Referral,2021-10-20,2024-04-07,5,215.8,4.1,0,قیمت مناسب و کیفیت خوب، پیشنهاد میکنم,1
CUST00865,31.0,Female,16791.0,Isfahan,Gold,Email Campaign,2023-05-06,2024-07-16,9,145.55,5.0,1,خیلی راضی بودم از خرید، کیفیت عالی بود,1
CUST00866,33.0,Female,35512.0,Qom,Silver,Instagram,2021-02-24,2022-04-25,7,262.3,4.5,0,قیمت مناسب و کیفیت خوب، پیشنهاد میکنم,0
CUST00867,41.0,Male,39454.0,Qom,Silver,Google Ads,2022-04-14,2024-12-06,6,579.92,4.0,1,بسته بندی بد بود ولی محصول سالم بود,0
CUST00868,42.0,Male,26459.0,Tehran,Gold,Instagram,2024-04-19,2024-08-21,9,498.5,5.0,0,کیفیت متوسط بود ولی ارسال سریع بود,0
CUST00869,46.0,Male,46279.0,Tehran,Bronze,Friend Referral,2023-07-01,2024-10-28,10,335.46,3.2,0,,0
CUST00870,62.0,Male,16190.0,Mashhad,Platinum,Direct,2021-11-11,2023-02-13,6,959.47,3.6,1,,0
CUST00871,36.0,Male,29856.0,Isfahan,Bronze,Direct,2023-10-03,2024-10-13,8,359.02,5.0,0,اصلا راضی نبودم، محصول آسیب دیده رسید,0
CUST00872,28.0,Female,23112.0,Kerman,Bronze,Email Campaign,2022-10-12,2023-01-21,6,222.07,4.6,0,قیمت مناسب و کیفیت خوب، پیشنهاد میکنم,0
CUST00873,21.0,Male,29910.0,Kerman,Gold,Telegram,2021-03-02,2024-01-04,3,202.97,2.3,0,قیمت مناسب و کیفیت خوب، پیشنهاد میکنم,1
CUST00874,29.0,Male,86528.0,Shiraz,Bronze,Google Ads,2021-05-10,2023-05-27,11,161.91,4.8,0,کیفیت متوسط بود ولی ارسال سریع بود,0
CUST00875,38.0,Male,,Ahvaz,Gold,Email Campaign,2022-02-26,2022-04-17,5,162.09,3.4,0,,1
CUST00876,60.0,Male,77827.0,Ahvaz,Gold,Direct,2022-06-14,2023-04-18,7,263.68,3.7,0,,0
CUST00877,32.0,Female,27519.0,Kerman,Gold,Telegram,2022-04-15,2022-05-18,13,113.26,5.0,0,عالی بود، حتما دوباره خرید میکنم,0
CUST00878,,Male,62603.0,Mashhad,Platinum,Telegram,2019-12-14,2024-06-29,7,336.26,,0,پشتیبانی ضعیف بود اما محصول خوب بود,0
CUST00879,38.0,Male,38848.0,Isfahan,Bronze,Email Campaign,2024-04-28,2024-12-20,5,301.43,5.0,1,اصلا راضی نبودم، محصول آسیب دیده رسید,0
CUST00880,52.0,Female,37323.0,Isfahan,Gold,Direct,2020-04-29,2024-09-27,5,135.33,3.7,0,,1
CUST00881,68.0,Male,34668.0,Tabriz,Bronze,Google Ads,2020-05-05,2022-01-29,3,210.15,3.9,0,پشتیبانی ضعیف بود اما محصول خوب بود,1
CUST00882,32.0,Female,104303.0,Shiraz,Silver,Direct,2022-11-22,2023-06-14,5,435.05,4.3,1,پشتیبانی ضعیف بود اما محصول خوب بود,0
CUST00883,32.0,Female,82413.0,Shiraz,Gold,Instagram,2022-12-31,2023-03-10,9,850.38,4.7,0,عالی بود، حتما دوباره خرید میکنم,0
CUST00884,51.0,Male,56780.0,Tehran,Bronze,Google Ads,2024-04-12,2024-11-27,7,116.69,3.9,0,عالی بود، حتما دوباره خرید میکنم,1
CUST00885,46.0,Female,32788.0,Karaj,Silver,Friend Referral,2021-05-11,2022-10-25,10,466.83,5.0,0,کیفیت متوسط بود ولی ارسال سریع بود,0
CUST00886,60.0,Male,37188.0,Tehran,Silver,Instagram,2019-04-07,2022-09-22,6,389.71,4.4,1,کیفیت متوسط بود ولی ارسال سریع بود,1
CUST00887,45.0,Female,49928.0,Tehran,Silver,Instagram,2020-09-08,2021-05-16,10,465.71,5.0,0,پشتیبانی ضعیف بود اما محصول خوب بود,0
CUST00888,34.0,Male,26557.0,Mashhad,Platinum,Instagram,2021-01-05,2021-05-19,11,911.42,3.6,0,قیمت مناسب و کیفیت خوب، پیشنهاد میکنم,0
CUST00889,45.0,Male,63767.0,Tehran,Bronze,Telegram,2022-05-23,2022-08-20,8,395.57,3.8,0,پشتیبانی ضعیف بود اما محصول خوب بود,0
CUST00890,51.0,Female,20895.0,Ahvaz,Silver,Direct,2021-11-01,2023-09-20,11,178.08,4.3,0,اصلا راضی نبودم، محصول آسیب دیده رسید,1
CUST00891,48.0,Female,45941.0,Mashhad,Gold,,2021-03-16,2024-10-27,7,587.2,3.8,1,اصلا راضی نبودم، محصول آسیب دیده رسید,0
CUST00892,44.0,,9193.0,Shiraz,Silver,Google Ads,2019-01-19,2020-02-29,10,454.87,,1,خیلی راضی بودم از خرید، کیفیت عالی بود,0
CUST00893,51.0,Female,26098.0,Tabriz,Bronze,Telegram,2021-12-19,2022-03-30,7,838.29,4.8,1,پشتیبانی ضعیف بود اما محصول خوب بود,0
CUST00894,,Male,126324.0,Tehran,Silver,Email Campaign,2019-04-15,2023-01-28,8,130.27,3.9,0,خیلی راضی بودم از خرید، کیفیت عالی بود,1
CUST00895,55.0,Male,67624.0,Tehran,Bronze,Instagram,2023-04-30,2024-10-08,9,415.07,4.6,1,پشتیبانی ضعیف بود اما محصول خوب بود,0
CUST00896,46.0,Male,91243.0,Urmia,Bronze,Direct,2021-07-28,2024-10-09,5,569.23,5.0,0,بسته بندی بد بود ولی محصول سالم بود,0
CUST00897,36.0,Female,24334.0,Shiraz,Gold,Direct,2022-08-05,2023-09-12,7,351.8,4.8,0,کیفیت متوسط بود ولی ارسال سریع بود,0
CUST00898,40.0,Male,38649.0,Mashhad,Silver,Instagram,2024-05-29,2024-07-13,13,948.4,4.6,0,خیلی راضی بودم از خرید، کیفیت عالی بود,0
CUST00899,52.0,Female,78370.0,Tehran,Platinum,Email Campaign,2020-08-17,2023-06-08,4,356.71,5.0,1,خیلی راضی بودم از خرید، کیفیت عالی بود,0
CUST00900,28.0,Male,53096.0,Shiraz,Gold,Direct,2020-06-08,2023-07-25,9,396.8,5.0,1,اصلا راضی نبودم، محصول آسیب دیده رسید,0
CUST00901,42.0,Male,49273.0,Tabriz,Silver,Instagram,2023-10-06,2024-09-12,9,190.18,5.0,0,کیفیت متوسط بود ولی ارسال سریع بود,0
CUST00902,33.0,Male,96601.0,Tabriz,Bronze,Instagram,2022-07-30,2024-03-26,7,556.37,4.0,1,قیمت مناسب و کیفیت خوب، پیشنهاد میکنم,0
CUST00903,38.0,Female,19452.0,Karaj,Silver,Instagram,2019-10-14,2023-02-09,9,342.95,4.7,1,قیمت مناسب و کیفیت خوب، پیشنهاد میکنم,0
CUST00904,53.0,Female,32515.0,Tehran,Bronze,Google Ads,2022-04-12,2022-04-14,8,46.52,3.9,0,اصلا راضی نبودم، محصول آسیب دیده رسید,1
CUST00905,40.0,Female,12677.0,Isfahan,Platinum,Friend Referral,2021-10-07,2024-05-05,6,600.03,4.1,1,,0
CUST00906,39.0,Male,18825.0,Kerman,Bronze,Friend Referral,2024-05-03,2024-12-19,7,908.5,4.4,0,عالی بود، حتما دوباره خرید میکنم,0
CUST00907,22.0,Female,69183.0,Zahedan,Bronze,Google Ads,2022-12-28,2024-09-10,8,208.11,3.1,1,کیفیت متوسط بود ولی ارسال سریع بود,0
CUST00908,47.0,Male,314160.0,Tehran,Silver,Email Campaign,2019-01-17,2022-07-20,12,511.49,4.4,1,عالی بود، حتما دوباره خرید میکنم,1
CUST00909,46.0,Female,56462.0,Shiraz,Bronze,Google Ads,2023-12-19,2024-12-13,2,274.2,3.6,0,خیلی راضی بودم از خرید، کیفیت عالی بود,0
CUST00910,64.0,Female,98232.0,Tehran,Bronze,Instagram,2019-04-03,2023-05-31,8,923.11,3.3,1,کیفیت متوسط بود ولی ارسال سریع بود,1
CUST00911,34.0,Male,32638.0,Tehran,Silver,Google Ads,2024-01-11,2024-08-17,6,390.54,4.7,0,قیمت مناسب و کیفیت خوب، پیشنهاد میکنم,0
CUST00912,41.0,Female,49609.0,Isfahan,Bronze,Friend Referral,2019-07-06,2024-12-30,5,540.68,3.9,1,کیفیت متوسط بود ولی ارسال سریع بود,1
CUST00913,41.0,Female,56726.0,Tehran,Bronze,Friend Referral,2022-04-06,2022-09-25,6,217.05,4.3,0,خیلی راضی بودم از خرید، کیفیت عالی بود,1
CUST00914,57.0,Male,17450.0,Karaj,Bronze,Google Ads,2020-12-07,2022-12-12,8,98.84,3.9,1,کیفیت متوسط بود ولی ارسال سریع بود,1
CUST00915,37.0,Female,25088.0,Tabriz,Gold,Instagram,2023-05-29,2024-06-21,12,1126.21,3.7,0,عالی بود، حتما دوباره خرید میکنم,0
CUST00916,41.0,Male,19887.0,Tehran,Silver,Direct,2021-07-04,2022-11-17,7,291.11,4.2,1,خیلی راضی بودم از خرید، کیفیت عالی بود,0
CUST00917,45.0,Male,26317.0,Tehran,Silver,,2022-03-26,2023-10-23,7,66.56,3.1,0,,1
CUST00918,40.0,Male,55808.0,Kerman,Silver,Google Ads,2019-01-30,2024-01-16,5,134.08,4.0,1,,1
CUST00919,33.0,Male,25410.0,Tehran,Bronze,Google Ads,2023-08-25,2024-04-29,7,245.19,5.0,0,خیلی راضی بودم از خرید، کیفیت عالی بود,0
CUST00920,40.0,Female,35558.0,Ahvaz,Platinum,Telegram,2022-03-16,2022-11-30,6,230.28,,0,اصلا راضی نبودم، محصول آسیب دیده رسید,0
CUST00921,51.0,Male,19429.0,Isfahan,Bronze,Direct,2020-11-27,2021-04-06,12,279.52,5.0,0,کیفیت متوسط بود ولی ارسال سریع بود,0
CUST00922,26.0,Female,75800.0,Ahvaz,Silver,Google Ads,2020-08-11,2023-09-21,11,193.42,5.0,1,خیلی راضی بودم از خرید، کیفیت عالی بود,0
CUST00923,40.0,Male,26185.0,Isfahan,Gold,Email Campaign,2024-04-18,2024-11-14,3,24.86,3.6,0,خیلی راضی بودم از خرید، کیفیت عالی بود,0
CUST00924,30.0,Other,90562.0,Tehran,Gold,Telegram,2019-05-02,2022-12-25,12,95.36,4.3,0,کیفیت متوسط بود ولی ارسال سریع بود,1
CUST00925,52.0,Female,37668.0,Tehran,Bronze,Friend Referral,2019-12-23,2023-06-19,2,81.79,3.2,1,خیلی راضی بودم از خرید، کیفیت عالی بود,1
CUST00926,20.0,Female,15612.0,Tehran,Bronze,Telegram,2019-07-03,2020-11-01,10,514.15,3.1,1,خیلی راضی بودم از خرید، کیفیت عالی بود,1
CUST00927,31.0,Male,32774.0,Mashhad,Gold,,2019-05-31,2023-04-05,8,137.55,4.2,0,قیمت مناسب و کیفیت خوب، پیشنهاد میکنم,0
CUST00928,43.0,Male,19194.0,Qom,Bronze,Direct,2019-05-07,2024-09-14,5,532.42,4.4,0,اصلا راضی نبودم، محصول آسیب دیده رسید,1
CUST00929,57.0,Male,51721.0,Isfahan,Gold,Instagram,2022-02-18,2022-12-27,10,304.16,3.7,0,عالی بود، حتما دوباره خرید میکنم,1
CUST00930,37.0,Female,31045.0,Tehran,Gold,Google Ads,2020-04-01,2020-06-18,7,269.38,3.3,1,کیفیت متوسط بود ولی ارسال سریع بود,1
CUST00931,31.0,Female,40052.0,Tabriz,Gold,Friend Referral,2022-01-25,2022-07-23,4,146.7,3.6,1,پشتیبانی ضعیف بود اما محصول خوب بود,0
CUST00932,61.0,Male,29097.0,Ahvaz,Bronze,Google Ads,2020-08-22,2023-05-22,13,86.62,4.7,1,عالی بود، حتما دوباره خرید میکنم,0
CUST00933,21.0,Male,26025.0,Sanandaj,Gold,Direct,2020-08-28,2022-07-03,12,1001.28,4.7,1,خیلی راضی بودم از خرید، کیفیت عالی بود,0
CUST00934,12.0,Female,20248.0,Ahvaz,Silver,Email Campaign,2023-12-23,2024-07-11,8,512.69,4.5,0,قیمت مناسب و کیفیت خوب، پیشنهاد میکنم,0
CUST00935,43.0,Male,59978.0,Shiraz,Gold,Direct,2023-06-18,2023-07-01,12,1306.06,,0,قیمت مناسب و کیفیت خوب، پیشنهاد میکنم,0
CUST00936,32.0,Female,32732.0,Tabriz,Bronze,,2022-09-23,2023-05-26,4,416.42,3.3,0,بسته بندی بد بود ولی محصول سالم بود,0
CUST00937,-5.0,Female,30067.0,Zahedan,Bronze,Google Ads,2022-05-25,2022-06-07,7,409.47,5.0,0,پشتیبانی ضعیف بود اما محصول خوب بود,0
CUST00938,47.0,Female,32243.0,Kerman,Bronze,Email Campaign,2023-09-06,2023-12-13,6,403.8,5.0,1,اصلا راضی نبودم، محصول آسیب دیده رسید,0
CUST00939,41.0,Male,24166.0,Isfahan,Bronze,Direct,2024-02-17,2024-03-20,12,193.39,3.7,0,,0
CUST00940,31.0,Male,30127.0,Tehran,Silver,Google Ads,2023-05-03,2024-07-11,8,244.7,4.0,1,قیمت مناسب و کیفیت خوب، پیشنهاد میکنم,0
CUST00941,23.0,Female,41084.0,Isfahan,Platinum,Direct,2020-08-18,2021-05-01,8,291.85,3.1,1,اصلا راضی نبودم، محصول آسیب دیده رسید,1
CUST00942,48.0,Other,19526.0,Shiraz,Bronze,Instagram,2022-12-11,2023-01-13,9,245.4,4.5,1,,0
CUST00943,46.0,Male,,Karaj,Gold,Direct,2023-10-10,2023-10-28,9,921.98,5.0,0,پشتیبانی ضعیف بود اما محصول خوب بود,0
CUST00944,37.0,Male,83031.0,Shiraz,Bronze,Friend Referral,2024-05-06,2024-10-04,3,143.15,4.8,0,خیلی راضی بودم از خرید، کیفیت عالی بود,0
CUST00945,60.0,Female,29212.0,Tehran,Bronze,Google Ads,2020-03-20,2023-09-24,5,107.69,5.0,0,عالی بود، حتما دوباره خرید میکنم,0
CUST00946,25.0,Female,26084.0,Karaj,Bronze,Telegram,2024-01-22,2024-07-03,6,588.0,3.8,0,اصلا راضی نبودم، محصول آسیب دیده رسید,0
CUST00947,20.0,Female,16215.0,Kerman,Bronze,Telegram,2019-01-06,2024-01-29,8,391.22,3.2,0,پشتیبانی ضعیف بود اما محصول خوب بود,1
CUST00948,,,,Isfahan,Platinum,Instagram,2023-03-08,2024-04-26,15,1215.86,5.0,0,اصلا راضی نبودم، محصول آسیب دیده رسید,0
CUST00949,37.0,Male,19273.0,Qom,Bronze,Instagram,2021-04-07,2021-08-21,4,63.29,4.2,1,عالی بود، حتما دوباره خرید میکنم,1
CUST00950,41.0,Male,35984.0,Mashhad,Silver,Friend Referral,2022-03-03,2023-02-24,12,620.83,3.5,1,پشتیبانی ضعیف بود اما محصول خوب بود,0
CUST00951,35.0,Female,13031.0,Urmia,Silver,Telegram,2023-10-19,2024-05-13,6,124.04,5.0,1,قیمت مناسب و کیفیت خوب، پیشنهاد میکنم,0
CUST00952,,Female,59332.0,Yazd,Platinum,Email Campaign,2021-05-20,2023-06-12,10,497.05,3.7,0,بسته بندی بد بود ولی محصول سالم بود,0
CUST00953,23.0,Male,73579.0,Tabriz,Bronze,Email Campaign,2021-09-01,2024-10-14,11,706.56,3.3,1,کیفیت متوسط بود ولی ارسال سریع بود,1
CUST00954,55.0,Male,48568.0,Karaj,Bronze,Friend Referral,2020-01-11,2021-02-17,3,43.2,4.5,1,خیلی راضی بودم از خرید، کیفیت عالی بود,1
CUST00955,37.0,Female,14462.0,Urmia,Bronze,Direct,2021-10-20,2022-06-26,10,404.67,3.2,1,قیمت مناسب و کیفیت خوب، پیشنهاد میکنم,1
CUST00956,51.0,Male,60069.0,Shiraz,Silver,Friend Referral,2020-12-02,2022-02-20,10,157.19,4.8,0,اصلا راضی نبودم، محصول آسیب دیده رسید,1
CUST00957,42.0,Male,22106.0,Isfahan,Bronze,Direct,2023-06-25,2024-03-28,6,504.23,3.3,1,قیمت مناسب و کیفیت خوب، پیشنهاد میکنم,1
CUST00958,43.0,Female,17987.0,Rasht,Gold,Instagram,2023-11-02,2024-02-21,2,87.32,4.3,1,پشتیبانی ضعیف بود اما محصول خوب بود,0
CUST00959,45.0,Female,28852.0,Tehran,Silver,Google Ads,2019-05-26,2024-11-01,7,150.36,4.3,0,پشتیبانی ضعیف بود اما محصول خوب بود,1
CUST00960,43.0,Female,28509.0,Mashhad,Silver,Telegram,2024-04-20,2024-07-03,4,105.97,4.3,0,اصلا راضی نبودم، محصول آسیب دیده رسید,0
CUST00961,46.0,Male,26822.0,Yazd,Silver,Instagram,2022-05-19,2023-09-03,14,417.6,,1,عالی بود، حتما دوباره خرید میکنم,0
CUST00962,54.0,Female,77980.0,Karaj,Bronze,Direct,2020-05-11,2022-05-26,15,1616.14,,1,پشتیبانی ضعیف بود اما محصول خوب بود,0
CUST00963,40.0,Female,1821450.0,Mashhad,Silver,Email Campaign,2019-05-12,2020-06-06,7,275.73,5.0,1,عالی بود، حتما دوباره خرید میکنم,1
CUST00964,47.0,Female,15971.0,Tehran,Platinum,Google Ads,2023-12-20,2024-05-10,11,818.72,4.0,0,عالی بود، حتما دوباره خرید میکنم,0
CUST00965,37.0,Female,24021.0,Mashhad,Gold,Friend Referral,2021-03-23,2024-02-11,7,285.96,3.3,0,خیلی راضی بودم از خرید، کیفیت عالی بود,0
CUST00966,55.0,Male,39563.0,Isfahan,Gold,Email Campaign,2020-06-28,2020-12-25,11,177.65,3.8,0,پشتیبانی ضعیف بود اما محصول خوب بود,1
CUST00967,30.0,Male,28761.0,Tehran,Gold,Direct,2023-06-03,2024-10-30,9,236.55,3.2,1,کیفیت متوسط بود ولی ارسال سریع بود,1
CUST00968,60.0,Male,46149.0,Karaj,Bronze,Google Ads,2022-12-25,2023-09-19,11,588.42,2.6,1,عالی بود، حتما دوباره خرید میکنم,0
CUST00969,38.0,Male,62918.0,Isfahan,Bronze,Google Ads,2023-12-17,2024-08-08,8,54.01,4.0,0,,1
CUST00970,,Female,56932.0,Shiraz,Bronze,Telegram,2021-12-14,2023-06-19,8,481.39,4.2,1,کیفیت متوسط بود ولی ارسال سریع بود,0
CUST00971,40.0,Female,52357.0,Mashhad,Bronze,Telegram,2021-01-18,2022-10-12,12,281.26,4.6,1,بسته بندی بد بود ولی محصول سالم بود,0
CUST00972,30.0,Female,98268.0,Bandar Abbas,Bronze,Instagram,2021-06-12,2022-03-13,3,142.21,,0,پشتیبانی ضعیف بود اما محصول خوب بود,1
CUST00973,,Female,13997.0,Mashhad,Silver,Google Ads,2024-04-19,2024-12-05,11,299.16,4.5,0,بسته بندی بد بود ولی محصول سالم بود,0
CUST00974,30.0,Male,88262.0,Tehran,Silver,Email Campaign,2021-08-20,2021-11-13,13,890.64,4.1,0,کیفیت متوسط بود ولی ارسال سریع بود,0
CUST00975,33.0,Male,28345.0,Tehran,Gold,Telegram,2021-04-13,2024-04-03,4,172.39,5.0,0,عالی بود، حتما دوباره خرید میکنم,0
CUST00976,,Male,58167.0,Ahvaz,Gold,,2021-03-16,2022-04-23,7,467.22,3.5,0,پشتیبانی ضعیف بود اما محصول خوب بود,0
CUST00977,33.0,Male,19579.0,Ahvaz,Platinum,Direct,2021-08-22,2022-03-01,12,99.88,,1,قیمت مناسب و کیفیت خوب، پیشنهاد میکنم,0
CUST00978,9.0,Male,21055.0,Mashhad,Bronze,Email Campaign,2022-07-17,2023-05-05,8,288.28,5.0,1,عالی بود، حتما دوباره خرید میکنم,0
CUST00979,19.0,Female,54029.0,Shiraz,Bronze,Instagram,2019-11-27,2022-10-16,7,161.4,3.8,0,پشتیبانی ضعیف بود اما محصول خوب بود,1
CUST00980,47.0,,11416.0,Tehran,Silver,Direct,2022-01-25,2022-05-11,14,825.5,4.0,0,پشتیبانی ضعیف بود اما محصول خوب بود,0
CUST00981,47.0,Male,65753.0,Tabriz,Bronze,Instagram,2019-09-19,2024-11-25,8,666.85,4.4,0,کیفیت متوسط بود ولی ارسال سریع بود,1
CUST00982,43.0,Male,77341.0,Shiraz,Bronze,Telegram,2022-04-16,2023-12-28,6,487.82,4.9,0,عالی بود، حتما دوباره خرید میکنم,0
CUST00983,26.0,Female,40403.0,Tehran,Bronze,Friend Referral,2019-07-06,2020-04-06,8,893.13,4.2,1,پشتیبانی ضعیف بود اما محصول خوب بود,1
CUST00984,37.0,Male,39540.0,Tehran,Bronze,Google Ads,2022-03-01,2023-12-11,9,762.78,3.5,0,عالی بود، حتما دوباره خرید میکنم,0
CUST00985,38.0,Female,22022.0,Tehran,Silver,Email Campaign,2023-10-15,2024-01-08,6,214.58,3.8,0,اصلا راضی نبودم، محصول آسیب دیده رسید,0
CUST00986,24.0,Female,54430.0,Tehran,Silver,Email Campaign,2020-10-01,2022-04-09,5,93.25,4.5,0,اصلا راضی نبودم، محصول آسیب دیده رسید,0
CUST00987,56.0,Other,44739.0,Ahvaz,Silver,Instagram,2023-11-05,2024-01-25,10,89.91,3.9,1,خیلی راضی بودم از خرید، کیفیت عالی بود,0
CUST00988,49.0,Male,20891.0,Tehran,Silver,Telegram,2024-05-29,2024-07-31,10,179.35,3.8,0,,0
CUST00989,35.0,Female,28713.0,Isfahan,Bronze,Google Ads,2024-03-22,2024-05-15,6,44.83,3.4,0,اصلا راضی نبودم، محصول آسیب دیده رسید,0
CUST00990,38.0,Male,33004.0,Tehran,Bronze,Friend Referral,2024-04-16,2024-06-28,13,166.16,4.9,1,اصلا راضی نبودم، محصول آسیب دیده رسید,0
CUST00991,41.0,Female,28690.0,Sanandaj,Bronze,Email Campaign,2022-05-20,2024-10-20,5,252.75,4.0,0,پشتیبانی ضعیف بود اما محصول خوب بود,0
CUST00992,13.0,Male,16031.0,Yazd,Bronze,Google Ads,2022-03-07,2022-07-13,7,58.13,4.0,0,کیفیت متوسط بود ولی ارسال سریع بود,0
CUST00993,35.0,Male,55238.0,Tehran,Gold,Email Campaign,2020-12-30,2021-09-11,6,332.5,4.6,1,عالی بود، حتما دوباره خرید میکنم,1
CUST00994,30.0,Female,31379.0,Isfahan,Gold,Instagram,2022-05-05,2024-11-23,19,501.45,3.1,1,قیمت مناسب و کیفیت خوب، پیشنهاد میکنم,1
CUST00995,26.0,Female,36652.0,Tehran,Silver,Telegram,2021-12-08,2022-07-26,5,222.65,,1,بسته بندی بد بود ولی محصول سالم بود,0
CUST00996,35.0,Female,25669.0,Shiraz,Bronze,Telegram,2023-12-09,2024-04-23,11,499.38,,0,خیلی راضی بودم از خرید، کیفیت عالی بود,0
CUST00997,60.0,Female,48299.0,Tehran,Silver,Google Ads,2021-02-17,2023-06-29,11,1231.37,4.1,0,اصلا راضی نبودم، محصول آسیب دیده رسید,1
CUST00998,46.0,Female,40914.0,Qom,Silver,Google Ads,2022-03-14,2023-06-11,8,373.18,4.3,0,اصلا راضی نبودم، محصول آسیب دیده رسید,0
CUST00999,31.0,Male,,Tabriz,Silver,Email Campaign,2023-04-03,2024-03-22,13,173.76,4.2,1,,0
CUST01000,45.0,Female,48453.0,Urmia,Silver,Direct,2022-11-06,2024-07-21,4,78.26,4.8,0,کیفیت متوسط بود ولی ارسال سریع بود,0
CUST01001,55.0,Female,32157.0,Tehran,Silver,Google Ads,2021-09-22,2022-02-14,9,407.82,4.2,0,اصلا راضی نبودم، محصول آسیب دیده رسید,0
CUST01002,49.0,Female,23299.0,Kerman,Silver,Friend Referral,2021-01-11,2023-12-03,12,413.87,5.0,0,عالی بود، حتما دوباره خرید میکنم,1
CUST01003,39.0,Female,61058.0,Rasht,Gold,Instagram,2022-11-29,2023-08-15,11,515.87,4.3,1,خیلی راضی بودم از خرید، کیفیت عالی بود,0
CUST01004,30.0,Male,30652.0,Tehran,Bronze,Instagram,2019-08-07,2019-11-01,6,336.86,,0,,1
CUST01005,46.0,Female,32760.0,Mashhad,Gold,Friend Referral,2019-03-24,2021-07-13,111,2247.89,,0,,0
CUST01006,43.0,Male,32755.0,Tehran,Bronze,Instagram,2019-05-15,2024-10-06,6,344.14,4.0,0,خیلی راضی بودم از خرید، کیفیت عالی بود,0
CUST01007,49.0,Male,28539.0,Isfahan,Bronze,Email Campaign,2020-10-09,2021-06-30,5,310.35,3.7,1,پشتیبانی ضعیف بود اما محصول خوب بود,0
CUST01008,46.0,Female,33100.0,Isfahan,Platinum,Direct,2020-06-01,2024-09-13,8,379.65,3.3,1,قیمت مناسب و کیفیت خوب، پیشنهاد میکنم,1
CUST01009,51.0,Male,115350.0,Tabriz,Platinum,Email Campaign,2023-07-31,2024-08-25,7,943.05,4.4,0,کیفیت متوسط بود ولی ارسال سریع بود,0
CUST01010,32.0,Female,19367.0,Mashhad,Bronze,Telegram,2022-10-10,2023-05-29,4,37.17,3.8,0,کیفیت متوسط بود ولی ارسال سریع بود,1
CUST01011,54.0,Male,22277.0,Zahedan,Silver,Email Campaign,2020-07-27,2023-01-13,5,619.24,,0,عالی بود، حتما دوباره خرید میکنم,0
CUST01012,40.0,Male,83333.0,Tehran,Bronze,Telegram,2020-11-10,2022-06-20,11,352.17,3.7,0,کیفیت متوسط بود ولی ارسال سریع بود,0
CUST01013,63.0,Female,29002.0,Sanandaj,Silver,Telegram,2021-08-23,2022-11-12,16,365.71,3.8,0,قیمت مناسب و کیفیت خوب، پیشنهاد میکنم,1
CUST01014,30.0,Female,27712.0,Tehran,Gold,,2021-01-23,2024-03-20,11,647.61,4.7,0,پشتیبانی ضعیف بود اما محصول خوب بود,0
CUST01015,59.0,Female,67570.0,Rasht,Platinum,Telegram,2023-06-12,2024-03-08,7,185.53,4.4,1,خیلی راضی بودم از خرید، کیفیت عالی بود,0
CUST01016,40.0,Female,15489.0,Isfahan,Silver,Instagram,2021-04-09,2024-04-25,17,1353.76,4.0,0,بسته بندی بد بود ولی محصول سالم بود,0
CUST01017,30.0,Female,59449.0,Tehran,Bronze,Direct,2022-07-18,2023-10-26,9,281.53,4.5,1,کیفیت متوسط بود ولی ارسال سریع بود,0
CUST01018,32.0,Male,37323.0,Yazd,Silver,Email Campaign,2022-12-11,2023-05-29,10,872.21,4.0,1,کیفیت متوسط بود ولی ارسال سریع بود,1
CUST01019,34.0,Male,47996.0,Isfahan,Bronze,Direct,2021-11-21,2022-03-28,10,171.75,4.2,0,پشتیبانی ضعیف بود اما محصول خوب بود,0
CUST01020,43.0,Male,47459.0,Qom,Platinum,Telegram,2019-04-01,2024-08-24,7,369.89,3.6,0,خیلی راضی بودم از خرید، کیفیت عالی بود,1
CUST01021,44.0,Female,24915.0,Tabriz,Gold,Telegram,2022-10-25,2022-11-19,14,299.91,3.6,1,پشتیبانی ضعیف بود اما محصول خوب بود,0
CUST01022,31.0,Female,,Shiraz,Silver,,2019-06-08,2020-12-31,10,542.84,4.2,1,عالی بود، حتما دوباره خرید میکنم,1
CUST01023,38.0,Male,26106.0,Shiraz,Bronze,Instagram,2020-03-23,2021-08-15,7,79.34,4.2,0,کیفیت متوسط بود ولی ارسال سریع بود,0
CUST01024,64.0,Female,46412.0,Karaj,Bronze,Telegram,2023-04-07,2024-08-06,10,123.08,4.8,0,اصلا راضی نبودم، محصول آسیب دیده رسید,1
CUST01025,59.0,Female,76316.0,Tehran,Bronze,Google Ads,2019-04-05,2021-11-09,8,248.43,4.4,1,کیفیت متوسط بود ولی ارسال سریع بود,1
CUST01026,43.0,Male,83062.0,Qom,Gold,Telegram,2019-03-10,2020-04-18,17,1528.36,,0,عالی بود، حتما دوباره خرید میکنم,0
CUST01027,38.0,Male,30937.0,Urmia,Silver,Telegram,2019-06-09,2022-04-23,8,77.61,3.2,0,خیلی راضی بودم از خرید، کیفیت عالی بود,1
CUST01028,39.0,Female,47948.0,Tehran,Bronze,Instagram,2020-03-28,2023-04-08,6,607.1,4.7,1,اصلا راضی نبودم، محصول آسیب دیده رسید,1
CUST01029,45.0,Female,29270.0,Tehran,Silver,Instagram,2022-08-21,2023-08-19,10,543.57,4.3,1,پشتیبانی ضعیف بود اما محصول خوب بود,0
CUST01030,26.0,Female,163126.0,Karaj,Gold,Telegram,2020-09-21,2024-07-12,4,340.78,4.8,1,اصلا راضی نبودم، محصول آسیب دیده رسید,1
CUST01031,,Male,57993.0,Shiraz,Bronze,Instagram,2019-08-08,2022-07-26,9,388.06,4.4,0,خیلی راضی بودم از خرید، کیفیت عالی بود,0
CUST01032,18.0,,38194.0,Mashhad,Gold,Google Ads,2023-10-09,2023-11-16,9,430.27,5.0,0,بسته بندی بد بود ولی محصول سالم بود,0
CUST01033,43.0,Male,43806.0,Tehran,Gold,Email Campaign,2024-05-04,2024-09-03,11,387.27,3.9,1,اصلا راضی نبودم، محصول آسیب دیده رسید,0
CUST01034,46.0,Male,46363.0,Shiraz,Platinum,Google Ads,2022-05-28,2023-03-15,10,322.12,4.1,1,قیمت مناسب و کیفیت خوب، پیشنهاد میکنم,0
CUST01035,32.0,,47195.0,Tehran,Bronze,Friend Referral,2024-05-11,2024-05-31,11,768.06,4.7,0,خیلی راضی بودم از خرید، کیفیت عالی بود,0
CUST01036,57.0,Male,31445.0,Shiraz,Bronze,Email Campaign,2024-03-03,2024-12-09,10,172.41,4.7,1,عالی بود، حتما دوباره خرید میکنم,0
CUST01037,23.0,Female,28664.0,Rasht,Bronze,Google Ads,2021-04-22,2021-10-29,5,212.09,4.3,0,کیفیت متوسط بود ولی ارسال سریع بود,0
CUST01038,20.0,Male,33153.0,Isfahan,Bronze,Google Ads,2020-10-27,2022-01-30,9,85.46,3.0,0,خیلی راضی بودم از خرید، کیفیت عالی بود,0
CUST01039,41.0,Female,18328.0,Shiraz,Bronze,Telegram,2022-10-20,2024-08-13,5,64.6,2.9,0,کیفیت متوسط بود ولی ارسال سریع بود,0
CUST01040,51.0,Female,55880.0,Bandar Abbas,Silver,Direct,2023-08-25,2024-09-11,4,157.22,3.8,1,بسته بندی بد بود ولی محصول سالم بود,0
CUST01041,58.0,Male,22448.0,Qom,Silver,Email Campaign,2021-01-31,2021-09-20,10,248.54,4.1,1,خیلی راضی بودم از خرید، کیفیت عالی بود,0
CUST01042,32.0,Female,19226.0,Yazd,Gold,Email Campaign,2021-07-11,2022-10-27,15,538.94,2.8,1,خیلی راضی بودم از خرید، کیفیت عالی بود,0
CUST01043,51.0,Male,36004.0,Mashhad,Bronze,Direct,2024-03-24,2024-08-16,1,19.79,4.1,0,قیمت مناسب و کیفیت خوب، پیشنهاد میکنم,0
CUST01044,38.0,Female,33588.0,Rasht,Silver,Google Ads,2020-05-21,2021-02-15,13,838.84,4.6,1,اصلا راضی نبودم، محصول آسیب دیده رسید,0
CUST01045,,Male,42183.0,Tehran,Gold,Instagram,2020-06-10,2023-08-11,10,137.96,4.1,0,,0
CUST01046,49.0,Male,25824.0,Tehran,Gold,Google Ads,2022-08-16,2023-02-02,6,758.51,4.3,0,,0
CUST01047,46.0,Male,,Tehran,Gold,Instagram,2021-02-02,2021-03-01,7,685.9,4.5,0,کیفیت متوسط بود ولی ارسال سریع بود,0
CUST01048,19.0,Male,55010.0,Mashhad,Gold,Direct,2020-12-04,2021-04-18,7,413.43,3.0,0,قیمت مناسب و کیفیت خوب، پیشنهاد میکنم,0
CUST01049,56.0,Female,53036.0,Yazd,Platinum,Telegram,2020-02-16,2022-08-28,8,95.5,,0,خیلی راضی بودم از خرید، کیفیت عالی بود,0
CUST01050,,Male,51726.0,Mashhad,Bronze,Instagram,2020-05-25,2021-07-03,11,395.83,3.6,0,اصلا راضی نبودم، محصول آسیب دیده رسید,0
CUST01051,30.0,Male,37063.0,Qom,Silver,Email Campaign,2023-03-27,2024-08-12,10,615.89,3.9,0,,0
CUST01052,43.0,Male,40189.0,Karaj,Bronze,Google Ads,2023-03-10,2023-11-05,6,492.49,3.6,0,اصلا راضی نبودم، محصول آسیب دیده رسید,0
CUST01053,44.0,Male,41700.0,Ahvaz,Bronze,Friend Referral,2019-03-12,2021-07-14,7,572.34,4.9,0,خیلی راضی بودم از خرید، کیفیت عالی بود,0
CUST01054,41.0,Female,24499.0,Mashhad,Bronze,Telegram,2019-11-21,2021-02-06,8,567.21,3.3,0,خیلی راضی بودم از خرید، کیفیت عالی بود,0
CUST01055,31.0,,87942.0,Tabriz,Bronze,Friend Referral,2019-07-06,2020-09-11,15,74.29,5.0,0,عالی بود، حتما دوباره خرید میکنم,0
CUST01056,30.0,Male,80737.0,Mashhad,Bronze,Friend Referral,2022-07-31,2023-03-15,10,178.76,5.0,1,عالی بود، حتما دوباره خرید میکنم,0
CUST01057,38.0,Female,58486.0,Tehran,Bronze,Instagram,2022-10-18,2024-03-09,10,722.62,3.0,0,اصلا راضی نبودم، محصول آسیب دیده رسید,0
CUST01058,52.0,Female,28127.0,Bandar Abbas,Bronze,Friend Referral,2024-05-18,2024-06-17,12,314.94,3.7,0,خیلی راضی بودم از خرید، کیفیت عالی بود,0
CUST01059,45.0,Male,50186.0,Tehran,Platinum,Direct,2020-08-28,2024-04-15,8,417.07,4.5,1,بسته بندی بد بود ولی محصول سالم بود,0
CUST01060,34.0,Female,65318.0,Tehran,Bronze,Email Campaign,2024-03-13,2024-04-15,10,1319.81,3.4,1,قیمت مناسب و کیفیت خوب، پیشنهاد میکنم,0
CUST01061,47.0,Female,17432.0,Yazd,Gold,Friend Referral,2023-09-22,2023-09-23,11,277.31,,1,قیمت مناسب و کیفیت خوب، پیشنهاد میکنم,0
CUST01062,4.0,Female,100379.0,Isfahan,Bronze,Friend Referral,2023-12-26,2024-12-21,5,429.98,4.2,0,,1
CUST01063,52.0,Female,12789.0,Qom,Platinum,Direct,2023-05-09,2023-11-19,7,379.4,3.6,0,خیلی راضی بودم از خرید، کیفیت عالی بود,0
CUST01064,17.0,Male,55424.0,Isfahan,Gold,Email Campaign,2019-05-29,2021-01-23,13,2231.96,4.2,0,قیمت مناسب و کیفیت خوب، پیشنهاد میکنم,0
CUST01065,34.0,Female,86853.0,Mashhad,Silver,Google Ads,2019-05-08,2024-06-13,4,217.27,4.8,1,عالی بود، حتما دوباره خرید میکنم,1
CUST01066,25.0,Female,33934.0,Isfahan,Silver,Friend Referral,2019-09-29,2023-05-22,4,106.23,4.0,0,خیلی راضی بودم از خرید، کیفیت عالی بود,1
CUST01067,22.0,Female,33181.0,Mashhad,Bronze,Direct,2023-07-30,2024-04-04,7,297.87,3.4,0,پشتیبانی ضعیف بود اما محصول خوب بود,0
CUST01068,52.0,Female,54209.0,Mashhad,Platinum,Telegram,2020-09-22,2021-02-15,7,118.64,4.9,1,قیمت مناسب و کیفیت خوب، پیشنهاد میکنم,0
CUST01069,32.0,Male,110319.0,Karaj,Gold,Instagram,2024-02-29,2024-11-08,9,620.49,5.0,1,بسته بندی بد بود ولی محصول سالم بود,0
CUST01070,42.0,,30680.0,Tabriz,Gold,Telegram,2019-10-18,2020-11-19,9,274.93,4.4,1,کیفیت متوسط بود ولی ارسال سریع بود,1
CUST01071,37.0,Female,22730.0,Zahedan,Silver,Instagram,2020-09-17,2024-06-05,5,212.51,3.4,0,عالی بود، حتما دوباره خرید میکنم,1
CUST01072,44.0,Male,28162.0,Tehran,Bronze,Friend Referral,2022-02-28,2022-07-02,127,11520.02,3.5,0,کیفیت متوسط بود ولی ارسال سریع بود,0
CUST01073,39.0,Male,14307.0,Shiraz,Gold,Friend Referral,2021-07-25,2023-08-26,11,168.46,2.4,0,اصلا راضی نبودم، محصول آسیب دیده رسید,1
CUST01074,,Female,62234.0,Ahvaz,Bronze,Email Campaign,2021-07-31,2022-09-01,6,493.63,3.7,0,کیفیت متوسط بود ولی ارسال سریع بود,0
CUST01075,50.0,Male,26677.0,Zahedan,Silver,Friend Referral,2024-05-08,2024-09-15,8,85.42,4.8,1,عالی بود، حتما دوباره خرید میکنم,0
CUST01076,32.0,Male,32048.0,Tehran,Bronze,Google Ads,2022-07-30,2024-02-11,11,424.04,3.6,0,کیفیت متوسط بود ولی ارسال سریع بود,0
CUST01077,19.0,Male,62678.0,Tabriz,Platinum,Google Ads,2023-03-10,2024-11-03,7,415.1,3.4,0,عالی بود، حتما دوباره خرید میکنم,1
CUST01078,33.0,Male,28965.0,Yazd,Bronze,Email Campaign,2021-01-04,2023-06-14,7,505.89,4.8,0,قیمت مناسب و کیفیت خوب، پیشنهاد میکنم,0
CUST01079,56.0,Male,57266.0,Tehran,Bronze,Instagram,2020-03-23,2022-06-22,8,132.48,4.9,0,عالی بود، حتما دوباره خرید میکنم,0
CUST01080,48.0,Male,19480.0,Yazd,Silver,Friend Referral,2021-12-04,2024-05-23,11,1466.31,3.7,0,کیفیت متوسط بود ولی ارسال سریع بود,0
CUST01081,34.0,Male,64552.0,Tehran,Gold,Instagram,2020-05-13,2022-12-13,3,179.87,4.5,1,خیلی راضی بودم از خرید، کیفیت عالی بود,1
CUST01082,34.0,Female,44585.0,Karaj,Silver,Direct,2019-09-24,2023-08-24,8,583.45,3.5,1,قیمت مناسب و کیفیت خوب، پیشنهاد میکنم,0
CUST01083,34.0,Female,34436.0,Zahedan,Bronze,Friend Referral,2019-05-17,2024-06-28,13,783.14,,0,قیمت مناسب و کیفیت خوب، پیشنهاد میکنم,1
CUST01084,63.0,Male,39283.0,Qom,Bronze,Google Ads,2019-09-05,2020-08-03,10,172.28,2.8,0,اصلا راضی نبودم، محصول آسیب دیده رسید,1
CUST01085,43.0,Male,16780.0,Shiraz,Gold,Google Ads,2024-04-26,2024-05-15,15,349.48,4.4,1,پشتیبانی ضعیف بود اما محصول خوب بود,0
CUST01086,43.0,Female,38747.0,Tehran,Platinum,Email Campaign,2021-02-27,2021-09-19,6,592.31,4.0,1,خیلی راضی بودم از خرید، کیفیت عالی بود,1
CUST01087,50.0,Male,33356.0,Zahedan,Gold,Telegram,2021-07-06,2024-02-16,4,403.55,3.6,0,پشتیبانی ضعیف بود اما محصول خوب بود,1
CUST01088,41.0,Male,17057.0,Shiraz,Silver,Direct,2020-09-26,2021-09-15,6,37.48,4.0,0,کیفیت متوسط بود ولی ارسال سریع بود,1
CUST01089,35.0,Male,24279.0,Tehran,Platinum,Email Campaign,2020-06-23,2023-10-02,10,684.07,,1,خیلی راضی بودم از خرید، کیفیت عالی بود,0
CUST01090,36.0,Female,33606.0,Qom,Silver,Email Campaign,2022-12-23,2023-06-29,8,304.08,3.5,0,عالی بود، حتما دوباره خرید میکنم,0
CUST01091,37.0,Female,25226.0,Shiraz,Silver,Google Ads,2020-02-19,2022-05-22,4,229.26,4.4,0,قیمت مناسب و کیفیت خوب، پیشنهاد میکنم,0
CUST01092,38.0,Female,8542.0,Tehran,Silver,,2024-02-22,2024-02-23,5,241.49,3.9,1,,0
CUST01093,,Female,69275.0,Tehran,Silver,Instagram,2022-03-19,2024-08-07,5,238.63,4.0,0,خیلی راضی بودم از خرید، کیفیت عالی بود,1
CUST01094,39.0,Female,33348.0,Tehran,Gold,Google Ads,2023-09-25,2024-11-26,13,268.46,3.1,1,خیلی راضی بودم از خرید، کیفیت عالی بود,0
CUST01095,47.0,Female,9280.0,Tabriz,Silver,Email Campaign,2019-07-29,2020-01-12,8,669.22,,0,قیمت مناسب و کیفیت خوب، پیشنهاد میکنم,0
CUST01096,37.0,Female,130742.0,Ahvaz,Bronze,Google Ads,2022-10-29,2023-10-31,4,105.54,4.0,0,کیفیت متوسط بود ولی ارسال سریع بود,0
CUST01097,39.0,Male,76484.0,Shiraz,Bronze,Google Ads,2022-02-16,2023-08-05,6,224.28,3.5,1,خیلی راضی بودم از خرید، کیفیت عالی بود,0
CUST01098,14.0,Female,29455.0,Kerman,Bronze,Google Ads,2022-12-18,2024-07-19,6,126.56,4.5,0,کیفیت متوسط بود ولی ارسال سریع بود,0
CUST01099,49.0,Female,21906.0,Yazd,Silver,Telegram,2021-09-13,2024-04-19,10,424.87,2.6,1,کیفیت متوسط بود ولی ارسال سریع بود,1
CUST01100,42.0,Female,46255.0,Ahvaz,Bronze,Friend Referral,2019-12-15,2023-12-14,10,139.92,3.8,0,کیفیت متوسط بود ولی ارسال سریع بود,0
CUST01101,50.0,Male,41003.0,Tehran,Bronze,Direct,2024-02-18,2024-09-11,7,192.49,4.3,0,عالی بود، حتما دوباره خرید میکنم,0
CUST01102,3.0,Male,50275.0,Karaj,Silver,Email Campaign,2021-11-23,2024-10-30,6,500.07,5.0,0,اصلا راضی نبودم، محصول آسیب دیده رسید,1
CUST01103,63.0,Female,21944.0,Mashhad,Silver,Telegram,2024-05-26,2024-06-26,9,145.88,3.1,1,پشتیبانی ضعیف بود اما محصول خوب بود,0
CUST01104,36.0,Female,70169.0,Tabriz,Gold,Instagram,2020-05-15,2020-09-20,10,678.93,4.2,0,خیلی راضی بودم از خرید، کیفیت عالی بود,0
CUST01105,51.0,Female,27335.0,Qom,Silver,Email Campaign,2022-05-09,2023-07-29,11,140.75,4.5,0,عالی بود، حتما دوباره خرید میکنم,0
CUST01106,26.0,Male,54637.0,Mashhad,Gold,Google Ads,2019-09-09,2021-05-14,8,199.83,4.1,0,کیفیت متوسط بود ولی ارسال سریع بود,0
CUST01107,45.0,Female,22513.0,Urmia,Platinum,Instagram,2023-11-05,2023-12-09,2,50.63,3.2,0,کیفیت متوسط بود ولی ارسال سریع بود,0
CUST01108,25.0,Female,177884.0,Tehran,Gold,Instagram,2023-06-24,2024-01-08,8,625.35,3.8,0,خیلی راضی بودم از خرید، کیفیت عالی بود,0
CUST01109,31.0,Female,55123.0,Qom,Silver,Telegram,2023-03-27,2023-06-11,1,101.53,2.4,1,اصلا راضی نبودم، محصول آسیب دیده رسید,1
CUST01110,61.0,Female,204954.0,Tehran,Bronze,Instagram,2021-12-20,2022-12-23,5,162.8,4.1,1,عالی بود، حتما دوباره خرید میکنم,0
CUST01111,36.0,Female,59669.0,Zahedan,Platinum,Instagram,2022-02-28,2024-06-09,10,138.92,3.1,0,اصلا راضی نبودم، محصول آسیب دیده رسید,0
CUST01112,41.0,Female,25929.0,Tehran,Bronze,Google Ads,2023-01-10,2024-06-18,10,285.45,4.4,0,عالی بود، حتما دوباره خرید میکنم,0
CUST01113,48.0,Female,59732.0,Tehran,Bronze,Google Ads,2021-11-20,2022-11-03,9,274.1,3.6,1,عالی بود، حتما دوباره خرید میکنم,1
CUST01114,44.0,Other,62339.0,Isfahan,Silver,Telegram,2020-09-02,2022-01-20,13,360.88,3.6,0,خیلی راضی بودم از خرید، کیفیت عالی بود,1
CUST01115,40.0,Male,45433.0,Mashhad,Bronze,Direct,2024-04-30,2024-09-07,7,266.24,4.2,1,کیفیت متوسط بود ولی ارسال سریع بود,0
CUST01116,42.0,Male,53010.0,Tehran,Platinum,Direct,2023-06-07,2024-01-30,7,147.7,4.3,0,عالی بود، حتما دوباره خرید میکنم,0
CUST01117,67.0,Female,57356.0,Ahvaz,Silver,Google Ads,2020-02-22,2023-09-17,12,175.7,4.7,0,خیلی راضی بودم از خرید، کیفیت عالی بود,0
CUST01118,37.0,Female,20006.0,Shiraz,Silver,Google Ads,2022-10-28,2024-05-26,2,14.24,3.9,1,,0
CUST01119,40.0,Female,19170.0,Tehran,Silver,,2019-09-01,2023-08-26,9,682.22,4.0,0,عالی بود، حتما دوباره خرید میکنم,0
CUST01120,51.0,Female,22550.0,Isfahan,Silver,Instagram,2020-06-16,2020-10-31,6,287.99,3.1,0,,1
CUST01121,51.0,Male,39204.0,Kerman,Bronze,Email Campaign,2023-07-08,2024-04-01,10,636.12,5.0,0,,0
CUST01122,52.0,Female,31764.0,Qom,Silver,Instagram,2021-09-10,2024-11-18,14,808.66,3.4,1,عالی بود، حتما دوباره خرید میکنم,0
CUST01123,46.0,Female,20225.0,Karaj,Gold,Email Campaign,2021-12-25,2023-08-28,12,480.95,4.6,0,پشتیبانی ضعیف بود اما محصول خوب بود,0
CUST01124,24.0,Male,57826.0,Karaj,Silver,Google Ads,2020-03-28,2024-10-26,5,189.81,4.6,1,اصلا راضی نبودم، محصول آسیب دیده رسید,0
CUST01125,58.0,Male,43037.0,Isfahan,Gold,Friend Referral,2023-06-08,2024-05-27,9,1181.84,4.4,1,خیلی راضی بودم از خرید، کیفیت عالی بود,0
CUST01126,24.0,Female,40189.0,Tehran,Bronze,Direct,2022-07-17,2024-02-14,5,140.37,3.9,1,,0
CUST01127,42.0,Male,31108.0,Isfahan,Bronze,Telegram,2022-06-25,2024-10-18,7,302.69,3.8,1,عالی بود، حتما دوباره خرید میکنم,0
CUST01128,29.0,Female,28942.0,Kerman,Bronze,Google Ads,2022-11-20,2023-10-14,14,422.02,4.1,1,قیمت مناسب و کیفیت خوب، پیشنهاد میکنم,1
CUST01129,37.0,Male,21921.0,Bandar Abbas,Bronze,Telegram,2022-06-02,2023-12-12,10,182.14,2.8,1,قیمت مناسب و کیفیت خوب، پیشنهاد میکنم,0
CUST01130,42.0,Female,63592.0,Shiraz,Gold,Direct,2022-07-23,2024-11-17,12,2028.23,4.1,0,اصلا راضی نبودم، محصول آسیب دیده رسید,0
CUST01131,42.0,Female,23811.0,Tehran,Gold,Instagram,2023-10-10,2024-10-25,8,492.8,5.0,1,عالی بود، حتما دوباره خرید میکنم,0
CUST01132,43.0,Female,41177.0,Tehran,Bronze,Instagram,2020-01-24,2023-07-01,9,221.4,3.9,0,خیلی راضی بودم از خرید، کیفیت عالی بود,1
CUST01133,57.0,Male,98440.0,Isfahan,Silver,Friend Referral,2019-11-04,2023-06-27,5,101.85,4.1,0,پشتیبانی ضعیف بود اما محصول خوب بود,1
CUST01134,,Female,29752.0,Tabriz,Gold,Instagram,2023-07-14,2023-12-06,7,474.47,3.4,1,عالی بود، حتما دوباره خرید میکنم,0
CUST01135,35.0,Male,64629.0,Tehran,Bronze,Telegram,2020-05-20,2023-08-08,11,965.46,4.2,0,خیلی راضی بودم از خرید، کیفیت عالی بود,1
CUST01136,50.0,Male,51084.0,Zahedan,Bronze,Instagram,2019-04-12,2024-03-30,8,128.08,3.6,1,بسته بندی بد بود ولی محصول سالم بود,1
CUST01137,52.0,,43778.0,Mashhad,Platinum,Friend Referral,2020-03-27,2020-08-13,8,294.16,4.7,1,بسته بندی بد بود ولی محصول سالم بود,0
CUST01138,23.0,Female,47014.0,Urmia,Silver,Instagram,2021-08-13,2023-06-06,6,258.46,4.9,0,بسته بندی بد بود ولی محصول سالم بود,0
CUST01139,45.0,Female,34305.0,Rasht,Platinum,Friend Referral,2023-07-24,2023-08-13,9,389.92,5.0,0,قیمت مناسب و کیفیت خوب، پیشنهاد میکنم,0
CUST01140,46.0,Male,37081.0,Rasht,Bronze,Instagram,2020-06-28,2023-12-27,9,448.4,3.1,0,اصلا راضی نبودم، محصول آسیب دیده رسید,1
CUST01141,34.0,Male,26138.0,Ahvaz,Gold,Instagram,2020-01-20,2020-03-23,8,271.73,4.6,1,,0
CUST01142,55.0,Male,37230.0,Ahvaz,Bronze,Instagram,2023-11-27,2024-07-01,8,312.13,4.6,1,کیفیت متوسط بود ولی ارسال سریع بود,0
CUST01143,36.0,Female,,Ahvaz,Bronze,,2020-10-27,2023-10-27,5,203.5,3.8,0,خیلی راضی بودم از خرید، کیفیت عالی بود,1
CUST01144,40.0,Female,66396.0,Ahvaz,Silver,Instagram,2024-01-27,2024-07-06,14,212.24,4.9,1,عالی بود، حتما دوباره خرید میکنم,0
CUST01145,36.0,Female,13099.0,Tabriz,Bronze,Direct,2022-08-26,2023-01-02,10,1292.79,4.4,0,پشتیبانی ضعیف بود اما محصول خوب بود,0
CUST01146,38.0,Female,48467.0,Bandar Abbas,Bronze,Instagram,2020-03-22,2021-10-23,6,423.73,5.0,0,کیفیت متوسط بود ولی ارسال سریع بود,1
CUST01147,25.0,Male,44443.0,Karaj,Bronze,Instagram,2019-10-26,2020-06-06,7,591.85,3.2,0,خیلی راضی بودم از خرید، کیفیت عالی بود,0
CUST01148,21.0,Male,42092.0,Rasht,Bronze,Friend Referral,2024-05-12,2024-07-18,11,564.22,3.6,0,,0
CUST01149,57.0,Male,67151.0,Yazd,Gold,Friend Referral,2022-03-07,2024-11-13,9,1551.39,4.2,0,عالی بود، حتما دوباره خرید میکنم,0
CUST01150,28.0,Male,30587.0,Tehran,Silver,,2019-12-31,2022-09-30,4,8.82,4.9,0,اصلا راضی نبودم، محصول آسیب دیده رسید,0
CUST01151,26.0,Male,42330.0,Tehran,Bronze,Email Campaign,2021-01-24,2024-12-01,9,399.22,4.4,1,خیلی راضی بودم از خرید، کیفیت عالی بود,0
CUST01152,12.0,Other,12966.0,Shiraz,Bronze,Direct,2022-06-09,2022-09-23,8,158.39,,0,پشتیبانی ضعیف بود اما محصول خوب بود,0
CUST01153,30.0,Male,28305.0,Tabriz,Bronze,Telegram,2022-03-01,2023-11-11,129,6065.28,5.0,0,کیفیت متوسط بود ولی ارسال سریع بود,0
CUST01154,22.0,Female,60684.0,Kerman,Silver,Friend Referral,2021-09-03,2023-12-21,9,1010.64,3.9,0,خیلی راضی بودم از خرید، کیفیت عالی بود,1
CUST01155,58.0,Male,,Shiraz,Bronze,Google Ads,2021-05-05,2024-06-04,8,533.7,3.5,0,قیمت مناسب و کیفیت خوب، پیشنهاد میکنم,0
CUST01156,50.0,,39968.0,Tabriz,Gold,Email Campaign,2021-02-11,2024-04-20,8,327.99,3.6,0,قیمت مناسب و کیفیت خوب، پیشنهاد میکنم,0
CUST01157,30.0,Female,24185.0,Tabriz,Bronze,Telegram,2021-02-21,2022-09-20,13,1561.67,3.2,0,قیمت مناسب و کیفیت خوب، پیشنهاد میکنم,0
CUST01158,65.0,Female,33976.0,Tehran,Bronze,Telegram,2020-04-28,2023-06-29,7,554.18,2.5,0,عالی بود، حتما دوباره خرید میکنم,1
CUST01159,50.0,Male,25069.0,Ahvaz,Gold,Google Ads,2019-06-01,2019-12-16,9,556.86,4.0,0,قیمت مناسب و کیفیت خوب، پیشنهاد میکنم,1
CUST01160,34.0,Female,17183.0,Kerman,Gold,Instagram,2024-04-21,2024-08-10,9,546.12,3.0,1,عالی بود، حتما دوباره خرید میکنم,0
CUST01161,8.0,Female,45780.0,Tehran,Bronze,Email Campaign,2020-01-07,2021-05-30,5,379.86,4.3,0,عالی بود، حتما دوباره خرید میکنم,0
CUST01162,65.0,Male,35251.0,Ahvaz,Gold,Google Ads,2020-12-05,2022-10-02,7,184.52,4.8,1,پشتیبانی ضعیف بود اما محصول خوب بود,0
CUST01163,21.0,Male,52448.0,Ahvaz,Silver,Friend Referral,2021-12-01,2022-02-17,12,283.52,4.4,0,خیلی راضی بودم از خرید، کیفیت عالی بود,0
CUST01164,18.0,Male,,Tehran,Gold,Instagram,2022-11-17,2024-03-12,8,144.64,4.1,1,عالی بود، حتما دوباره خرید میکنم,0
CUST01165,50.0,Female,75747.0,Tehran,Silver,Email Campaign,2022-08-06,2023-12-30,8,218.75,3.0,0,عالی بود، حتما دوباره خرید میکنم,0
CUST01166,67.0,Female,39344.0,Bandar Abbas,Silver,Instagram,2021-10-26,2022-07-02,9,1036.45,4.7,1,اصلا راضی نبودم، محصول آسیب دیده رسید,0
CUST01167,55.0,Female,77744.0,Mashhad,Platinum,Email Campaign,2022-08-05,2024-03-25,6,220.71,5.0,0,قیمت مناسب و کیفیت خوب، پیشنهاد میکنم,0
CUST01168,45.0,Male,20222.0,Tehran,Bronze,Instagram,2021-01-21,2023-02-12,7,817.45,5.0,0,کیفیت متوسط بود ولی ارسال سریع بود,1
CUST01169,45.0,Male,62654.0,Tehran,Silver,Email Campaign,2023-10-25,2024-01-20,4,102.86,3.2,1,خیلی راضی بودم از خرید، کیفیت عالی بود,0
CUST01170,48.0,Female,47841.0,Qom,Silver,Direct,2020-11-27,2023-07-29,8,721.32,4.0,1,قیمت مناسب و کیفیت خوب، پیشنهاد میکنم,0
CUST01171,47.0,Male,41767.0,Ahvaz,Bronze,Instagram,2023-02-08,2024-06-04,11,1120.29,3.9,1,خیلی راضی بودم از خرید، کیفیت عالی بود,0
CUST01172,41.0,Female,47422.0,Qom,Bronze,Telegram,2022-08-09,2024-11-21,9,429.01,3.8,0,کیفیت متوسط بود ولی ارسال سریع بود,0
CUST01173,39.0,Female,20405.0,Tehran,Bronze,Google Ads,2021-07-28,2022-01-15,6,218.04,4.1,1,قیمت مناسب و کیفیت خوب، پیشنهاد میکنم,1
CUST01174,,Male,17711.0,Urmia,Silver,Instagram,2019-08-21,2022-01-05,10,221.5,5.0,0,عالی بود، حتما دوباره خرید میکنم,0
CUST01175,29.0,Female,101306.0,Mashhad,Silver,Email Campaign,2020-07-22,2020-08-07,6,497.16,4.2,0,عالی بود، حتما دوباره خرید میکنم,0
CUST01176,35.0,Male,32819.0,Isfahan,Silver,Friend Referral,2020-10-03,2024-05-12,8,282.35,3.8,1,بسته بندی بد بود ولی محصول سالم بود,1
CUST01177,18.0,Female,32539.0,Shiraz,Bronze,Google Ads,2022-12-22,2024-01-19,9,286.88,4.3,0,قیمت مناسب و کیفیت خوب، پیشنهاد میکنم,0
CUST01178,37.0,Male,18744.0,Mashhad,Silver,Instagram,2023-10-23,2024-08-27,6,333.14,3.2,1,قیمت مناسب و کیفیت خوب، پیشنهاد میکنم,0
CUST01179,26.0,Female,14927.0,Yazd,Platinum,Google Ads,2020-12-08,2024-05-03,10,668.9,3.6,0,عالی بود، حتما دوباره خرید میکنم,0
CUST01180,25.0,Male,34441.0,Zahedan,Bronze,Email Campaign,2023-05-25,2024-01-13,6,126.97,4.8,1,پشتیبانی ضعیف بود اما محصول خوب بود,0
CUST01181,40.0,Male,29586.0,Isfahan,Silver,Google Ads,2022-01-14,2022-09-18,6,332.18,4.2,0,کیفیت متوسط بود ولی ارسال سریع بود,0
CUST01182,55.0,Female,36353.0,Yazd,Gold,,2019-11-16,2020-01-06,8,817.27,5.0,0,اصلا راضی نبودم، محصول آسیب دیده رسید,1
CUST01183,49.0,Male,38265.0,Rasht,Gold,Email Campaign,2021-03-17,2021-03-31,6,106.76,4.3,0,بسته بندی بد بود ولی محصول سالم بود,0
CUST01184,,Female,161729.0,Zahedan,Silver,Instagram,2020-12-19,2024-08-27,8,672.72,3.2,1,خیلی راضی بودم از خرید، کیفیت عالی بود,1
CUST01185,26.0,Male,29639.0,Tehran,Gold,Instagram,2023-12-29,2024-04-18,7,585.21,3.0,1,کیفیت متوسط بود ولی ارسال سریع بود,0
CUST01186,49.0,Female,,Tabriz,Bronze,Email Campaign,2023-07-07,2023-07-13,6,531.36,4.8,0,اصلا راضی نبودم، محصول آسیب دیده رسید,0
CUST01187,26.0,Male,97267.0,Isfahan,Gold,Google Ads,2021-04-18,2023-07-22,4,275.6,3.4,1,بسته بندی بد بود ولی محصول سالم بود,1
CUST01188,35.0,Female,57078.0,Kerman,Bronze,Instagram,2020-01-29,2024-12-09,11,730.29,3.3,0,خیلی راضی بودم از خرید، کیفیت عالی بود,1
CUST01189,45.0,Male,31537.0,Tehran,Bronze,Google Ads,2021-06-24,2024-12-13,8,657.39,3.7,1,پشتیبانی ضعیف بود اما محصول خوب بود,0
CUST01190,26.0,Male,16044.0,Tabriz,Bronze,Telegram,2019-12-01,2023-12-11,3,165.89,4.8,1,خیلی راضی بودم از خرید، کیفیت عالی بود,1
CUST01191,39.0,Male,48376.0,Isfahan,Gold,Direct,2022-09-04,2023-09-03,10,300.41,,0,قیمت مناسب و کیفیت خوب، پیشنهاد میکنم,0
CUST01192,22.0,Female,66922.0,Isfahan,Silver,Instagram,2023-05-10,2024-05-10,5,147.41,3.5,0,قیمت مناسب و کیفیت خوب، پیشنهاد میکنم,0
CUST01193,31.0,Male,103633.0,Qom,Bronze,Instagram,2024-04-23,2024-09-23,8,319.48,4.9,0,خیلی راضی بودم از خرید، کیفیت عالی بود,0
CUST01194,42.0,Female,20538.0,Yazd,Bronze,Email Campaign,2019-02-03,2022-09-05,9,649.82,4.8,0,بسته بندی بد بود ولی محصول سالم بود,0
CUST01195,19.0,Female,31379.0,Ahvaz,Platinum,Direct,2023-03-23,2024-11-15,94,3839.11,,1,عالی بود، حتما دوباره خرید میکنم,0
CUST01196,43.0,Male,20613.0,Yazd,Gold,Telegram,2023-10-27,2024-02-09,10,359.62,5.0,0,کیفیت متوسط بود ولی ارسال سریع بود,0
CUST01197,38.0,Female,24833.0,Isfahan,Silver,Direct,2022-04-07,2022-04-19,13,1144.34,4.8,0,خیلی راضی بودم از خرید، کیفیت عالی بود,0
CUST01198,45.0,Male,54102.0,Tabriz,Silver,Friend Referral,2020-11-16,2024-01-29,8,389.84,3.6,1,اصلا راضی نبودم، محصول آسیب دیده رسید,1
CUST01199,41.0,Male,24159.0,Shiraz,Silver,Direct,2019-09-12,2021-01-01,11,144.6,,0,عالی بود، حتما دوباره خرید میکنم,0
CUST01200,54.0,Female,22147.0,Tehran,Bronze,Google Ads,2021-02-07,2022-10-30,9,162.93,5.0,0,خیلی راضی بودم از خرید، کیفیت عالی بود,0
CUST00637,48.0,Male,55831.0,Shiraz,Bronze,Google Ads,2021-02-06,2024-05-31,3,107.16,,0,عالی بود، حتما دوباره خرید میکنم,1
CUST00684,44.0,Female,68481.0,Yazd,Silver,Email Campaign,2021-10-26,2023-06-30,6,627.25,5.0,0,کیفیت متوسط بود ولی ارسال سریع بود,0
CUST01034,46.0,Male,46363.0,Shiraz,Platinum,Google Ads,2022-05-28,2023-03-15,10,322.12,4.1,1,قیمت مناسب و کیفیت خوب، پیشنهاد میکنم,0
CUST00191,33.0,Male,32977.0,Urmia,Bronze,Friend Referral,2021-11-20,2024-05-09,4,331.16,4.5,0,خیلی راضی بودم از خرید، کیفیت عالی بود,0
CUST01084,63.0,Male,39283.0,Qom,Bronze,Google Ads,2019-09-05,2020-08-03,10,172.28,2.8,0,اصلا راضی نبودم، محصول آسیب دیده رسید,1
CUST00284,23.0,Male,18507.0,Tehran,Silver,Telegram,2023-10-21,2024-02-09,6,479.59,2.7,0,اصلا راضی نبودم، محصول آسیب دیده رسید,0
CUST00818,49.0,Male,39056.0,Rasht,Bronze,Telegram,2019-04-27,2020-09-22,11,403.25,4.2,1,اصلا راضی نبودم، محصول آسیب دیده رسید,0
CUST00315,54.0,Female,9735.0,Mashhad,Bronze,Friend Referral,2022-11-20,2024-12-21,10,403.36,4.6,0,خیلی راضی بودم از خرید، کیفیت عالی بود,1
CUST00538,-5.0,Male,19140.0,Isfahan,Gold,Friend Referral,2020-03-29,2021-10-19,9,566.93,5.0,0,خیلی راضی بودم از خرید، کیفیت عالی بود,0
CUST00665,29.0,Other,18191.0,Isfahan,Bronze,Email Campaign,2020-09-12,2022-04-29,4,195.05,5.0,0,اصلا راضی نبودم، محصول آسیب دیده رسید,0
CUST00240,48.0,Male,21457.0,Zahedan,Silver,Instagram,2022-06-04,2024-03-29,9,375.56,4.1,1,پشتیبانی ضعیف بود اما محصول خوب بود,0
CUST00136,57.0,Male,21989.0,Urmia,Bronze,Email Campaign,2023-01-02,2023-07-09,14,254.77,4.8,0,کیفیت متوسط بود ولی ارسال سریع بود,0
CUST00336,36.0,Male,20087.0,Ahvaz,Bronze,Instagram,2022-09-06,2023-04-05,10,642.96,4.4,1,قیمت مناسب و کیفیت خوب، پیشنهاد میکنم,0
CUST00190,20.0,Male,18478.0,Tehran,Silver,Email Campaign,2022-11-04,2024-10-05,5,215.12,4.2,0,,1
CUST00839,50.0,Female,68414.0,Yazd,Bronze,Telegram,2020-12-17,2024-04-24,10,230.93,4.5,0,پشتیبانی ضعیف بود اما محصول خوب بود,1
